Channel Id,Channel Url,Channel Title
UC-0kTRFR6xEwI4lah9CzFHA,http://www.youtube.com/channel/UC-0kTRFR6xEwI4lah9CzFHA,Max Kolo
UC-0kjvCj9Z_pL_yH648Uq7w,http://www.youtube.com/channel/UC-0kjvCj9Z_pL_yH648Uq7w,The Iron Snail
UC-0nEIC-FugrulWEeAvufHw,http://www.youtube.com/channel/UC-0nEIC-FugrulWEeAvufHw,にす
UC-1nOxnkYlLbLyb1L0km3OA,http://www.youtube.com/channel/UC-1nOxnkYlLbLyb1L0km3OA,ZappahVideo
UC-24483CtyVfhJ-XxRfPr8Q,http://www.youtube.com/channel/UC-24483CtyVfhJ-XxRfPr8Q,Polenar Tactical
UC-2Y8dQb0S6DtpxNgAKoJKA,http://www.youtube.com/channel/UC-2Y8dQb0S6DtpxNgAKoJKA,PlayStation
UC-2YHgc363EdcusLIBbgxzg,http://www.youtube.com/channel/UC-2YHgc363EdcusLIBbgxzg,Joe Scott
UC-2dITC2dWU1cimozDS2xAg,http://www.youtube.com/channel/UC-2dITC2dWU1cimozDS2xAg,HORIZON
UC-2wnBgTMRwgwkAkHq4V2rg,http://www.youtube.com/channel/UC-2wnBgTMRwgwkAkHq4V2rg,ProsafiaGaming
UC-3zxRLVASeo5-Ujx_1f-iw,http://www.youtube.com/channel/UC-3zxRLVASeo5-Ujx_1f-iw,SlashedPort
UC-4d4hlqh_zk3iM-NhHvSRQ,http://www.youtube.com/channel/UC-4d4hlqh_zk3iM-NhHvSRQ,RBXgg - Roblox
UC-5nO_9_zRAMUxHemQAXkww,http://www.youtube.com/channel/UC-5nO_9_zRAMUxHemQAXkww,Endy
UC-71I3qt1d35IYL5XC-0LZw,http://www.youtube.com/channel/UC-71I3qt1d35IYL5XC-0LZw,100 Questions with Tom Simons
UC-7hlIE5Q5fftRA0uqNOjXw,http://www.youtube.com/channel/UC-7hlIE5Q5fftRA0uqNOjXw,Spaceman Scott
UC-7nELDbJEPF3muAzSeT74g,http://www.youtube.com/channel/UC-7nELDbJEPF3muAzSeT74g,Disrupt
UC-8BAEcWSEs4-KQp1ULVnaQ,http://www.youtube.com/channel/UC-8BAEcWSEs4-KQp1ULVnaQ,Classic Tetris
UC-8Bmzwbff3o1hvC8-elF-g,http://www.youtube.com/channel/UC-8Bmzwbff3o1hvC8-elF-g,CJTheseGames
UC-9AkzWv6djSyGzxWvGXcXA,http://www.youtube.com/channel/UC-9AkzWv6djSyGzxWvGXcXA,Best Comedy Clips
UC-9QiiVaViuqMhLp1XEwdxA,http://www.youtube.com/channel/UC-9QiiVaViuqMhLp1XEwdxA,Arlo
UC-9b7aDP6ZN0coj9-xFnrtw,http://www.youtube.com/channel/UC-9b7aDP6ZN0coj9-xFnrtw,Astrum
UC-AQKm7HUNMmxjdS371MSwg,http://www.youtube.com/channel/UC-AQKm7HUNMmxjdS371MSwg,Channel 5 with Andrew Callaghan
UC-AoOzv2ro_YvDA23LM_sJg,http://www.youtube.com/channel/UC-AoOzv2ro_YvDA23LM_sJg,DanielGamerDX
UC-DSHSR6rMEpco-CnASVu-Q,http://www.youtube.com/channel/UC-DSHSR6rMEpco-CnASVu-Q,MoreByKev
UC-DYnJtsTeIYL61yoQrp-0A,http://www.youtube.com/channel/UC-DYnJtsTeIYL61yoQrp-0A,The Iain Duncan Smiths
UC-EPGSewQGaHbSZohMA5iSw,http://www.youtube.com/channel/UC-EPGSewQGaHbSZohMA5iSw,DSCreations
UC-EWIqLzm4ttojYUAOSht9A,http://www.youtube.com/channel/UC-EWIqLzm4ttojYUAOSht9A,Nick930
UC-FHoOa_jNSZy3IFctMEq2w,http://www.youtube.com/channel/UC-FHoOa_jNSZy3IFctMEq2w,habie147
UC-GbZ76_RsLms3Xr2c329PQ,http://www.youtube.com/channel/UC-GbZ76_RsLms3Xr2c329PQ,Build-a-Skill
UC-GjYlrAWIHgwNDnbFHZ77g,http://www.youtube.com/channel/UC-GjYlrAWIHgwNDnbFHZ77g,Mitski
UC-Hb0XKWHc-wevmKlg_waxQ,http://www.youtube.com/channel/UC-Hb0XKWHc-wevmKlg_waxQ,JafJaf The GOAT
UC-HlhRmNHycSX0W0-yduUVw,http://www.youtube.com/channel/UC-HlhRmNHycSX0W0-yduUVw,DarthDarksideious
UC-IUO31UtYdHUbXspktqypQ,http://www.youtube.com/channel/UC-IUO31UtYdHUbXspktqypQ,Isaac Carlson
UC-JWdrbVdIkk7_gBxfZX2yA,http://www.youtube.com/channel/UC-JWdrbVdIkk7_gBxfZX2yA,ReidBoehm
UC-JWw2juO3Ikj5C9VsNoGIw,http://www.youtube.com/channel/UC-JWw2juO3Ikj5C9VsNoGIw,M. Laser History
UC-KRRiQ0I4RAC8Ho2gSET1A,http://www.youtube.com/channel/UC-KRRiQ0I4RAC8Ho2gSET1A,Sporting Videos
UC-Kcerz7sjcH6tSCsNsq4Hw,http://www.youtube.com/channel/UC-Kcerz7sjcH6tSCsNsq4Hw,DARTHLAND
UC-KuSJX3RMQeb68WNWxxe0g,http://www.youtube.com/channel/UC-KuSJX3RMQeb68WNWxxe0g,Данила Большаков
UC-LJgOHir8UyxoboIe-cQZA,http://www.youtube.com/channel/UC-LJgOHir8UyxoboIe-cQZA,brickitect
UC-L_8oD-kmoo0DMDfQrQZWA,http://www.youtube.com/channel/UC-L_8oD-kmoo0DMDfQrQZWA,KT hawkeye
UC-MBvfQYafjcJpfm2nBr77g,http://www.youtube.com/channel/UC-MBvfQYafjcJpfm2nBr77g,MeanSquaredError
UC-MGxIyWrcPPzuKJV2IrKfg,http://www.youtube.com/channel/UC-MGxIyWrcPPzuKJV2IrKfg,∞Respect
UC-NfY72l3Tn-c2qg0iHDUlQ,http://www.youtube.com/channel/UC-NfY72l3Tn-c2qg0iHDUlQ,WickedWiz
UC-O7I1-_XGtLX7Z84OUrqeA,http://www.youtube.com/channel/UC-O7I1-_XGtLX7Z84OUrqeA,RSGabe
UC-PhFNesHQQUYE56H0TQMDQ,http://www.youtube.com/channel/UC-PhFNesHQQUYE56H0TQMDQ,Wickedy
UC-SUkd90iWWeMy9GmUk4yPQ,http://www.youtube.com/channel/UC-SUkd90iWWeMy9GmUk4yPQ,LazyTeaStudios
UC-U2CzcMjE-iDKLsEaX-34Q,http://www.youtube.com/channel/UC-U2CzcMjE-iDKLsEaX-34Q,Koka Nikoladze
UC-WIeqqzvcxA5wlx4Acd9ww,http://www.youtube.com/channel/UC-WIeqqzvcxA5wlx4Acd9ww,Hawkon
UC-WLGfFFD0cPqmVP2J4HowA,http://www.youtube.com/channel/UC-WLGfFFD0cPqmVP2J4HowA,MouseyDawg
UC-WrKMah76sBU0fU8iRe6pQ,http://www.youtube.com/channel/UC-WrKMah76sBU0fU8iRe6pQ,Michael Sable
UC-XTuGOHIF7vWvbhJZ56wbw,http://www.youtube.com/channel/UC-XTuGOHIF7vWvbhJZ56wbw,Socks Games
UC-YD83dp4iRuKnWCeQcH3UA,http://www.youtube.com/channel/UC-YD83dp4iRuKnWCeQcH3UA,SilentHum
UC-Ynot3zUZ0Mo4F5oBTOONA,http://www.youtube.com/channel/UC-Ynot3zUZ0Mo4F5oBTOONA,Carl Pei
UC-ZMsy9aCqjV_4Kx_hKLcMg,http://www.youtube.com/channel/UC-ZMsy9aCqjV_4Kx_hKLcMg,M-AS
UC-ZRith7WAZ5UXBRJtkxuFA,http://www.youtube.com/channel/UC-ZRith7WAZ5UXBRJtkxuFA,AIA
UC-Z_Ov0kwEBF_Lv9YZc25fg,http://www.youtube.com/channel/UC-Z_Ov0kwEBF_Lv9YZc25fg,RT60
UC-a25Clof4Ld5mxSLb77dtQ,http://www.youtube.com/channel/UC-a25Clof4Ld5mxSLb77dtQ,TheMentok
UC-aJobqvrzdn_v8pXWKzGkw,http://www.youtube.com/channel/UC-aJobqvrzdn_v8pXWKzGkw,KD Lee
UC-aXv7v3hKkCdYxeAHmtSVg,http://www.youtube.com/channel/UC-aXv7v3hKkCdYxeAHmtSVg,PinoPrime
UC-b9ACG73E5YVjeVMb4Qhlw,http://www.youtube.com/channel/UC-b9ACG73E5YVjeVMb4Qhlw,Autoritarian
UC-bjs9ZO6IxW8FGdh9b_ZFA,http://www.youtube.com/channel/UC-bjs9ZO6IxW8FGdh9b_ZFA,Roland Netzer
UC-btPIh4KalPw3hZxcB4zww,http://www.youtube.com/channel/UC-btPIh4KalPw3hZxcB4zww,The Theorizer
UC-c9foeZHp_tKITLRYZQP-w,http://www.youtube.com/channel/UC-c9foeZHp_tKITLRYZQP-w,Priyam Srivastava 
UC-cPWz8Fwk5vdWS-nwW4GSQ,http://www.youtube.com/channel/UC-cPWz8Fwk5vdWS-nwW4GSQ,Cat® Products
UC-dhp7GKCRmlKyqnIeAJoMA,http://www.youtube.com/channel/UC-dhp7GKCRmlKyqnIeAJoMA,WannaBeWhiteGuy
UC-dqqfoSrz8sAYzpJ2zdIIw,http://www.youtube.com/channel/UC-dqqfoSrz8sAYzpJ2zdIIw,Laynce
UC-e7Jua_piexR70CVoaofYw,http://www.youtube.com/channel/UC-e7Jua_piexR70CVoaofYw,Immune Deficiency Foundation
UC-eeR93Xb31Fk397K05vW_g,http://www.youtube.com/channel/UC-eeR93Xb31Fk397K05vW_g,Quintheo
UC-ghHYtTXsz4Qk7GxUYSQqQ,http://www.youtube.com/channel/UC-ghHYtTXsz4Qk7GxUYSQqQ,ohnedrilla
UC-hOof8hD-mK_8tDYEOWWXQ,http://www.youtube.com/channel/UC-hOof8hD-mK_8tDYEOWWXQ,MrAjae DIY
UC-hS-v_okA4xW-6PQ8V722A,http://www.youtube.com/channel/UC-hS-v_okA4xW-6PQ8V722A,John Eastwood
UC-k1VD5K6kwizjhg-HKj1rw,http://www.youtube.com/channel/UC-k1VD5K6kwizjhg-HKj1rw,Dodford
UC-kDX_ZvjzY_GECcKmJ9FPA,http://www.youtube.com/channel/UC-kDX_ZvjzY_GECcKmJ9FPA,Jon Bringus
UC-lHJZR3Gqxm24_Vd_AJ5Yw,http://www.youtube.com/channel/UC-lHJZR3Gqxm24_Vd_AJ5Yw,PewDiePie
UC-lLZl0YeM0T1XhYpNY6brQ,http://www.youtube.com/channel/UC-lLZl0YeM0T1XhYpNY6brQ,DakotaTalks
UC-mGoOsb8WSEZaoPzmKN54g,http://www.youtube.com/channel/UC-mGoOsb8WSEZaoPzmKN54g,TMURPH
UC-mP1nlk0qOutA08zuQHORA,http://www.youtube.com/channel/UC-mP1nlk0qOutA08zuQHORA,Patrick Cc:
UC-mail1GYasziIlVjn7gRzw,http://www.youtube.com/channel/UC-mail1GYasziIlVjn7gRzw,C. Scott Brown
UC-nIhxjNqjcm8EmpPWBg3wA,http://www.youtube.com/channel/UC-nIhxjNqjcm8EmpPWBg3wA,Jauwn
UC-nOrzVUMTG6CQW6SeDsvnA,http://www.youtube.com/channel/UC-nOrzVUMTG6CQW6SeDsvnA,arcticguppy
UC-oPgEuX6iwJucvVGEmQL7Q,http://www.youtube.com/channel/UC-oPgEuX6iwJucvVGEmQL7Q,Ray Chen
UC-pjt3Z6VYkmW7YkstsSb1Q,http://www.youtube.com/channel/UC-pjt3Z6VYkmW7YkstsSb1Q,Barousse Works
UC-pkVT7PmmhoBUYfqz7JN9Q,http://www.youtube.com/channel/UC-pkVT7PmmhoBUYfqz7JN9Q,ダイヤモンド公式チャンネル
UC-pnSdXRsSi44apSO5RXjlw,http://www.youtube.com/channel/UC-pnSdXRsSi44apSO5RXjlw,Laugh Over Life
UC-q-_DVLrAfmVApgnJTIa9A,http://www.youtube.com/channel/UC-q-_DVLrAfmVApgnJTIa9A,Jaydone History
UC-s17Zz4WunmOfqiRe9i_JQ,http://www.youtube.com/channel/UC-s17Zz4WunmOfqiRe9i_JQ,Yemangos!
UC-svHpaJY43aHEaXBMNiz-Q,http://www.youtube.com/channel/UC-svHpaJY43aHEaXBMNiz-Q,Kweebec Corner
UC-thz7InK2pT5EaagHWnEtQ,http://www.youtube.com/channel/UC-thz7InK2pT5EaagHWnEtQ,bigbagofpotatoes
UC-uPNldCnPeasW6iUSD2ODQ,http://www.youtube.com/channel/UC-uPNldCnPeasW6iUSD2ODQ,Wrath Club
UC-ukFGWGG1xPI8Kd4sBxQtg,http://www.youtube.com/channel/UC-ukFGWGG1xPI8Kd4sBxQtg,忘れらんねえよ
UC-v4twgwLR4p-g0mihJsLCw,http://www.youtube.com/channel/UC-v4twgwLR4p-g0mihJsLCw,noclick
UC-vbxhLGMGbTQCUwMPldm_Q,http://www.youtube.com/channel/UC-vbxhLGMGbTQCUwMPldm_Q,Sausage Wizard
UC-vzYTutOl2ZFq6KcT9F0HA,http://www.youtube.com/channel/UC-vzYTutOl2ZFq6KcT9F0HA,FakeLifeLore
UC-wTvNazsjkiOyqF2b_5VOg,http://www.youtube.com/channel/UC-wTvNazsjkiOyqF2b_5VOg,Camden Stewart
UC-xeJc-mm7IR59fYy3sre_g,http://www.youtube.com/channel/UC-xeJc-mm7IR59fYy3sre_g,Rohtu
UC-zD0q7ryv_OWPB_xEwJJIQ,http://www.youtube.com/channel/UC-zD0q7ryv_OWPB_xEwJJIQ,Blind Surfer Pete Gustin
UC0-MDaMDe7luPK1ryp7MLRQ,http://www.youtube.com/channel/UC0-MDaMDe7luPK1ryp7MLRQ,Logan's Candies
UC0-Zdn6eBsnN0o2036U9oXQ,http://www.youtube.com/channel/UC0-Zdn6eBsnN0o2036U9oXQ,Codefan321
UC0-p-Hmc92YCtI8s3PEHC3A,http://www.youtube.com/channel/UC0-p-Hmc92YCtI8s3PEHC3A,MewZe
UC016y7F8QY2esT304CaYJpg,http://www.youtube.com/channel/UC016y7F8QY2esT304CaYJpg,NimsyLIVE
UC029oCuh2jKkEEZcWdGG5xA,http://www.youtube.com/channel/UC029oCuh2jKkEEZcWdGG5xA,Lofi Girl - Ambient
UC04RYGK0kWq2GJH7uKuvdFg,http://www.youtube.com/channel/UC04RYGK0kWq2GJH7uKuvdFg,Mike Rafi - Personal Injury Lawyer
UC04ir2yyXgqxglmLzSrWyUg,http://www.youtube.com/channel/UC04ir2yyXgqxglmLzSrWyUg,FeritWolf95
UC04nROIJrY22Gl2aFqKcdqQ,http://www.youtube.com/channel/UC04nROIJrY22Gl2aFqKcdqQ,Vimothee
UC06E4Y_-ybJgBUMtXx8uNNw,http://www.youtube.com/channel/UC06E4Y_-ybJgBUMtXx8uNNw,TheBackyardScientist
UC06HVrkOL33D5lLnCPjr6NQ,http://www.youtube.com/channel/UC06HVrkOL33D5lLnCPjr6NQ,Breaking Taps
UC06QRUo8-PYrnx2McA2p2rA,http://www.youtube.com/channel/UC06QRUo8-PYrnx2McA2p2rA,Limus
UC072bEQ_9-RApe19IbWH9VQ,http://www.youtube.com/channel/UC072bEQ_9-RApe19IbWH9VQ,Kahmal
UC073quTeFarhKNe8ZuC6Qig,http://www.youtube.com/channel/UC073quTeFarhKNe8ZuC6Qig,Drew Builds Stuff
UC07YoR0-NBRkZwphrhQP5-Q,http://www.youtube.com/channel/UC07YoR0-NBRkZwphrhQP5-Q,DiamondHorses
UC08v9RkBLemtA4Y68LO9vUw,http://www.youtube.com/channel/UC08v9RkBLemtA4Y68LO9vUw,Haggis on Toast
UC099f5cFtzZOw_QUDUOQqsA,http://www.youtube.com/channel/UC099f5cFtzZOw_QUDUOQqsA,MVVblog Music
UC0AE_22J0kAo30yjasaeFqw,http://www.youtube.com/channel/UC0AE_22J0kAo30yjasaeFqw,Element Animation
UC0AJ676UuHdQ0zshDEkyfTA,http://www.youtube.com/channel/UC0AJ676UuHdQ0zshDEkyfTA,Marc Evanstein / music․py
UC0BNMeyXj5EtqrkIp6VpZFQ,http://www.youtube.com/channel/UC0BNMeyXj5EtqrkIp6VpZFQ,SBN3
UC0BWEfhlh1sXegDT77BD4mw,http://www.youtube.com/channel/UC0BWEfhlh1sXegDT77BD4mw,Zach Coll
UC0BXq7U8tsgIh04Ke6fADjA,http://www.youtube.com/channel/UC0BXq7U8tsgIh04Ke6fADjA,Esportscenter
UC0CI5u_O2ILcDmrPAGGOJrw,http://www.youtube.com/channel/UC0CI5u_O2ILcDmrPAGGOJrw,Pixels After Dark
UC0CSvA4EzfLS-NqsQ_Zml8g,http://www.youtube.com/channel/UC0CSvA4EzfLS-NqsQ_Zml8g,Josh Singh
UC0Cx8U3zwetxjj4RyG9Wa1A,http://www.youtube.com/channel/UC0Cx8U3zwetxjj4RyG9Wa1A,TheAsherShow
UC0Cyf-sOPE0AGY41I6andkQ,http://www.youtube.com/channel/UC0Cyf-sOPE0AGY41I6andkQ,Financian
UC0DRPziRGwBCp24YhqPcI0Q,http://www.youtube.com/channel/UC0DRPziRGwBCp24YhqPcI0Q,TheDailyRobloxian
UC0EH4DOJsSWgoeLWBLYjEdw,http://www.youtube.com/channel/UC0EH4DOJsSWgoeLWBLYjEdw,Yaurhan
UC0E_vIe1e1lVeojYOgVg_5Q,http://www.youtube.com/channel/UC0E_vIe1e1lVeojYOgVg_5Q,AsianHalfSquat
UC0G7e3uCtTyKQy2vZbRaKxg,http://www.youtube.com/channel/UC0G7e3uCtTyKQy2vZbRaKxg,Works By Design
UC0GLNhtTu7yI8rl6ZZGeezw,http://www.youtube.com/channel/UC0GLNhtTu7yI8rl6ZZGeezw,TheOdd2sOut
UC0Ize0RLIbGdH5x4wI45G-A,http://www.youtube.com/channel/UC0Ize0RLIbGdH5x4wI45G-A,Drew Binsky
UC0JJtK3m8pwy6rVgnBz47Rw,http://www.youtube.com/channel/UC0JJtK3m8pwy6rVgnBz47Rw,Rotten Mango
UC0KQR7x5DRS46QZ_DjrRBTQ,http://www.youtube.com/channel/UC0KQR7x5DRS46QZ_DjrRBTQ,Sina
UC0KfjyvabuE2J-RBC6ko2Lw,http://www.youtube.com/channel/UC0KfjyvabuE2J-RBC6ko2Lw,Mac Address
UC0Kuf_g_RvJBvybexqIeLrg,http://www.youtube.com/channel/UC0Kuf_g_RvJBvybexqIeLrg,MIKEY & WYATT
UC0M0rxSz3IF0CsSour1iWmw,http://www.youtube.com/channel/UC0M0rxSz3IF0CsSour1iWmw,Cinemassacre
UC0MJfZTZCZYJmF5hY_givFQ,http://www.youtube.com/channel/UC0MJfZTZCZYJmF5hY_givFQ,Latchezar Ivanov Dimitrov
UC0MTTFY968yaR4QGh7U_FEg,http://www.youtube.com/channel/UC0MTTFY968yaR4QGh7U_FEg,OFFICIALUND
UC0MXZwc9-8M0SMmJBSZLC3w,http://www.youtube.com/channel/UC0MXZwc9-8M0SMmJBSZLC3w,Nike Leon Games
UC0NYfnJPNju7U7NukxHxobA,http://www.youtube.com/channel/UC0NYfnJPNju7U7NukxHxobA,Dr Esh
UC0OBisfM_ZRwf0sfDJ1Q0YQ,http://www.youtube.com/channel/UC0OBisfM_ZRwf0sfDJ1Q0YQ,Donutask
UC0QDYnWlVT1_1HvQbMlyi1A,http://www.youtube.com/channel/UC0QDYnWlVT1_1HvQbMlyi1A,Ambush
UC0QHWhjbe5fGJEPz3sVb6nw,http://www.youtube.com/channel/UC0QHWhjbe5fGJEPz3sVb6nw,Doctor Mike
UC0QbcOX2gI5zruEvpSmnf6Q,http://www.youtube.com/channel/UC0QbcOX2gI5zruEvpSmnf6Q,Qumu
UC0QzvrY9_WvOG9kNh90Z-2Q,http://www.youtube.com/channel/UC0QzvrY9_WvOG9kNh90Z-2Q,bRootForce
UC0RIlAnk_5jELvV8MclAvRg,http://www.youtube.com/channel/UC0RIlAnk_5jELvV8MclAvRg,CMF
UC0S7mjW7Rjh2TYFJouHduBg,http://www.youtube.com/channel/UC0S7mjW7Rjh2TYFJouHduBg,Varsapura
UC0SESRSE1RKiX7SpOLgitWA,http://www.youtube.com/channel/UC0SESRSE1RKiX7SpOLgitWA,Jerryeatsbeans
UC0SIZ1s0-nCIxedPwg7GkTw,http://www.youtube.com/channel/UC0SIZ1s0-nCIxedPwg7GkTw,FishyFace
UC0SabuPeY5AESRV4GAosIwQ,http://www.youtube.com/channel/UC0SabuPeY5AESRV4GAosIwQ,El_Taburette
UC0SpdMAfG8QzVVU0Jz9QsYw,http://www.youtube.com/channel/UC0SpdMAfG8QzVVU0Jz9QsYw,Minuthu
UC0SrgAKjftBuzHMfRZSjt7g,http://www.youtube.com/channel/UC0SrgAKjftBuzHMfRZSjt7g,Lancelloti
UC0TRLaGAZ_f6-MH2kGU2JmA,http://www.youtube.com/channel/UC0TRLaGAZ_f6-MH2kGU2JmA,RwanLink
UC0UflzOybq16vw7b638_-pg,http://www.youtube.com/channel/UC0UflzOybq16vw7b638_-pg,Tech Time Traveller
UC0UpxtDnri_fa5fB_PoAYhw,http://www.youtube.com/channel/UC0UpxtDnri_fa5fB_PoAYhw,Xevi
UC0VVYtw21rg2cokUystu2Dw,http://www.youtube.com/channel/UC0VVYtw21rg2cokUystu2Dw,SmallAnt
UC0WP5P-ufpRfjbNrmOWwLBQ,http://www.youtube.com/channel/UC0WP5P-ufpRfjbNrmOWwLBQ,The Weeknd
UC0Wju2yvRlfwqraLlz5152Q,http://www.youtube.com/channel/UC0Wju2yvRlfwqraLlz5152Q,PANDA BOI
UC0XNssyypOLiq4vVgXm9NtQ,http://www.youtube.com/channel/UC0XNssyypOLiq4vVgXm9NtQ,Life in Jars?
UC0YWmELYOpoF4uckqIbyYEw,http://www.youtube.com/channel/UC0YWmELYOpoF4uckqIbyYEw,VocaStats
UC0_cHud2AHrmczqm3_hLsKA,http://www.youtube.com/channel/UC0_cHud2AHrmczqm3_hLsKA,Cinema Stan
UC0aFOAetT4Hur0qmOnmmbBA,http://www.youtube.com/channel/UC0aFOAetT4Hur0qmOnmmbBA,Polypuff
UC0cNOe9NRrj8uJUC6K-2n9Q,http://www.youtube.com/channel/UC0cNOe9NRrj8uJUC6K-2n9Q,BranWolf
UC0cd_-e49hZpWLH3UIwoWRA,http://www.youtube.com/channel/UC0cd_-e49hZpWLH3UIwoWRA,Professor Dave Explains
UC0chBkRjE1OUdruwLMetuRg,http://www.youtube.com/channel/UC0chBkRjE1OUdruwLMetuRg,Best Buy
UC0cj02iypAb_qctnEFc25lw,http://www.youtube.com/channel/UC0cj02iypAb_qctnEFc25lw,Daily Dose Of Anny - FAN Channel
UC0cx6apCQmjmuB9S6S0b-8g,http://www.youtube.com/channel/UC0cx6apCQmjmuB9S6S0b-8g,Brick Quest
UC0dbzuSRwNiZXfWK05epKUQ,http://www.youtube.com/channel/UC0dbzuSRwNiZXfWK05epKUQ,Lord Miles
UC0e2Fk8d5YRblHsA0wqDO5Q,http://www.youtube.com/channel/UC0e2Fk8d5YRblHsA0wqDO5Q,RexiaExtra
UC0e3QhIYukixgh5VVpKHH9Q,http://www.youtube.com/channel/UC0e3QhIYukixgh5VVpKHH9Q,Code Bullet
UC0eAM_AUtWoVDoenNjhTyqg,http://www.youtube.com/channel/UC0eAM_AUtWoVDoenNjhTyqg,Gabe's Hacks
UC0eAMlXgsoxsYtdIrMdQuGg,http://www.youtube.com/channel/UC0eAMlXgsoxsYtdIrMdQuGg,OnionButter
UC0eKwS8DVnNNCeSl4cbkLxg,http://www.youtube.com/channel/UC0eKwS8DVnNNCeSl4cbkLxg,mattykay
UC0eOlAEMdVgpmThPkpmR-qQ,http://www.youtube.com/channel/UC0eOlAEMdVgpmThPkpmR-qQ,Valefisk
UC0eatx2GcNGemJyoTgspbiw,http://www.youtube.com/channel/UC0eatx2GcNGemJyoTgspbiw,Monzz Ent
UC0eqHbWhjJf1hylBEwy4fwg,http://www.youtube.com/channel/UC0eqHbWhjJf1hylBEwy4fwg,The Bow Tie Man
UC0fDG3byEcMtbOqPMymDNbw,http://www.youtube.com/channel/UC0fDG3byEcMtbOqPMymDNbw,/noclip
UC0gEw6pgNkLkkzMwzX4UtHA,http://www.youtube.com/channel/UC0gEw6pgNkLkkzMwzX4UtHA,Egoraptor
UC0h07r_UgTD0Tc-Dn5XLX3g,http://www.youtube.com/channel/UC0h07r_UgTD0Tc-Dn5XLX3g,Wisp
UC0jIRXSZBIZbpgEkba9cPJQ,http://www.youtube.com/channel/UC0jIRXSZBIZbpgEkba9cPJQ,idoitschoolmin
UC0jjpME5FCBw4kaH0mPTKag,http://www.youtube.com/channel/UC0jjpME5FCBw4kaH0mPTKag,Scene Comparisons
UC0k238zFx-Z8xFH0sxCrPJg,http://www.youtube.com/channel/UC0k238zFx-Z8xFH0sxCrPJg,Architectural Digest
UC0k_TyDiwTHdLNqq3A5d83g,http://www.youtube.com/channel/UC0k_TyDiwTHdLNqq3A5d83g,aSongScout
UC0lf2-Y3nb5AWnZqie268FQ,http://www.youtube.com/channel/UC0lf2-Y3nb5AWnZqie268FQ,rainbolt clips
UC0mE3Yygmlk12EK0BqCLTQA,http://www.youtube.com/channel/UC0mE3Yygmlk12EK0BqCLTQA,PortalGaming
UC0mSnaBemwzuGM4uA-9s2WQ,http://www.youtube.com/channel/UC0mSnaBemwzuGM4uA-9s2WQ,simplifiedtea
UC0mq0Ht7LZzaU-IH0PO6O6A,http://www.youtube.com/channel/UC0mq0Ht7LZzaU-IH0PO6O6A,Re: Design
UC0mw5gGPjOfjRULRQ893srg,http://www.youtube.com/channel/UC0mw5gGPjOfjRULRQ893srg,Will
UC0n6DsIA2drcbWCYfo74UoQ,http://www.youtube.com/channel/UC0n6DsIA2drcbWCYfo74UoQ,Faux Locke
UC0n9v6RJvfR0fipNEfKxfXQ,http://www.youtube.com/channel/UC0n9v6RJvfR0fipNEfKxfXQ,Olive Garden Compass
UC0nBp9LDpQMXEvYtvIsTV1w,http://www.youtube.com/channel/UC0nBp9LDpQMXEvYtvIsTV1w,karenxcheng
UC0nfubBSA4yqCoO6D07uoMQ,http://www.youtube.com/channel/UC0nfubBSA4yqCoO6D07uoMQ,Harlequin Grim
UC0poNmhV59dDVE6o3gxy5lA,http://www.youtube.com/channel/UC0poNmhV59dDVE6o3gxy5lA,GitGudWO
UC0q32CqCgWBUgIT3lk_ZzHA,http://www.youtube.com/channel/UC0q32CqCgWBUgIT3lk_ZzHA,Waddler
UC0qdCXk9tuTklnSlJae3-kA,http://www.youtube.com/channel/UC0qdCXk9tuTklnSlJae3-kA,FromOcean
UC0qkPIS_K7z_n_EGbJaSxrA,http://www.youtube.com/channel/UC0qkPIS_K7z_n_EGbJaSxrA,Pablo Ramírez Torregrosa
UC0qn7C2DXKtZi4ONUsy5V-g,http://www.youtube.com/channel/UC0qn7C2DXKtZi4ONUsy5V-g,Dragon GameDev
UC0qyk0UvaN1z80BQdVQM85g,http://www.youtube.com/channel/UC0qyk0UvaN1z80BQdVQM85g,PureTrash
UC0razS54hzUirE7Fgb4eeCA,http://www.youtube.com/channel/UC0razS54hzUirE7Fgb4eeCA,Ghostmoney
UC0riGneccQm04zYyYttDRpg,http://www.youtube.com/channel/UC0riGneccQm04zYyYttDRpg,Back In The Day
UC0rmnTK_gEBfbBfjafGwGQg,http://www.youtube.com/channel/UC0rmnTK_gEBfbBfjafGwGQg,Sam Jagoda
UC0sQemK7pgX5fYy0k1MFsHg,http://www.youtube.com/channel/UC0sQemK7pgX5fYy0k1MFsHg,The White Stripes
UC0szxwii-u4CZkJIt2iu4_A,http://www.youtube.com/channel/UC0szxwii-u4CZkJIt2iu4_A,Two Star
UC0tHQcsYY7798it27LidVyA,http://www.youtube.com/channel/UC0tHQcsYY7798it27LidVyA,Madhu Kraft
UC0ts7Wbbn24bo8TaRuu1Xig,http://www.youtube.com/channel/UC0ts7Wbbn24bo8TaRuu1Xig,Makeshift Project
UC0tzwSEvhVrZ_RGPeIF2k1A,http://www.youtube.com/channel/UC0tzwSEvhVrZ_RGPeIF2k1A,smolpadok
UC0uVZd8N7FfIZnPu0y7o95A,http://www.youtube.com/channel/UC0uVZd8N7FfIZnPu0y7o95A,ReasonTV
UC0v-tlzsn0QZwJnkiaUSJVQ,http://www.youtube.com/channel/UC0v-tlzsn0QZwJnkiaUSJVQ,REACT
UC0vBXGSyV14uvJ4hECDOl0Q,http://www.youtube.com/channel/UC0vBXGSyV14uvJ4hECDOl0Q,Techquickie
UC0vJEdJoMG3EyhPJqMwGkGQ,http://www.youtube.com/channel/UC0vJEdJoMG3EyhPJqMwGkGQ,Ema Zamboni
UC0vNsRlUlgWbJAfECYMlJfg,http://www.youtube.com/channel/UC0vNsRlUlgWbJAfECYMlJfg,Filename.mp4
UC0vRz4vN50Rq4fANb3S350w,http://www.youtube.com/channel/UC0vRz4vN50Rq4fANb3S350w,Vee Ch. 【VtuberVolume】
UC0vTSRQM0Zfx1VvOD1qvAEw,http://www.youtube.com/channel/UC0vTSRQM0Zfx1VvOD1qvAEw,Tree
UC0wFMWCGs5N4vuhvejuFqHw,http://www.youtube.com/channel/UC0wFMWCGs5N4vuhvejuFqHw,Fact or Fantasy
UC0wVQ6StHvTc9sTY-Z44LkQ,http://www.youtube.com/channel/UC0wVQ6StHvTc9sTY-Z44LkQ,Film Stop
UC0wYwGDGXxmX_qdE6vRU6Ug,http://www.youtube.com/channel/UC0wYwGDGXxmX_qdE6vRU6Ug,Badiu Photography
UC0woBco6Dgcxt0h8SwyyOmw,http://www.youtube.com/channel/UC0woBco6Dgcxt0h8SwyyOmw,Megaprojects
UC0wqdZ-H5cjxlB3hN448o6w,http://www.youtube.com/channel/UC0wqdZ-H5cjxlB3hN448o6w,Eclipscycle
UC0x6YqJCFe1DTUpgSPiCa4g,http://www.youtube.com/channel/UC0x6YqJCFe1DTUpgSPiCa4g,GuyBordo
UC0xBMYPpq29IYzm0nsuhD7A,http://www.youtube.com/channel/UC0xBMYPpq29IYzm0nsuhD7A,Zanthous Game Development
UC0xyyBe7eESJkDCx0zsBb7A,http://www.youtube.com/channel/UC0xyyBe7eESJkDCx0zsBb7A,Super Buzzy Yoshi
UC0yFuwkFatuKy3FcqrSCSGg,http://www.youtube.com/channel/UC0yFuwkFatuKy3FcqrSCSGg,Clear Water Aquarium
UC0yJhyciyumYCl6He5ZpRAg,http://www.youtube.com/channel/UC0yJhyciyumYCl6He5ZpRAg,Motherland Darren's Sessions
UC0zHw3DRqxCCG0byWSw4Bcg,http://www.youtube.com/channel/UC0zHw3DRqxCCG0byWSw4Bcg,Ned Luke
UC0zZ3QsUhYq6hQ0A-_THfgA,http://www.youtube.com/channel/UC0zZ3QsUhYq6hQ0A-_THfgA,holoyume - ホロ夢
UC0z_OIK35NxbU_nGKXxNAaA,http://www.youtube.com/channel/UC0z_OIK35NxbU_nGKXxNAaA,CDawg Shorts
UC0zc9o_VCmn8Jm3HpVfCbHQ,http://www.youtube.com/channel/UC0zc9o_VCmn8Jm3HpVfCbHQ,LOAD (miami)
UC0zjODUrI0kcZT_2XwmWVGA,http://www.youtube.com/channel/UC0zjODUrI0kcZT_2XwmWVGA,NotAmberRoblox
UC10jOU_-x6XGe3YQcvGkIVA,http://www.youtube.com/channel/UC10jOU_-x6XGe3YQcvGkIVA,PhoneBuff Shorts
UC10pyPCBqNZo3MZ8b0qbiyw,http://www.youtube.com/channel/UC10pyPCBqNZo3MZ8b0qbiyw,Jonkers Rare Books
UC11OPzwn5Wt0-LN3rARunmg,http://www.youtube.com/channel/UC11OPzwn5Wt0-LN3rARunmg,Mumbo
UC11PvrGPzo6Y7Zc6-e9cAKg,http://www.youtube.com/channel/UC11PvrGPzo6Y7Zc6-e9cAKg,DramaAlert
UC11zGVkBKRBp5FX8uaWLqjw,http://www.youtube.com/channel/UC11zGVkBKRBp5FX8uaWLqjw,emnerson
UC12Glb27eC-yN_A9VciKW2A,http://www.youtube.com/channel/UC12Glb27eC-yN_A9VciKW2A,Wholesome Erik
UC12TxL4EhF2p9-_Yv4RDRMQ,http://www.youtube.com/channel/UC12TxL4EhF2p9-_Yv4RDRMQ,D Flog Flag
UC13CanuZoStEgBEA6nKBZRg,http://www.youtube.com/channel/UC13CanuZoStEgBEA6nKBZRg,Vladimir Tsar
UC14QT5j2nQI8lKBCGtrrBQA,http://www.youtube.com/channel/UC14QT5j2nQI8lKBCGtrrBQA,アニプレックス チャンネル
UC14Yc2Qv92DMuyNRlHvpo2Q,http://www.youtube.com/channel/UC14Yc2Qv92DMuyNRlHvpo2Q,TOHO animation チャンネル
UC14fB9eWBu579yRWLUhbFdQ,http://www.youtube.com/channel/UC14fB9eWBu579yRWLUhbFdQ,SystemZee
UC14oPNk-BubCU2aCmtHosLg,http://www.youtube.com/channel/UC14oPNk-BubCU2aCmtHosLg,juan karlos
UC14wrRbnGZ_latKjeao4taA,http://www.youtube.com/channel/UC14wrRbnGZ_latKjeao4taA,laith
UC15BJjhPr4d5gTClhmC4HRw,http://www.youtube.com/channel/UC15BJjhPr4d5gTClhmC4HRw,Elliot Coll
UC176GAQozKKjhz62H8u9vQQ,http://www.youtube.com/channel/UC176GAQozKKjhz62H8u9vQQ,Real Science
UC177ji4tmDiLlW5iKyfJShA,http://www.youtube.com/channel/UC177ji4tmDiLlW5iKyfJShA,DIY Perks 2
UC17njCRIacUHbmB20N6vSOQ,http://www.youtube.com/channel/UC17njCRIacUHbmB20N6vSOQ,schpood
UC18fv3yDege-nPN5zO48eHg,http://www.youtube.com/channel/UC18fv3yDege-nPN5zO48eHg,Kyle Nutt
UC19Tqf8QXE0--j8kFfcbKCg,http://www.youtube.com/channel/UC19Tqf8QXE0--j8kFfcbKCg,Grazzy
UC1AZlchD57wkvpWFMDgMUJQ,http://www.youtube.com/channel/UC1AZlchD57wkvpWFMDgMUJQ,Cheeky Boyos
UC1AgWV7PLk_uVDkh35VVf9w,http://www.youtube.com/channel/UC1AgWV7PLk_uVDkh35VVf9w,Kian Brose
UC1C9yz9g6n03A1UFkI7QsCg,http://www.youtube.com/channel/UC1C9yz9g6n03A1UFkI7QsCg,Krenautican
UC1Cp5caGwHvJZxHoevGoDdA,http://www.youtube.com/channel/UC1Cp5caGwHvJZxHoevGoDdA,BRAIN TIME
UC1D3yD4wlPMico0dss264XA,http://www.youtube.com/channel/UC1D3yD4wlPMico0dss264XA,NileBlue
UC1DCPS2j-o0bvfIilkc8RSw,http://www.youtube.com/channel/UC1DCPS2j-o0bvfIilkc8RSw,Cynical Reviews
UC1DcdTZ3ii4jXd5OU2th5EQ,http://www.youtube.com/channel/UC1DcdTZ3ii4jXd5OU2th5EQ,Render
UC1DoqbBY6dl8CEMVV9SK2FA,http://www.youtube.com/channel/UC1DoqbBY6dl8CEMVV9SK2FA,MKBHD Shorts
UC1E4plZ1GGZBJYwmm1glE2A,http://www.youtube.com/channel/UC1E4plZ1GGZBJYwmm1glE2A,Sean Solo
UC1EBJfK7ltjYUFyzysKxr1g,http://www.youtube.com/channel/UC1EBJfK7ltjYUFyzysKxr1g,Yandere Dev
UC1G9pwKwx9RpFwSohdkmhxA,http://www.youtube.com/channel/UC1G9pwKwx9RpFwSohdkmhxA,Jonny Devaney
UC1GFqqHIBaiCW1ivJJCFTvg,http://www.youtube.com/channel/UC1GFqqHIBaiCW1ivJJCFTvg,amustycow
UC1GJ5aeqpEWklMBQ3oXrPQQ,http://www.youtube.com/channel/UC1GJ5aeqpEWklMBQ3oXrPQQ,PearlescentMoon
UC1H8hv2v63ppzzi8wgXvijg,http://www.youtube.com/channel/UC1H8hv2v63ppzzi8wgXvijg,GameBest
UC1HF_YmkC8znqpCHBDKB30A,http://www.youtube.com/channel/UC1HF_YmkC8znqpCHBDKB30A,aMSa
UC1HvdGYgjhLLBt4hV-MC9Mg,http://www.youtube.com/channel/UC1HvdGYgjhLLBt4hV-MC9Mg,Cheyne Gitsham
UC1IQIspOkCeV3WnYm32SBFQ,http://www.youtube.com/channel/UC1IQIspOkCeV3WnYm32SBFQ,This Is
UC1IwYJolFyWG_1QRy5odSlw,http://www.youtube.com/channel/UC1IwYJolFyWG_1QRy5odSlw,Maccy Waccy
UC1JzOWf72U2AjRzaNj4RQ7Q,http://www.youtube.com/channel/UC1JzOWf72U2AjRzaNj4RQ7Q,Harrison Gray
UC1KAfYpsW2Eq1Y5i8r7c45Q,http://www.youtube.com/channel/UC1KAfYpsW2Eq1Y5i8r7c45Q,Shani
UC1KOOWHthbQVXH2kZue3_xA,http://www.youtube.com/channel/UC1KOOWHthbQVXH2kZue3_xA,EVNautilus
UC1KPy3cAAj0i0RIFC_SzjMg,http://www.youtube.com/channel/UC1KPy3cAAj0i0RIFC_SzjMg,VitalyzdTv
UC1L-k1Y9-aiP3Xz7SSa5IZQ,http://www.youtube.com/channel/UC1L-k1Y9-aiP3Xz7SSa5IZQ,Seka
UC1LFFd9I2Ooza4EL0aA304A,http://www.youtube.com/channel/UC1LFFd9I2Ooza4EL0aA304A,Safety Third Highlights
UC1LRXv6_dE8pBEYhbchdkhA,http://www.youtube.com/channel/UC1LRXv6_dE8pBEYhbchdkhA,ANMTVLA
UC1M6GkZf1kHfZjMXwXu9s1g,http://www.youtube.com/channel/UC1M6GkZf1kHfZjMXwXu9s1g,Vanessa Moynihan
UC1MFqdNIvph0e5DkffVVCgw,http://www.youtube.com/channel/UC1MFqdNIvph0e5DkffVVCgw,Daniel Schroeder
UC1MiOdA5lPd-VXvaj4aSbpQ,http://www.youtube.com/channel/UC1MiOdA5lPd-VXvaj4aSbpQ,RUFF SWAMI (SQUALAY)
UC1MmrnDaPnNa55twYBiH4NA,http://www.youtube.com/channel/UC1MmrnDaPnNa55twYBiH4NA,Polyfjord
UC1N6Zzgu78u_0yLmILzXgRg,http://www.youtube.com/channel/UC1N6Zzgu78u_0yLmILzXgRg,LeeThe4th
UC1NKGW5NwmlVSXUlbWhwEFQ,http://www.youtube.com/channel/UC1NKGW5NwmlVSXUlbWhwEFQ,Fe-Clips
UC1NroCcyp6ysQLlM3z4l1XA,http://www.youtube.com/channel/UC1NroCcyp6ysQLlM3z4l1XA,TheWholigan
UC1PcleKB2id1hsIIABvxUJg,http://www.youtube.com/channel/UC1PcleKB2id1hsIIABvxUJg,AnimationEpic
UC1TMUbbN0uB0KMh3-XxmUNA,http://www.youtube.com/channel/UC1TMUbbN0uB0KMh3-XxmUNA,WeStarMoney Records
UC1UItFYbKkcAvN-UpyFBLTQ,http://www.youtube.com/channel/UC1UItFYbKkcAvN-UpyFBLTQ,Fix My Oculus
UC1UbX6IQrZfL42v1YqN_qsw,http://www.youtube.com/channel/UC1UbX6IQrZfL42v1YqN_qsw,Doktor Skipper
UC1Un5592U9mFx5n6j2HyXow,http://www.youtube.com/channel/UC1Un5592U9mFx5n6j2HyXow,Far Lands or Bust with KurtJMac
UC1V-DYqsaj764uBis9-UDug,http://www.youtube.com/channel/UC1V-DYqsaj764uBis9-UDug,Foureyes Furniture
UC1VLQPn9cYSqx8plbk9RxxQ,http://www.youtube.com/channel/UC1VLQPn9cYSqx8plbk9RxxQ,The Action Lab
UC1W3fhpBVNIcomtgL-SL1FQ,http://www.youtube.com/channel/UC1W3fhpBVNIcomtgL-SL1FQ,GoinGrayZ (Formerly Ducimations)
UC1WNnM3d5d00ANyOHva-EuA,http://www.youtube.com/channel/UC1WNnM3d5d00ANyOHva-EuA,Jase
UC1WbRuMMzbzUfBG65x1FmXQ,http://www.youtube.com/channel/UC1WbRuMMzbzUfBG65x1FmXQ,Peet Montzingo
UC1WgDz0NhOlBl4q9GjYb5Ng,http://www.youtube.com/channel/UC1WgDz0NhOlBl4q9GjYb5Ng,sfc movies
UC1ZBQ-F-yktYD4m5AzM6pww,http://www.youtube.com/channel/UC1ZBQ-F-yktYD4m5AzM6pww,Mustard
UC1aCMWPfiHc6AuRwA_8WL1w,http://www.youtube.com/channel/UC1aCMWPfiHc6AuRwA_8WL1w,hmmkay then
UC1gUkqb3oV__jVRY53lpZrg,http://www.youtube.com/channel/UC1gUkqb3oV__jVRY53lpZrg,creative explained
UC1gYgaHH-KJcMzchkjVyuEg,http://www.youtube.com/channel/UC1gYgaHH-KJcMzchkjVyuEg,thrite
UC1gjLX2O0gEBlsaeDS3sr8w,http://www.youtube.com/channel/UC1gjLX2O0gEBlsaeDS3sr8w,Shoshy
UC1hGz2GugNCCr9un_r0YYJg,http://www.youtube.com/channel/UC1hGz2GugNCCr9un_r0YYJg,moragear
UC1i9d35VEAIsbUWAH4PfkzA,http://www.youtube.com/channel/UC1i9d35VEAIsbUWAH4PfkzA,Staarzz
UC1iau5kB4qZAp23YL5hkGtg,http://www.youtube.com/channel/UC1iau5kB4qZAp23YL5hkGtg,juicynuggets
UC1jf9HPPUv2_KbDf3S4xt6Q,http://www.youtube.com/channel/UC1jf9HPPUv2_KbDf3S4xt6Q,muddy
UC1jyFTfku6mjXIXL_HwRtlA,http://www.youtube.com/channel/UC1jyFTfku6mjXIXL_HwRtlA,Eddache
UC1k32hAltzaw3V2MubBBk3w,http://www.youtube.com/channel/UC1k32hAltzaw3V2MubBBk3w,Nifika
UC1kFilTL-VyPXuMpcHxBLHw,http://www.youtube.com/channel/UC1kFilTL-VyPXuMpcHxBLHw,JayBoyModz
UC1lRz_clX4l9ORCtjDRBs1g,http://www.youtube.com/channel/UC1lRz_clX4l9ORCtjDRBs1g,Jetro
UC1mpMgQCCY7rljP_V-BOflA,http://www.youtube.com/channel/UC1mpMgQCCY7rljP_V-BOflA,Nicobbq
UC1nkdoS_Af_SIdi847K1YqQ,http://www.youtube.com/channel/UC1nkdoS_Af_SIdi847K1YqQ,stegpeng
UC1o4Ct4ca7uzqohH0xdaZpQ,http://www.youtube.com/channel/UC1o4Ct4ca7uzqohH0xdaZpQ,EthanGamer
UC1oaUTLUh-m97FXWDMTJp3g,http://www.youtube.com/channel/UC1oaUTLUh-m97FXWDMTJp3g,Osoch
UC1pn1v7PbOpIJrXnawBA3dQ,http://www.youtube.com/channel/UC1pn1v7PbOpIJrXnawBA3dQ,VShojo
UC1qWCyC38t0dtXRB2d-3t9g,http://www.youtube.com/channel/UC1qWCyC38t0dtXRB2d-3t9g,Jbro129
UC1qfpyN-4EGuNpBDkdWVOiA,http://www.youtube.com/channel/UC1qfpyN-4EGuNpBDkdWVOiA,Cabinland
UC1reFqEPdS3TfUbkuSLASeg,http://www.youtube.com/channel/UC1reFqEPdS3TfUbkuSLASeg,Brandon Spelce-Will
UC1sELGmy5jp5fQUugmuYlXQ,http://www.youtube.com/channel/UC1sELGmy5jp5fQUugmuYlXQ,Minecraft
UC1umWYFZdqOrKuhR0ALig5A,http://www.youtube.com/channel/UC1umWYFZdqOrKuhR0ALig5A,Max Lebled - 3D animator
UC1vY3FaEJYblWQ5Sa9K9-sQ,http://www.youtube.com/channel/UC1vY3FaEJYblWQ5Sa9K9-sQ,Caleb Natale
UC1vb-3VDgP5KHk7x3R1aLqQ,http://www.youtube.com/channel/UC1vb-3VDgP5KHk7x3R1aLqQ,primesenpai
UC1vd6yapYJsYQ8j_u2v-OtA,http://www.youtube.com/channel/UC1vd6yapYJsYQ8j_u2v-OtA,Kei2 Lee
UC1vxLbgPIdFtOEhCceMIxKg,http://www.youtube.com/channel/UC1vxLbgPIdFtOEhCceMIxKg,Hazza Point
UC1wwbSI4GYmGqqca3kTbsjg,http://www.youtube.com/channel/UC1wwbSI4GYmGqqca3kTbsjg,Zuzu Makiu
UC1xaOCNeVbO9q9cnoCA-XaA,http://www.youtube.com/channel/UC1xaOCNeVbO9q9cnoCA-XaA,atomic marvel
UC1ypY4YPLIzhj2lOWl5yFJQ,http://www.youtube.com/channel/UC1ypY4YPLIzhj2lOWl5yFJQ,Nick Styles
UC2-aop85lqOalGXV4FgFJaw,http://www.youtube.com/channel/UC2-aop85lqOalGXV4FgFJaw,Destructoid
UC2-i3KuYoODXsM99Z3-Gm0A,http://www.youtube.com/channel/UC2-i3KuYoODXsM99Z3-Gm0A,friendlyjordies
UC2-iuRBg_3EJPU4h_Km1Bew,http://www.youtube.com/channel/UC2-iuRBg_3EJPU4h_Km1Bew,Rob Landes Shorts
UC20LoHy2mX0LQODrkUalxVQ,http://www.youtube.com/channel/UC20LoHy2mX0LQODrkUalxVQ,Donald Glover
UC20SdCjoKjR9dEfIMkix11Q,http://www.youtube.com/channel/UC20SdCjoKjR9dEfIMkix11Q,youngerdays
UC22uGvImj3o7m9Zf11jEDkg,http://www.youtube.com/channel/UC22uGvImj3o7m9Zf11jEDkg,Cambrian Chronicles
UC230eJhS0Oss2AiMVhlf9fQ,http://www.youtube.com/channel/UC230eJhS0Oss2AiMVhlf9fQ,Cody Hales
UC23whIgWPhrWKQlZig6GE2Q,http://www.youtube.com/channel/UC23whIgWPhrWKQlZig6GE2Q,OrdinaryAri
UC24DnGsJm5Z3aWODhoHkvwA,http://www.youtube.com/channel/UC24DnGsJm5Z3aWODhoHkvwA,Kenan Heppe
UC25WWywWBtOnBgZ-7280pyw,http://www.youtube.com/channel/UC25WWywWBtOnBgZ-7280pyw,illegalPie
UC25bPzOw2gosbaDVw59zsEQ,http://www.youtube.com/channel/UC25bPzOw2gosbaDVw59zsEQ,crocsnosockz
UC26hbdeqyPRl7VsnK1UhFPw,http://www.youtube.com/channel/UC26hbdeqyPRl7VsnK1UhFPw,Toby Fox
UC27DS5t1MMt5hkO9NPPhLDw,http://www.youtube.com/channel/UC27DS5t1MMt5hkO9NPPhLDw,LamWarp
UC27utKAM27RmNf9j-k9majg,http://www.youtube.com/channel/UC27utKAM27RmNf9j-k9majg,Flamethrower
UC287CNWgNeJK1ohXm9DxOMg,http://www.youtube.com/channel/UC287CNWgNeJK1ohXm9DxOMg,ObsidianMIDI
UC28FPve5TtZ469khubfiAPw,http://www.youtube.com/channel/UC28FPve5TtZ469khubfiAPw,JC Playz
UC28n0tlcNSa1iPe5mettocg,http://www.youtube.com/channel/UC28n0tlcNSa1iPe5mettocg,voidzilla
UC2AKYTQNwD_PfaPKVBkw_Qg,http://www.youtube.com/channel/UC2AKYTQNwD_PfaPKVBkw_Qg,SilentHippo
UC2BFx9glnPZ-fK3UPDo3V3A,http://www.youtube.com/channel/UC2BFx9glnPZ-fK3UPDo3V3A,Foodbeast
UC2CRN3glqVBzlhI8lRl7gZQ,http://www.youtube.com/channel/UC2CRN3glqVBzlhI8lRl7gZQ,Serpentine
UC2C_jShtL725hvbm1arSV9w,http://www.youtube.com/channel/UC2C_jShtL725hvbm1arSV9w,CGP Grey
UC2D-GCxeE69hCUmRwISXABw,http://www.youtube.com/channel/UC2D-GCxeE69hCUmRwISXABw,Logdotzip
UC2Ds30pkifFVD0CE08wF50g,http://www.youtube.com/channel/UC2Ds30pkifFVD0CE08wF50g,Daidus
UC2Egt30phfTNZO5Yxb-sbyw,http://www.youtube.com/channel/UC2Egt30phfTNZO5Yxb-sbyw,ManyKudos
UC2EiGVmCeD79l_vZ204DUSw,http://www.youtube.com/channel/UC2EiGVmCeD79l_vZ204DUSw,Sauce +
UC2FCyQvBXIApp5yTA_5RtRg,http://www.youtube.com/channel/UC2FCyQvBXIApp5yTA_5RtRg,I Do Know Nothing
UC2G99tzb-uKD3PUMBwxOOcg,http://www.youtube.com/channel/UC2G99tzb-uKD3PUMBwxOOcg,Broken Player
UC2GO6UL1OEC0Lk35bhMtNRQ,http://www.youtube.com/channel/UC2GO6UL1OEC0Lk35bhMtNRQ,HellCastle & Tylerrrr
UC2IQe-qbX2EOeFHgql7S_6A,http://www.youtube.com/channel/UC2IQe-qbX2EOeFHgql7S_6A,The Spin Doctor
UC2IkpFTxUvPcTXS07y6DzkA,http://www.youtube.com/channel/UC2IkpFTxUvPcTXS07y6DzkA,Josue Thesis
UC2J-0g_nxlwcD9JBK1eTleQ,http://www.youtube.com/channel/UC2J-0g_nxlwcD9JBK1eTleQ,Auto Focus
UC2KMfg_xRqNLIB5jeUVpNGg,http://www.youtube.com/channel/UC2KMfg_xRqNLIB5jeUVpNGg,Max Holt
UC2KPz1oRihts9O7wGbdFojw,http://www.youtube.com/channel/UC2KPz1oRihts9O7wGbdFojw,Editor Tiebs
UC2Kaq_xADsJSi97iWbttPlQ,http://www.youtube.com/channel/UC2Kaq_xADsJSi97iWbttPlQ,MAISONdes -メゾン・デ- / 日曜日のメゾンデ
UC2LFlGjpnVLq8pVO7MDqi_g,http://www.youtube.com/channel/UC2LFlGjpnVLq8pVO7MDqi_g,Cee Jay🎀
UC2M1onO1rtXhH0WGkR04WyQ,http://www.youtube.com/channel/UC2M1onO1rtXhH0WGkR04WyQ,Buck
UC2ME6cK8jWnRSWyUdV0yWJw,http://www.youtube.com/channel/UC2ME6cK8jWnRSWyUdV0yWJw,Alexander Avila
UC2N7-BJin11z55RHU5FdJvw,http://www.youtube.com/channel/UC2N7-BJin11z55RHU5FdJvw,OzArmy
UC2O2xML7kL6Rbv3fjyi74xA,http://www.youtube.com/channel/UC2O2xML7kL6Rbv3fjyi74xA,Zach Star Himself
UC2PS9FNQYIPrtLHDNv-lL5A,http://www.youtube.com/channel/UC2PS9FNQYIPrtLHDNv-lL5A,Game of Tobi
UC2PcEPhxydGmXaAhd3pAwuA,http://www.youtube.com/channel/UC2PcEPhxydGmXaAhd3pAwuA,MuYe
UC2PguOIujY1ssrT-CjTGdng,http://www.youtube.com/channel/UC2PguOIujY1ssrT-CjTGdng,HouseMDClips
UC2PqMuVxs-y6zBJjNEyZa5A,http://www.youtube.com/channel/UC2PqMuVxs-y6zBJjNEyZa5A,tppo
UC2Q_Pmsa4hzte4chk6zQ9Ew,http://www.youtube.com/channel/UC2Q_Pmsa4hzte4chk6zQ9Ew,KENTO
UC2QrsAs1AKG4w2v0950SC2A,http://www.youtube.com/channel/UC2QrsAs1AKG4w2v0950SC2A,Sample
UC2ROWzLu4mHXV6NLuKvYXlw,http://www.youtube.com/channel/UC2ROWzLu4mHXV6NLuKvYXlw,throwaway
UC2RpxrkilRbhwED1YG4BUIA,http://www.youtube.com/channel/UC2RpxrkilRbhwED1YG4BUIA,Domotro from Combo Class
UC2SULg3-7btsFDz0xsQOr4g,http://www.youtube.com/channel/UC2SULg3-7btsFDz0xsQOr4g,YOIMKYLE
UC2SVI9I1L9Z79YbDgZqGIpw,http://www.youtube.com/channel/UC2SVI9I1L9Z79YbDgZqGIpw,Gaming Harry
UC2SxS5P71Ko7DmrFMxeHftg,http://www.youtube.com/channel/UC2SxS5P71Ko7DmrFMxeHftg,The Plop
UC2T3jXyb8PkuIEYX5MfI06A,http://www.youtube.com/channel/UC2T3jXyb8PkuIEYX5MfI06A,Tenfresh
UC2TRpRpIB9R1HrBSCkKnPaQ,http://www.youtube.com/channel/UC2TRpRpIB9R1HrBSCkKnPaQ,Potomy
UC2TT4PdhvEBgdAmrGv-2QuA,http://www.youtube.com/channel/UC2TT4PdhvEBgdAmrGv-2QuA,Samination
UC2TiXlAJMU_QI2XQnYypdtQ,http://www.youtube.com/channel/UC2TiXlAJMU_QI2XQnYypdtQ,Sbeev
UC2U7irSP2WTMbLKMkz34f9A,http://www.youtube.com/channel/UC2U7irSP2WTMbLKMkz34f9A,Marf
UC2UIZ4x2UI_3EzFv8R4a2vA,http://www.youtube.com/channel/UC2UIZ4x2UI_3EzFv8R4a2vA,ClippyTV
UC2VH05Fm4dIfp2gbFtkGNnA,http://www.youtube.com/channel/UC2VH05Fm4dIfp2gbFtkGNnA,T4thDoH
UC2WWYpxJrXPj3VOAmcem-Sw,http://www.youtube.com/channel/UC2WWYpxJrXPj3VOAmcem-Sw,Mirth
UC2X0FIFB4muo461avJj9C6g,http://www.youtube.com/channel/UC2X0FIFB4muo461avJj9C6g,OCT
UC2Xp5JeeO9sP6bhc-9yD1xA,http://www.youtube.com/channel/UC2Xp5JeeO9sP6bhc-9yD1xA,Scott Cawthon
UC2XtxZ5wwOhCcRc2SHwRNHw,http://www.youtube.com/channel/UC2XtxZ5wwOhCcRc2SHwRNHw,Rekzy
UC2ZUrVyPSf4aI6xZ9bp5Blg,http://www.youtube.com/channel/UC2ZUrVyPSf4aI6xZ9bp5Blg,Squibble
UC2aX5pHwNv9FxFg9Rnp-U0Q,http://www.youtube.com/channel/UC2aX5pHwNv9FxFg9Rnp-U0Q,Toiu
UC2as7PrmUgmdZAkMIWNY6EQ,http://www.youtube.com/channel/UC2as7PrmUgmdZAkMIWNY6EQ,Parcels
UC2avWDLN1EI3r1RZ_dlSxCw,http://www.youtube.com/channel/UC2avWDLN1EI3r1RZ_dlSxCw,Integza
UC2bW_AY9BlbYLGJSXAbjS4Q,http://www.youtube.com/channel/UC2bW_AY9BlbYLGJSXAbjS4Q,Live Speedy
UC2bWoD1AHvZM80cEkRx3Rmw,http://www.youtube.com/channel/UC2bWoD1AHvZM80cEkRx3Rmw,Torb
UC2bqwb-sN29e1aPhM4I7bjg,http://www.youtube.com/channel/UC2bqwb-sN29e1aPhM4I7bjg,ShakingClover
UC2eBMUTYqZSLrRJ1EBwJv-A,http://www.youtube.com/channel/UC2eBMUTYqZSLrRJ1EBwJv-A,Salim Benbouziyane
UC2eddeJoyByJBjE4CYXwNXQ,http://www.youtube.com/channel/UC2eddeJoyByJBjE4CYXwNXQ,Heather Feather ASMR
UC2fcKj_HNw9hUIkKAyR24Rw,http://www.youtube.com/channel/UC2fcKj_HNw9hUIkKAyR24Rw,David Browne
UC2gnn7cjYspWoAj2TCxnMxA,http://www.youtube.com/channel/UC2gnn7cjYspWoAj2TCxnMxA,Yap Emporium
UC2gufCjSyNihNbOEZE50bwQ,http://www.youtube.com/channel/UC2gufCjSyNihNbOEZE50bwQ,JudeLow
UC2hm5rD_IrfYRMfq5YQudgA,http://www.youtube.com/channel/UC2hm5rD_IrfYRMfq5YQudgA,Haminations
UC2htIc3-njRI5BKTJ2QqNfA,http://www.youtube.com/channel/UC2htIc3-njRI5BKTJ2QqNfA,Our Future
UC2iyG4YeRhCi54dJuHvdSjw,http://www.youtube.com/channel/UC2iyG4YeRhCi54dJuHvdSjw,Larry
UC2jdfMABSk4kLAP4mWua7Fg,http://www.youtube.com/channel/UC2jdfMABSk4kLAP4mWua7Fg,ItsSossBruh
UC2ll5NTPWw3RP6sV7eTmV8w,http://www.youtube.com/channel/UC2ll5NTPWw3RP6sV7eTmV8w,PopularMMOs Podcast
UC2luGY6AUvwHzcgGAGcEVkQ,http://www.youtube.com/channel/UC2luGY6AUvwHzcgGAGcEVkQ,Duke Fishron
UC2lwUgdqqnX-4ujT4ex5pxg,http://www.youtube.com/channel/UC2lwUgdqqnX-4ujT4ex5pxg,ynSection
UC2mP7il3YV7TxM_3m6U0bwA,http://www.youtube.com/channel/UC2mP7il3YV7TxM_3m6U0bwA,jschlattLIVE
UC2p36iYtfrAAgsVQBVfBIgg,http://www.youtube.com/channel/UC2p36iYtfrAAgsVQBVfBIgg,Little Onion
UC2qM6iSOcT3oLYCxw7BXO_w,http://www.youtube.com/channel/UC2qM6iSOcT3oLYCxw7BXO_w,outsider238
UC2qPtO6gmhGwVFXVYQoIIJw,http://www.youtube.com/channel/UC2qPtO6gmhGwVFXVYQoIIJw,NonAlcoholicBunnyBeer
UC2qVx43-rzVDR9iFa1dVdIQ,http://www.youtube.com/channel/UC2qVx43-rzVDR9iFa1dVdIQ,Purple Hair Guy
UC2qWxZHgnlwDvcmLqP23jrA,http://www.youtube.com/channel/UC2qWxZHgnlwDvcmLqP23jrA,Fall Out Boy
UC2rTBbXG_NwMVgtnSM0ErgQ,http://www.youtube.com/channel/UC2rTBbXG_NwMVgtnSM0ErgQ,vladde
UC2sBQQousbQIznOnA2A7xxQ,http://www.youtube.com/channel/UC2sBQQousbQIznOnA2A7xxQ,cloverdov
UC2t5bjwHdUX4vM2g8TRDq5g,http://www.youtube.com/channel/UC2t5bjwHdUX4vM2g8TRDq5g,League of Legends
UC2tsySbe9TNrI-xh2lximHA,http://www.youtube.com/channel/UC2tsySbe9TNrI-xh2lximHA,A4
UC2uwKk98o5PMRQvQyiGTOog,http://www.youtube.com/channel/UC2uwKk98o5PMRQvQyiGTOog,Kostamoinen
UC2uxjIodAjLGgdeZTVa5-KA,http://www.youtube.com/channel/UC2uxjIodAjLGgdeZTVa5-KA,Rec Room
UC2v9iAMYFDY-_eNw3t0W4-Q,http://www.youtube.com/channel/UC2v9iAMYFDY-_eNw3t0W4-Q,HONOR
UC2vSRqOFxo6gw1AP-WGMMJQ,http://www.youtube.com/channel/UC2vSRqOFxo6gw1AP-WGMMJQ,Samwitch
UC2wDdWYmm9zdBmzrwH86RwQ,http://www.youtube.com/channel/UC2wDdWYmm9zdBmzrwH86RwQ,Maxine the Fluffy Corgi
UC2wNnyb3vWhOt0K6LpBrtGg,http://www.youtube.com/channel/UC2wNnyb3vWhOt0K6LpBrtGg,Mental Checkpoint
UC2xlq1Y1hxg6L_UpgNnoEgA,http://www.youtube.com/channel/UC2xlq1Y1hxg6L_UpgNnoEgA,Nick Forslund
UC2z8HLrUbudYX_fTyLzpptw,http://www.youtube.com/channel/UC2z8HLrUbudYX_fTyLzpptw,Chewkz
UC2zN8G-hQBVc2l0Sgo78IpQ,http://www.youtube.com/channel/UC2zN8G-hQBVc2l0Sgo78IpQ,Creating Wealth
UC31msahuXK0g6Keb27d1wog,http://www.youtube.com/channel/UC31msahuXK0g6Keb27d1wog,NanoBaiter
UC32w6uX5qtmUtF4QQQ2PKaQ,http://www.youtube.com/channel/UC32w6uX5qtmUtF4QQQ2PKaQ,Hermitcraft Recap - a show by fans for fans
UC33E8VL2VpW3ACUNhkawWrQ,http://www.youtube.com/channel/UC33E8VL2VpW3ACUNhkawWrQ,F²Games
UC34SFOOp9QiG_h8IbJA0CUQ,http://www.youtube.com/channel/UC34SFOOp9QiG_h8IbJA0CUQ,CHANNEL RAMBLE
UC369-iFdOQjLKXE4v7sP6wQ,http://www.youtube.com/channel/UC369-iFdOQjLKXE4v7sP6wQ,Khaios
UC36F-l9pUINFbdVRuz9yu5w,http://www.youtube.com/channel/UC36F-l9pUINFbdVRuz9yu5w,Y3LLOW
UC37JdJiD6GykkB2HtNLIsRg,http://www.youtube.com/channel/UC37JdJiD6GykkB2HtNLIsRg,JzBoy
UC38KA-dyAZEen0yNxeJQ0jA,http://www.youtube.com/channel/UC38KA-dyAZEen0yNxeJQ0jA,MrForstadt
UC38ftB13JuihOn4IIF_g8tQ,http://www.youtube.com/channel/UC38ftB13JuihOn4IIF_g8tQ,MrWigglesworth
UC39XuoRWNr_clzreEgvjU-Q,http://www.youtube.com/channel/UC39XuoRWNr_clzreEgvjU-Q,axol
UC39a9uWnGIDYzi5BMndFmiw,http://www.youtube.com/channel/UC39a9uWnGIDYzi5BMndFmiw,Larry Gao
UC39v5wymxN8HPQvJeeK_09g,http://www.youtube.com/channel/UC39v5wymxN8HPQvJeeK_09g,TooTurntTony
UC3BTPa2FSYrKdonRBjPbiXQ,http://www.youtube.com/channel/UC3BTPa2FSYrKdonRBjPbiXQ,ReadKey
UC3BzPjKXYqTeTDAkzieE4DQ,http://www.youtube.com/channel/UC3BzPjKXYqTeTDAkzieE4DQ,ZVOID STUDIOS MSA - MY STORY ANIMATED
UC3CCG9wyx9IdyMbYLeRdcnw,http://www.youtube.com/channel/UC3CCG9wyx9IdyMbYLeRdcnw,sergey 25565
UC3CaH8Ksup5XPh64rTTSOVg,http://www.youtube.com/channel/UC3CaH8Ksup5XPh64rTTSOVg,John Chungus
UC3Dhhru82h2tFJpnzwI9Y3Q,http://www.youtube.com/channel/UC3Dhhru82h2tFJpnzwI9Y3Q,CyanSandwich
UC3FlD4ZgvL1xy1z-lZtMuFQ,http://www.youtube.com/channel/UC3FlD4ZgvL1xy1z-lZtMuFQ,BrosShot
UC3JKXXWqrpNebvdeN1sBpkA,http://www.youtube.com/channel/UC3JKXXWqrpNebvdeN1sBpkA,Eric Johnson
UC3KEoMzNz8eYnwBC34RaKCQ,http://www.youtube.com/channel/UC3KEoMzNz8eYnwBC34RaKCQ,Simone Giertz
UC3KjiZVaQwNB1w6F4DTvJ6g,http://www.youtube.com/channel/UC3KjiZVaQwNB1w6F4DTvJ6g,STUCUBE
UC3KpOXsDSoxK7mPr6RcSbPw,http://www.youtube.com/channel/UC3KpOXsDSoxK7mPr6RcSbPw,tlo_oly
UC3L5W3TI0qRQGrBxyxH3s1A,http://www.youtube.com/channel/UC3L5W3TI0qRQGrBxyxH3s1A,shawcat
UC3L9XPe0_FGfRG-CMGtBvFg,http://www.youtube.com/channel/UC3L9XPe0_FGfRG-CMGtBvFg,JxmyHighroller
UC3LQg8-jBjXzgPiADImsLFQ,http://www.youtube.com/channel/UC3LQg8-jBjXzgPiADImsLFQ,GAMEBRO 
UC3Liv5-jdU2Qk53lTtYDG2w,http://www.youtube.com/channel/UC3Liv5-jdU2Qk53lTtYDG2w,Chris and Jack
UC3NJVkGUkPwvWwWpQG-67Ag,http://www.youtube.com/channel/UC3NJVkGUkPwvWwWpQG-67Ag,FitFix 
UC3NjsLgRT9W1Z5f4_NSPXfg,http://www.youtube.com/channel/UC3NjsLgRT9W1Z5f4_NSPXfg,GamerCheetah
UC3OycnktjrKQzATI3Uovlow,http://www.youtube.com/channel/UC3OycnktjrKQzATI3Uovlow,Painticus
UC3RIcfnBQinhnhKHCIEA16Q,http://www.youtube.com/channel/UC3RIcfnBQinhnhKHCIEA16Q,Just Some Guy without a Mustache
UC3Ru3gHkS4C4MOdLUP7aWnA,http://www.youtube.com/channel/UC3Ru3gHkS4C4MOdLUP7aWnA,Victor Talking
UC3S-tYM-oNvzuCQHD8cUvqg,http://www.youtube.com/channel/UC3S-tYM-oNvzuCQHD8cUvqg,Lovejoy
UC3S8vxwRfqLBdIhgRlDRVzw,http://www.youtube.com/channel/UC3S8vxwRfqLBdIhgRlDRVzw,stacksmashing
UC3T5szYqgqk9Z9ucR4G2pyw,http://www.youtube.com/channel/UC3T5szYqgqk9Z9ucR4G2pyw,Saph
UC3TUlTqXu1Jc0jObZCPivAQ,http://www.youtube.com/channel/UC3TUlTqXu1Jc0jObZCPivAQ,Hawk Dev Games
UC3TXHbYaHbxkbWyk5Ro1PEQ,http://www.youtube.com/channel/UC3TXHbYaHbxkbWyk5Ro1PEQ,LuvLiam
UC3TfZoKNDKLzOdtns7vPDHw,http://www.youtube.com/channel/UC3TfZoKNDKLzOdtns7vPDHw,mmtfb
UC3TfsZXlOqmKTHM8KiaighA,http://www.youtube.com/channel/UC3TfsZXlOqmKTHM8KiaighA,ChrisDaCow
UC3UvQdo6zCOSULLjP4WWVdA,http://www.youtube.com/channel/UC3UvQdo6zCOSULLjP4WWVdA,PLAY
UC3Wjd7TzfReIIW5EskBLnqA,http://www.youtube.com/channel/UC3Wjd7TzfReIIW5EskBLnqA,Polyblank
UC3XI0MtMTgqauxFS3Umi5Eg,http://www.youtube.com/channel/UC3XI0MtMTgqauxFS3Umi5Eg,James Lee (Animation)
UC3Z2UxjU4tepwuCspe8fkng,http://www.youtube.com/channel/UC3Z2UxjU4tepwuCspe8fkng,Unofficial Jerma Clips
UC3ZS3Xuxa-wCDodymAl2mrQ,http://www.youtube.com/channel/UC3ZS3Xuxa-wCDodymAl2mrQ,CharlieAndLuke
UC3_H98ZINzMGlNOT_jg1HDw,http://www.youtube.com/channel/UC3_H98ZINzMGlNOT_jg1HDw,OceanX
UC3_Pyu80cvOQoz2WFjt0TEw,http://www.youtube.com/channel/UC3_Pyu80cvOQoz2WFjt0TEw,cakejumper
UC3_d1vQr0J4ooUgV0WyIXkw,http://www.youtube.com/channel/UC3_d1vQr0J4ooUgV0WyIXkw,The Joaquin Show official
UC3_ig57nX0zLhNwMFdu-t_A,http://www.youtube.com/channel/UC3_ig57nX0zLhNwMFdu-t_A,Thechrisbarnett
UC3_kehZbfRz-KrjXIqeIiPw,http://www.youtube.com/channel/UC3_kehZbfRz-KrjXIqeIiPw,Leadhead
UC3aBe_mB_93kw6zWV2qgMuw,http://www.youtube.com/channel/UC3aBe_mB_93kw6zWV2qgMuw,Paul Foisy Facts
UC3aUvjFtrd72JtbbvdE68-w,http://www.youtube.com/channel/UC3aUvjFtrd72JtbbvdE68-w,ManaMusic
UC3amErNMb-MgYCw0C3uuAPA,http://www.youtube.com/channel/UC3amErNMb-MgYCw0C3uuAPA,eternaliam
UC3azLjQuz9s5qk76KEXaTvA,http://www.youtube.com/channel/UC3azLjQuz9s5qk76KEXaTvA,suckerpinch
UC3bLiTc7_UpKSl0dnYR-d3A,http://www.youtube.com/channel/UC3bLiTc7_UpKSl0dnYR-d3A,HDPinkFloyd
UC3bvdpu6G14fFHya6dOmrIA,http://www.youtube.com/channel/UC3bvdpu6G14fFHya6dOmrIA,verd
UC3cpN6gcJQqcCM6mxRUo_dA,http://www.youtube.com/channel/UC3cpN6gcJQqcCM6mxRUo_dA,Wendigoon
UC3dWU8aIV9km9OtyV7GnrLQ,http://www.youtube.com/channel/UC3dWU8aIV9km9OtyV7GnrLQ,Davi Bloxian
UC3fCT-K6Ik05UBKIMuGTfsA,http://www.youtube.com/channel/UC3fCT-K6Ik05UBKIMuGTfsA,WhyJake
UC3gNmTGu-TTbFPpfSs5kNkg,http://www.youtube.com/channel/UC3gNmTGu-TTbFPpfSs5kNkg,Movieclips
UC3hvRn5xLBPe-RfiaLdd_fQ,http://www.youtube.com/channel/UC3hvRn5xLBPe-RfiaLdd_fQ,blunova
UC3iNdSV_RQU7DHTGpqEW96w,http://www.youtube.com/channel/UC3iNdSV_RQU7DHTGpqEW96w,wilfur
UC3iSKb7YbVusjazdAk3aJ_w,http://www.youtube.com/channel/UC3iSKb7YbVusjazdAk3aJ_w,Matan Animation Studios
UC3iXLabMi-9v7RDRDMyLvSQ,http://www.youtube.com/channel/UC3iXLabMi-9v7RDRDMyLvSQ,evanthorizon
UC3izYCSBcfi2LfdIr-qg0gQ,http://www.youtube.com/channel/UC3izYCSBcfi2LfdIr-qg0gQ,The Dragon's Tomb
UC3jtOrubh_bnYAHBxcPQO1Q,http://www.youtube.com/channel/UC3jtOrubh_bnYAHBxcPQO1Q,charlize chiu
UC3kbuutb64aHKPWzczKKftQ,http://www.youtube.com/channel/UC3kbuutb64aHKPWzczKKftQ,Muneer TY
UC3lBXcrKFnFAFkfVk5WuKcQ,http://www.youtube.com/channel/UC3lBXcrKFnFAFkfVk5WuKcQ,Kendrick Lamar
UC3lQ2_Ups3PAAGhivtKyo1Q,http://www.youtube.com/channel/UC3lQ2_Ups3PAAGhivtKyo1Q,Featureman
UC3lgiZYq4ceG6lW7mJNHtnQ,http://www.youtube.com/channel/UC3lgiZYq4ceG6lW7mJNHtnQ,Cosmeticboot
UC3ltptWa0xfrDweghW94Acg,http://www.youtube.com/channel/UC3ltptWa0xfrDweghW94Acg,Karl Jobst
UC3mY2SKYhPjqImtBBXsR6_Q,http://www.youtube.com/channel/UC3mY2SKYhPjqImtBBXsR6_Q,MayTree
UC3nPSqsmjmijeQPrqgGrTCw,http://www.youtube.com/channel/UC3nPSqsmjmijeQPrqgGrTCw,Jabezrtp
UC3nPaf5MeeDTHA2JN7clidg,http://www.youtube.com/channel/UC3nPaf5MeeDTHA2JN7clidg,Bellular News
UC3nfzdq-jEXg31Ge2VBHSVw,http://www.youtube.com/channel/UC3nfzdq-jEXg31Ge2VBHSVw,Musical Milkshake
UC3nqznCgNiIscPcRzbL-myA,http://www.youtube.com/channel/UC3nqznCgNiIscPcRzbL-myA,Red Cube Studios
UC3qMJjC1CEiCPduY52xq0AA,http://www.youtube.com/channel/UC3qMJjC1CEiCPduY52xq0AA,Kevin Moonlight
UC3qbvcgOHXRIFIofXyd1vBw,http://www.youtube.com/channel/UC3qbvcgOHXRIFIofXyd1vBw,Mic The Snare
UC3rbDSNQW0WQElvO5-Gdi8g,http://www.youtube.com/channel/UC3rbDSNQW0WQElvO5-Gdi8g,ElBot ExplorerX
UC3sbjt9jIZc1W3wfVlYbG8Q,http://www.youtube.com/channel/UC3sbjt9jIZc1W3wfVlYbG8Q,Luther Vandross
UC3sznuotAs2ohg_U__Jzj_Q,http://www.youtube.com/channel/UC3sznuotAs2ohg_U__Jzj_Q,The Film Theorists
UC3tJKuDoJSN2dMbd8ViAHug,http://www.youtube.com/channel/UC3tJKuDoJSN2dMbd8ViAHug,House House
UC3tMH8u6yG3mSxi-qpfmpkA,http://www.youtube.com/channel/UC3tMH8u6yG3mSxi-qpfmpkA,TomSka & Friends
UC3tQg4xqfp1-qMJhMj3kS2w,http://www.youtube.com/channel/UC3tQg4xqfp1-qMJhMj3kS2w,Wymsicaal
UC3ti8PjJczdDKHSwk7TESkw,http://www.youtube.com/channel/UC3ti8PjJczdDKHSwk7TESkw,ohnepixel
UC3uLcsoLjYUGLni9Ezqnbvg,http://www.youtube.com/channel/UC3uLcsoLjYUGLni9Ezqnbvg,Pontypants1
UC3uNvVkc8yj11uRg1lK9tPw,http://www.youtube.com/channel/UC3uNvVkc8yj11uRg1lK9tPw,CxleTemplin
UC3unYGi_dcHpgXvJhysWuzw,http://www.youtube.com/channel/UC3unYGi_dcHpgXvJhysWuzw,Kaboom Roads
UC3v6sjWuPxtW36jQ-if4OuA,http://www.youtube.com/channel/UC3v6sjWuPxtW36jQ-if4OuA,Imbrandonfarris
UC3vKwWrjqFnKziltv_lJJIw,http://www.youtube.com/channel/UC3vKwWrjqFnKziltv_lJJIw,Spill & Matcha
UC3vv2gE__4sM84aEo5aSZPA,http://www.youtube.com/channel/UC3vv2gE__4sM84aEo5aSZPA,Battery Tea
UC3wXNek0WLlrsirz2oz-UEQ,http://www.youtube.com/channel/UC3wXNek0WLlrsirz2oz-UEQ,Knarfy
UC3wc2MERkKAqNEtaiQslC-A,http://www.youtube.com/channel/UC3wc2MERkKAqNEtaiQslC-A,Hangtime
UC3weMspMB9NQ8rn_G75yeSg,http://www.youtube.com/channel/UC3weMspMB9NQ8rn_G75yeSg,IO Interactive
UC3x70uyxgntVRY3wbDZt13A,http://www.youtube.com/channel/UC3x70uyxgntVRY3wbDZt13A,lightmonotone
UC3xZYc4SZUGfRERIvDRGqDQ,http://www.youtube.com/channel/UC3xZYc4SZUGfRERIvDRGqDQ,Skip the Tutorial
UC3y2-WT6msku5h7soY9i5Cg,http://www.youtube.com/channel/UC3y2-WT6msku5h7soY9i5Cg,Real_Human_1000
UC3yykSIa_1av1cs9jNO0XWw,http://www.youtube.com/channel/UC3yykSIa_1av1cs9jNO0XWw,MusicalMoongirl
UC3zq61ohZJl8kc7jiSrH-Hg,http://www.youtube.com/channel/UC3zq61ohZJl8kc7jiSrH-Hg,Kwe The Artist
UC4-3coKq1GwLkfOomm0mLzg,http://www.youtube.com/channel/UC4-3coKq1GwLkfOomm0mLzg,Neuro-sama - Official Clips
UC4-79UOlP48-QNGgCko5p2g,http://www.youtube.com/channel/UC4-79UOlP48-QNGgCko5p2g,MrBeast 2
UC4-KglLgi2JMDiJLfteayGg,http://www.youtube.com/channel/UC4-KglLgi2JMDiJLfteayGg,Underdogs
UC4-_-xhZkEAj2iVnQrdIRNQ,http://www.youtube.com/channel/UC4-_-xhZkEAj2iVnQrdIRNQ,The Octazen 
UC415bOPUcGSamy543abLmRA,http://www.youtube.com/channel/UC415bOPUcGSamy543abLmRA,Cleo Abram
UC41XltM6SXIwAU8BBpfNyuw,http://www.youtube.com/channel/UC41XltM6SXIwAU8BBpfNyuw,MiseryCaster
UC41ZwGKy2KewJvud4p-IXUw,http://www.youtube.com/channel/UC41ZwGKy2KewJvud4p-IXUw,Ninja Kiwi
UC41l_Utsx2TEx3LbWFhtO0w,http://www.youtube.com/channel/UC41l_Utsx2TEx3LbWFhtO0w,Fishy Science
UC41z1c5ZlERyGfItcQdi-Cg,http://www.youtube.com/channel/UC41z1c5ZlERyGfItcQdi-Cg,PACIL
UC42FhZ-P0AO_fA_jt-HXQgQ,http://www.youtube.com/channel/UC42FhZ-P0AO_fA_jt-HXQgQ,RecoMacalis
UC43WnfLb0ExmJlE764UxHSw,http://www.youtube.com/channel/UC43WnfLb0ExmJlE764UxHSw,nanstuff3
UC451PIF8rykIfv0X37Gr6PQ,http://www.youtube.com/channel/UC451PIF8rykIfv0X37Gr6PQ,Whobilly
UC45ROWgOysjjoV6BBQ1rF-A,http://www.youtube.com/channel/UC45ROWgOysjjoV6BBQ1rF-A,Twisoh Media
UC47AYUs8AVU1QsT5LhpXjaw,http://www.youtube.com/channel/UC47AYUs8AVU1QsT5LhpXjaw,ジャンプチャンネル
UC47SKxzL0IAgU5TA0QUwpKQ,http://www.youtube.com/channel/UC47SKxzL0IAgU5TA0QUwpKQ,Christian Selig
UC47bVM4Nh93_pNMOFgb3XxQ,http://www.youtube.com/channel/UC47bVM4Nh93_pNMOFgb3XxQ,golfcart
UC47kJWRBD-NREBvmBg5kWeA,http://www.youtube.com/channel/UC47kJWRBD-NREBvmBg5kWeA,King Von
UC48U2tYs29-EpFaxpFMxPPQ,http://www.youtube.com/channel/UC48U2tYs29-EpFaxpFMxPPQ,FlexiSpot
UC48k6pf7q3ycgd1U46b8GHA,http://www.youtube.com/channel/UC48k6pf7q3ycgd1U46b8GHA,English by Stéaviñ | EBS Tutorials
UC4A7pFGOj7Gzyp0xaFzht4A,http://www.youtube.com/channel/UC4A7pFGOj7Gzyp0xaFzht4A,LegoBricks Studio
UC4AMpzylUShLdEJPhaVXwXg,http://www.youtube.com/channel/UC4AMpzylUShLdEJPhaVXwXg,Life with bikes
UC4B9zxQYHUn1-P-TID-IQ-Q,http://www.youtube.com/channel/UC4B9zxQYHUn1-P-TID-IQ-Q,Fall Damage
UC4BGutC_CNefeMLs24-XZFA,http://www.youtube.com/channel/UC4BGutC_CNefeMLs24-XZFA,Kleric
UC4BzfoDeAwqdNckkp0htOuQ,http://www.youtube.com/channel/UC4BzfoDeAwqdNckkp0htOuQ,TAMU Physics & Astronomy
UC4CVLBUj7Zy9PwUHv58x4sg,http://www.youtube.com/channel/UC4CVLBUj7Zy9PwUHv58x4sg,Even Idiots Can Make Anime
UC4Cm9hdrpEvpZGVjD9keFow,http://www.youtube.com/channel/UC4Cm9hdrpEvpZGVjD9keFow,Nightweaver20xx
UC4CqxR8slGsESS81I47F1Aw,http://www.youtube.com/channel/UC4CqxR8slGsESS81I47F1Aw,The Prophecy
UC4CsqctrGOn4NTz09sAhXwQ,http://www.youtube.com/channel/UC4CsqctrGOn4NTz09sAhXwQ,Macho Nacho Productions
UC4EBUVyRd-sM43JRJFszg2w,http://www.youtube.com/channel/UC4EBUVyRd-sM43JRJFszg2w,Savannah Light
UC4EFgGdLCsUKXO4LzMfypMA,http://www.youtube.com/channel/UC4EFgGdLCsUKXO4LzMfypMA,Power Pak
UC4EQHfzIbkL_Skit_iKt1aA,http://www.youtube.com/channel/UC4EQHfzIbkL_Skit_iKt1aA,Moist Charlie Clips
UC4ETRtr3HDszFbt5xvYxihA,http://www.youtube.com/channel/UC4ETRtr3HDszFbt5xvYxihA,Blaze
UC4FksJo-YxhXb7pKkuudpFA,http://www.youtube.com/channel/UC4FksJo-YxhXb7pKkuudpFA,RitoHeartz
UC4G10tk3AHFuyMIuD3rHOBA,http://www.youtube.com/channel/UC4G10tk3AHFuyMIuD3rHOBA,RDCworld1
UC4GRxPQ7XamQZduBbbinruA,http://www.youtube.com/channel/UC4GRxPQ7XamQZduBbbinruA,Daddy
UC4GXMHCwmONp6XFRB5SayAg,http://www.youtube.com/channel/UC4GXMHCwmONp6XFRB5SayAg,なとり / natori
UC4GaWcWGhh5n1WmJvb1oBkA,http://www.youtube.com/channel/UC4GaWcWGhh5n1WmJvb1oBkA,PuzzLEGO
UC4H-ZCWtcUWG2spETNviSwQ,http://www.youtube.com/channel/UC4H-ZCWtcUWG2spETNviSwQ,Carlo The Broadcaster
UC4Hdb26_xnPQsntwLazMqYw,http://www.youtube.com/channel/UC4Hdb26_xnPQsntwLazMqYw,TheLearningStation - Kids Songs and Nursery Rhymes
UC4HrooaQHsUuHvuk7pqEocA,http://www.youtube.com/channel/UC4HrooaQHsUuHvuk7pqEocA,AdvancedGaming
UC4K6tc2C0hauYw5SoXNtkbA,http://www.youtube.com/channel/UC4K6tc2C0hauYw5SoXNtkbA,Reid Stefan
UC4MGZcDG5hnzpi3hDpORkXw,http://www.youtube.com/channel/UC4MGZcDG5hnzpi3hDpORkXw,MxR 
UC4NaQpVsaX8wSl0CP4ge05w,http://www.youtube.com/channel/UC4NaQpVsaX8wSl0CP4ge05w,Cakema
UC4NoosYXjzgiuycdmEqrwiQ,http://www.youtube.com/channel/UC4NoosYXjzgiuycdmEqrwiQ,Nyanthelstan Clips
UC4Nx2rKxRvfFeYGVIS0akwg,http://www.youtube.com/channel/UC4Nx2rKxRvfFeYGVIS0akwg,Finding The Force
UC4OPqfX3clJgmb_K72Pu-kA,http://www.youtube.com/channel/UC4OPqfX3clJgmb_K72Pu-kA,3D Printer Academy
UC4OVVw3FpNUeqmIMhB62gKg,http://www.youtube.com/channel/UC4OVVw3FpNUeqmIMhB62gKg,Stacks
UC4P8ylz0_93VaFDtO8CXRNQ,http://www.youtube.com/channel/UC4P8ylz0_93VaFDtO8CXRNQ,TraxNYC Diamond Jewelry
UC4PIiYewI1YGyiZvgNlJNrA,http://www.youtube.com/channel/UC4PIiYewI1YGyiZvgNlJNrA,Charles Cornell
UC4PQqjGczpgmqbpicKjkwvw,http://www.youtube.com/channel/UC4PQqjGczpgmqbpicKjkwvw,Druski
UC4PooiX37Pld1T8J5SYT-SQ,http://www.youtube.com/channel/UC4PooiX37Pld1T8J5SYT-SQ,Good Mythical Morning
UC4PziMH5MvvsmqM0VCZTy-g,http://www.youtube.com/channel/UC4PziMH5MvvsmqM0VCZTy-g,The Graham Norton Show
UC4QZ_LsYcvcq7qOsOhpAX4A,http://www.youtube.com/channel/UC4QZ_LsYcvcq7qOsOhpAX4A,ColdFusion
UC4QobU6STFB0P71PMvOGN5A,http://www.youtube.com/channel/UC4QobU6STFB0P71PMvOGN5A,jawed
UC4R_7GTIA78e_VfoBsweP6w,http://www.youtube.com/channel/UC4R_7GTIA78e_VfoBsweP6w,Zero Kanao Ch.
UC4RzWmN1PJ4CjnxagIAQOAA,http://www.youtube.com/channel/UC4RzWmN1PJ4CjnxagIAQOAA,Cohen Thompson
UC4S9y6e4UUE8w0qGFEnAj2A,http://www.youtube.com/channel/UC4S9y6e4UUE8w0qGFEnAj2A,JK Keller
UC4SKVY4WndboVCIKMmti8ag,http://www.youtube.com/channel/UC4SKVY4WndboVCIKMmti8ag,pretty woman kitchen
UC4STm5KlYBHfn_bA6bjsYjQ,http://www.youtube.com/channel/UC4STm5KlYBHfn_bA6bjsYjQ,CiblesGD
UC4SUWizzKc1tptprBkWjX2Q,http://www.youtube.com/channel/UC4SUWizzKc1tptprBkWjX2Q,South China Morning Post
UC4SfyMn4KmBA7GROJqwn3Ow,http://www.youtube.com/channel/UC4SfyMn4KmBA7GROJqwn3Ow,TheRogueRenegade
UC4Sh3cP9IAyDfsrFju0eRdg,http://www.youtube.com/channel/UC4Sh3cP9IAyDfsrFju0eRdg,Gio San Pedro
UC4UDM9EMX1oMOpUYe7-aWlw,http://www.youtube.com/channel/UC4UDM9EMX1oMOpUYe7-aWlw,Cube Master
UC4UNqGYuB2q49GzGD_CBIVQ,http://www.youtube.com/channel/UC4UNqGYuB2q49GzGD_CBIVQ,TrixyBlox
UC4UlJe7zAB8_J-JdwFI-zkw,http://www.youtube.com/channel/UC4UlJe7zAB8_J-JdwFI-zkw,the stranger girl
UC4V84y8cUtthXhRzLKSly7A,http://www.youtube.com/channel/UC4V84y8cUtthXhRzLKSly7A,Dave Jorgenson
UC4VGTEefYBslfKAGfJ_NA1Q,http://www.youtube.com/channel/UC4VGTEefYBslfKAGfJ_NA1Q,painfulset
UC4WI5HxNFLwaTqy03egFqVg,http://www.youtube.com/channel/UC4WI5HxNFLwaTqy03egFqVg,Avghans
UC4WnO_3MJDqrkikeOgNaPPg,http://www.youtube.com/channel/UC4WnO_3MJDqrkikeOgNaPPg,Nintenduo World
UC4XJeGGdXj0vA4CxDDJ8J_A,http://www.youtube.com/channel/UC4XJeGGdXj0vA4CxDDJ8J_A,Cakes & Eclairs
UC4YaOt1yT-ZeyB0OmxHgolA,http://www.youtube.com/channel/UC4YaOt1yT-ZeyB0OmxHgolA,Kizuna AI - A.I.Channel
UC4Z0-IVlO24QaVF-v6-iMbA,http://www.youtube.com/channel/UC4Z0-IVlO24QaVF-v6-iMbA,Half-Life Alyx NoVR
UC4Z8mPYjn6Dhr6n531YDh0Q,http://www.youtube.com/channel/UC4Z8mPYjn6Dhr6n531YDh0Q,UFD Tech
UC4ZIYVSrF-OFJ-9uqbeHSzA,http://www.youtube.com/channel/UC4ZIYVSrF-OFJ-9uqbeHSzA,guramee
UC4_FwMP_wlOYb8yvZkdKJeA,http://www.youtube.com/channel/UC4_FwMP_wlOYb8yvZkdKJeA,SmashBits Animations
UC4a0kbdAhi-Rw4MrGxZdwgg,http://www.youtube.com/channel/UC4a0kbdAhi-Rw4MrGxZdwgg,pdbass
UC4a7XZFox9WkdfBko5dYuAA,http://www.youtube.com/channel/UC4a7XZFox9WkdfBko5dYuAA,MclovinTheGreat
UC4a9LfdavRlVMaSSWFdIciA,http://www.youtube.com/channel/UC4a9LfdavRlVMaSSWFdIciA,RobWords
UC4aHD47WKM7vASmwdLFjBig,http://www.youtube.com/channel/UC4aHD47WKM7vASmwdLFjBig,Roo Tech
UC4bq21IPPbpu0Qrsl7LW0sw,http://www.youtube.com/channel/UC4bq21IPPbpu0Qrsl7LW0sw,Slidebean
UC4coP-V9dXVn2xQkvHpfcBg,http://www.youtube.com/channel/UC4coP-V9dXVn2xQkvHpfcBg,Shain Isley
UC4ds6EhABQh4lMh3d3T7c3A,http://www.youtube.com/channel/UC4ds6EhABQh4lMh3d3T7c3A,Joshua Robello
UC4eYXhJI4-7wSWc8UNRwD4A,http://www.youtube.com/channel/UC4eYXhJI4-7wSWc8UNRwD4A,NPR Music
UC4g1niWj3_eXiBPERvatsFA,http://www.youtube.com/channel/UC4g1niWj3_eXiBPERvatsFA,The Pitch Show
UC4gEs2SNPr8GBNcdbQGnLjg,http://www.youtube.com/channel/UC4gEs2SNPr8GBNcdbQGnLjg,MDrepairs
UC4gbCGiEov1VAcOFpfGKPiA,http://www.youtube.com/channel/UC4gbCGiEov1VAcOFpfGKPiA,Built IRL
UC4kzD9kW5l790Cd-vtLtjWg,http://www.youtube.com/channel/UC4kzD9kW5l790Cd-vtLtjWg,Civilian Tactical
UC4lwVwg0wBiJoN5i_43R53w,http://www.youtube.com/channel/UC4lwVwg0wBiJoN5i_43R53w,Jaron Myers
UC4m1l1G3tpb4C1EiljBLI3A,http://www.youtube.com/channel/UC4m1l1G3tpb4C1EiljBLI3A,Joe
UC4m8Q3fAugIWApKdljCjHpg,http://www.youtube.com/channel/UC4m8Q3fAugIWApKdljCjHpg,Moments Around Us
UC4mOQ1aopZtTDTAoDoyklxg,http://www.youtube.com/channel/UC4mOQ1aopZtTDTAoDoyklxg,Chris Slayton
UC4mTBH5mPuoFYGOUffwoWdw,http://www.youtube.com/channel/UC4mTBH5mPuoFYGOUffwoWdw,RTINGS Computer
UC4oDPT1QlVf7bxxoxirxdqw,http://www.youtube.com/channel/UC4oDPT1QlVf7bxxoxirxdqw,The Shuckmeister
UC4p4iLyBCVvYSY41iI4b25A,http://www.youtube.com/channel/UC4p4iLyBCVvYSY41iI4b25A,Iᘜᑌᗩᑎᗩ
UC4pNDofN0Xh-z2bhh62g8Ow,http://www.youtube.com/channel/UC4pNDofN0Xh-z2bhh62g8Ow,Not What You Think
UC4qGmRZ7aLOLfVsSdj5Se2A,http://www.youtube.com/channel/UC4qGmRZ7aLOLfVsSdj5Se2A,Collider Behind the Scenes
UC4qdHN4zHhd4VvNy3zNgXPA,http://www.youtube.com/channel/UC4qdHN4zHhd4VvNy3zNgXPA,SmallishBeans
UC4rUBftEGx7BQORvpKxHGiQ,http://www.youtube.com/channel/UC4rUBftEGx7BQORvpKxHGiQ,Alex
UC4rqhyiTs7XyuODcECvuiiQ,http://www.youtube.com/channel/UC4rqhyiTs7XyuODcECvuiiQ,Scott The Woz
UC4s9uFDMFiGH7j2IOBXFl8w,http://www.youtube.com/channel/UC4s9uFDMFiGH7j2IOBXFl8w,Bachware
UC4sIlJNOYDi9F0QMFyhOmiw,http://www.youtube.com/channel/UC4sIlJNOYDi9F0QMFyhOmiw,Nuts
UC4tOrC-cMzgpBWZBe-VHECQ,http://www.youtube.com/channel/UC4tOrC-cMzgpBWZBe-VHECQ,Studio 64 Bits
UC4u81gKiXtYnc4XxyBBGSzg,http://www.youtube.com/channel/UC4u81gKiXtYnc4XxyBBGSzg,Azuki
UC4uKK_YwAxTfad3x8cAJb6A,http://www.youtube.com/channel/UC4uKK_YwAxTfad3x8cAJb6A,CjTheseDays
UC4ugHS1Le70jWlF85ofLNlA,http://www.youtube.com/channel/UC4ugHS1Le70jWlF85ofLNlA,Davao Conyo Dub
UC4vnHZVLYKUvRTMTun8y3cw,http://www.youtube.com/channel/UC4vnHZVLYKUvRTMTun8y3cw,GroovyDominoes52
UC4xDSns6pgprIr0jbY5BjSQ,http://www.youtube.com/channel/UC4xDSns6pgprIr0jbY5BjSQ,Radextrem
UC4xHcg7a7hMoHgXerjRKiyA,http://www.youtube.com/channel/UC4xHcg7a7hMoHgXerjRKiyA,Brennan Rogers
UC4xU9_w9-qS4VY6HT9A9zzQ,http://www.youtube.com/channel/UC4xU9_w9-qS4VY6HT9A9zzQ,RealityX Light
UC4xZF3xguQCG76hZVUivoXw,http://www.youtube.com/channel/UC4xZF3xguQCG76hZVUivoXw,91Tech
UC4ymTiNToVlKc91VOLV1W7w,http://www.youtube.com/channel/UC4ymTiNToVlKc91VOLV1W7w,Kinzary
UC4ysRZjlFzrMffsWa63GqIA,http://www.youtube.com/channel/UC4ysRZjlFzrMffsWa63GqIA,Snowman64
UC4zzTEL5tuIgGMvzjk1Ozbg,http://www.youtube.com/channel/UC4zzTEL5tuIgGMvzjk1Ozbg,Henry Segerman
UC5-_Wh68FLl0xkyByuOzWmg,http://www.youtube.com/channel/UC5-_Wh68FLl0xkyByuOzWmg,Christian Meglio
UC50dBLufzcsaZ6Pf-FRy7Qg,http://www.youtube.com/channel/UC50dBLufzcsaZ6Pf-FRy7Qg,Cydrow
UC510QYlOlKNyhy_zdQxnGYw,http://www.youtube.com/channel/UC510QYlOlKNyhy_zdQxnGYw,Simple History
UC513PdAP2-jWkJunTh5kXRw,http://www.youtube.com/channel/UC513PdAP2-jWkJunTh5kXRw,CrunchLabs
UC51G-DtwoH_5pdfkuQZV5mQ,http://www.youtube.com/channel/UC51G-DtwoH_5pdfkuQZV5mQ,PAKKA
UC51RU6EI8IBwzqmcZdPaGuQ,http://www.youtube.com/channel/UC51RU6EI8IBwzqmcZdPaGuQ,NYANWHEEZE
UC51gev84YVhakg3bz-0nhrw,http://www.youtube.com/channel/UC51gev84YVhakg3bz-0nhrw,KimiSha19
UC52M1H2B-QJTJOfAp9ZmLbQ,http://www.youtube.com/channel/UC52M1H2B-QJTJOfAp9ZmLbQ,wealthivora
UC52kszkc08-acFOuogFl5jw,http://www.youtube.com/channel/UC52kszkc08-acFOuogFl5jw,Tibees
UC52xVh2VZDtLtCNAfyBAyhQ,http://www.youtube.com/channel/UC52xVh2VZDtLtCNAfyBAyhQ,InfamousInvictis
UC54WYEsfr3IW-P-AsPWqGjw,http://www.youtube.com/channel/UC54WYEsfr3IW-P-AsPWqGjw,opprentice
UC54pKO40G0thcBF5mOy6Gvw,http://www.youtube.com/channel/UC54pKO40G0thcBF5mOy6Gvw,Alex Eala 101
UC54w2TX_xUNPQ0d-3VvbsHQ,http://www.youtube.com/channel/UC54w2TX_xUNPQ0d-3VvbsHQ,Futurology
UC55G1gMis6aTZeBYuxLuFAQ,http://www.youtube.com/channel/UC55G1gMis6aTZeBYuxLuFAQ,MaximumADHD
UC55bOImHKjC78yGLVAoYChQ,http://www.youtube.com/channel/UC55bOImHKjC78yGLVAoYChQ,Pink Hamster
UC56CIdqj-Ski8Jt6brXGE3A,http://www.youtube.com/channel/UC56CIdqj-Ski8Jt6brXGE3A,More Aj
UC57DaDeQawcbBlLmKDB28VQ,http://www.youtube.com/channel/UC57DaDeQawcbBlLmKDB28VQ,Binge Rampage
UC57GF81FxsfGgSLNVBti2uw,http://www.youtube.com/channel/UC57GF81FxsfGgSLNVBti2uw,StormGmz
UC592F-w57jI4mtoiB9ga0pg,http://www.youtube.com/channel/UC592F-w57jI4mtoiB9ga0pg,JOHN JUSAY TV
UC5AV3umSfXgwTMsOPKV2A6A,http://www.youtube.com/channel/UC5AV3umSfXgwTMsOPKV2A6A,NEET EDITz
UC5Axef4J11DIu17y2RKVqNQ,http://www.youtube.com/channel/UC5Axef4J11DIu17y2RKVqNQ,The Present Past
UC5B7Z-cTk5peAeTRH9MTY2w,http://www.youtube.com/channel/UC5B7Z-cTk5peAeTRH9MTY2w,Jaiz
UC5B9H4l2vtgo7cAoExcFh-w,http://www.youtube.com/channel/UC5B9H4l2vtgo7cAoExcFh-w,Judson Laipply
UC5BQh2Gzy1HmikMOZejrtaA,http://www.youtube.com/channel/UC5BQh2Gzy1HmikMOZejrtaA,King Pou
UC5BTcArAnit9p5W7etFsPsA,http://www.youtube.com/channel/UC5BTcArAnit9p5W7etFsPsA,teamfortress
UC5C5W4AMT1x7W1n4d3gqSig,http://www.youtube.com/channel/UC5C5W4AMT1x7W1n4d3gqSig,Mirage
UC5CUtFP0vJCCgd_iVbVytKw,http://www.youtube.com/channel/UC5CUtFP0vJCCgd_iVbVytKw,Neurosoda
UC5Cb06UAgmNke1I6RmZQOQA,http://www.youtube.com/channel/UC5Cb06UAgmNke1I6RmZQOQA,KaleTheLeaf
UC5CwaMl1eIgY8h02uZw7u8A,http://www.youtube.com/channel/UC5CwaMl1eIgY8h02uZw7u8A,Suisei Channel
UC5Ddu9Hy-msP4HZ6smZF02g,http://www.youtube.com/channel/UC5Ddu9Hy-msP4HZ6smZF02g,Nandre Clips
UC5Dvj6MhiezzNbBu7FsCHog,http://www.youtube.com/channel/UC5Dvj6MhiezzNbBu7FsCHog,CoinMarketNews
UC5EBi3gGpKbr8XpZpKAX85g,http://www.youtube.com/channel/UC5EBi3gGpKbr8XpZpKAX85g,Drillage Time
UC5FnbhaBCMoTshtxC32hCsw,http://www.youtube.com/channel/UC5FnbhaBCMoTshtxC32hCsw,Stephen and David
UC5GpNHRBAaYi-l1k2cXXNyQ,http://www.youtube.com/channel/UC5GpNHRBAaYi-l1k2cXXNyQ,Scribbl
UC5HQyOJ1vBd5XwjfdwFeb1Q,http://www.youtube.com/channel/UC5HQyOJ1vBd5XwjfdwFeb1Q,DoublePositive
UC5HTVmqT5y49_J79Nbk1tNw,http://www.youtube.com/channel/UC5HTVmqT5y49_J79Nbk1tNw,Eric's Realm
UC5H_KXkPbEsGs0tFt8R35mA,http://www.youtube.com/channel/UC5H_KXkPbEsGs0tFt8R35mA,Martin Garrix
UC5HwceAVbRH7sKrmucI5onQ,http://www.youtube.com/channel/UC5HwceAVbRH7sKrmucI5onQ,Penthouse
UC5I2hjZYiW9gZPVkvzM8_Cw,http://www.youtube.com/channel/UC5I2hjZYiW9gZPVkvzM8_Cw,Techmoan
UC5I5bRqBKcMCkJpGqF1Ij1Q,http://www.youtube.com/channel/UC5I5bRqBKcMCkJpGqF1Ij1Q,Visualax grad
UC5Jx39P_b1VOk5qKn1buxLg,http://www.youtube.com/channel/UC5Jx39P_b1VOk5qKn1buxLg,Red deer
UC5KJswNCRQmCgUcgsdbICzw,http://www.youtube.com/channel/UC5KJswNCRQmCgUcgsdbICzw,Legomanarthur
UC5KQFiOi-m9ZVtm3ja5L4uQ,http://www.youtube.com/channel/UC5KQFiOi-m9ZVtm3ja5L4uQ,hitherehunter
UC5MDwNWSV7H_nefRVtPmEaw,http://www.youtube.com/channel/UC5MDwNWSV7H_nefRVtPmEaw,Jorduino
UC5Mk3Pv0ZCAEjuXpcqeDwmw,http://www.youtube.com/channel/UC5Mk3Pv0ZCAEjuXpcqeDwmw,Unbreakable
UC5NT5DADrZ4LWBkr-5XVAaA,http://www.youtube.com/channel/UC5NT5DADrZ4LWBkr-5XVAaA,ALEX THE TRUCKING GUY
UC5OR77ZboRTTLi41KXbDlyQ,http://www.youtube.com/channel/UC5OR77ZboRTTLi41KXbDlyQ,Adsapaps
UC5OrDvL9DscpcAstz7JnQGA,http://www.youtube.com/channel/UC5OrDvL9DscpcAstz7JnQGA,Michael Jackson
UC5Pwhy8WqjxD4FoBxZ1n8QQ,http://www.youtube.com/channel/UC5Pwhy8WqjxD4FoBxZ1n8QQ,first name last name
UC5RTsWNB5caZK0549G5t0tg,http://www.youtube.com/channel/UC5RTsWNB5caZK0549G5t0tg,honmi
UC5RpbFDGW-pgOaRMDUYpBFw,http://www.youtube.com/channel/UC5RpbFDGW-pgOaRMDUYpBFw,Alpharad LIVE
UC5S2KyRleGvMNoJcA2SLMYA,http://www.youtube.com/channel/UC5S2KyRleGvMNoJcA2SLMYA,RetroMels
UC5S8dDswLqbnm9fuZ8Z2ntQ,http://www.youtube.com/channel/UC5S8dDswLqbnm9fuZ8Z2ntQ,TWIN ENGINE
UC5SdjZY2S6nbuCwXb-8pMiQ,http://www.youtube.com/channel/UC5SdjZY2S6nbuCwXb-8pMiQ,The UI Maestro
UC5SjVjNWrmc3qE__AIAC81g,http://www.youtube.com/channel/UC5SjVjNWrmc3qE__AIAC81g,Ncraft
UC5U2YGXugGx_gBz2Vnk-3PQ,http://www.youtube.com/channel/UC5U2YGXugGx_gBz2Vnk-3PQ,Runky Raider
UC5UKHJ5-B67gI6cRuVrVcSQ,http://www.youtube.com/channel/UC5UKHJ5-B67gI6cRuVrVcSQ,Scurri
UC5UYMeKfZbFYnLHzoTJB1xA,http://www.youtube.com/channel/UC5UYMeKfZbFYnLHzoTJB1xA,Schaffrillas Productions
UC5W9GNUW0nMaj62NlGpuZAQ,http://www.youtube.com/channel/UC5W9GNUW0nMaj62NlGpuZAQ,Sumwan
UC5WxE4Dy6SBBjvxrqLH7ijA,http://www.youtube.com/channel/UC5WxE4Dy6SBBjvxrqLH7ijA,Fennix
UC5_BOeNwrzf-YVtbe1pirLA,http://www.youtube.com/channel/UC5_BOeNwrzf-YVtbe1pirLA,p2wiki
UC5_lHNDxaUtw1-zIHwysuXQ,http://www.youtube.com/channel/UC5_lHNDxaUtw1-zIHwysuXQ,Nicholas Haggkvist
UC5_pDWCrgnvP4YpWsWFPv7g,http://www.youtube.com/channel/UC5_pDWCrgnvP4YpWsWFPv7g,Sonsss
UC5_psDGsslV1tEt6rPJjG1w,http://www.youtube.com/channel/UC5_psDGsslV1tEt6rPJjG1w,Distracted Coder
UC5bN6XKHDCFt_wYAJmsP_Mg,http://www.youtube.com/channel/UC5bN6XKHDCFt_wYAJmsP_Mg,Jasper
UC5br9ROTshhXi9v6gEFjeLg,http://www.youtube.com/channel/UC5br9ROTshhXi9v6gEFjeLg,Honobread
UC5e0HHfQaDix0Be7LTef2GA,http://www.youtube.com/channel/UC5e0HHfQaDix0Be7LTef2GA,jjustiin
UC5eW8mmih71NwH6kWwNp0qA,http://www.youtube.com/channel/UC5eW8mmih71NwH6kWwNp0qA,Wxter
UC5eaoUDwQGFQ__MhiFUh0LA,http://www.youtube.com/channel/UC5eaoUDwQGFQ__MhiFUh0LA,Ricardo Milos
UC5f7SMkMhIwMBAujIdt79zg,http://www.youtube.com/channel/UC5f7SMkMhIwMBAujIdt79zg,dsand
UC5fUy6YqGVfbigXDIuHVgDQ,http://www.youtube.com/channel/UC5fUy6YqGVfbigXDIuHVgDQ,Juko
UC5gsrZTtWG_AqDFmuq81Q-w,http://www.youtube.com/channel/UC5gsrZTtWG_AqDFmuq81Q-w,Rimmy Downunder
UC5gzwizeNZIR48G55MXzJVQ,http://www.youtube.com/channel/UC5gzwizeNZIR48G55MXzJVQ,Dissonant Buffoon
UC5hH5NN26s92Qro_ZFWl8cQ,http://www.youtube.com/channel/UC5hH5NN26s92Qro_ZFWl8cQ,CHAMPutee
UC5huXnOZHDHPD5yrUQBtfpg,http://www.youtube.com/channel/UC5huXnOZHDHPD5yrUQBtfpg,TheRetroDude
UC5ib5bTflXtyIkoF_l7OCHw,http://www.youtube.com/channel/UC5ib5bTflXtyIkoF_l7OCHw,Olexa
UC5ir55WirV0-irkXXyQ8aIA,http://www.youtube.com/channel/UC5ir55WirV0-irkXXyQ8aIA,Lucawiouh
UC5j8AgUj-zuXIH9eKOGCeFQ,http://www.youtube.com/channel/UC5j8AgUj-zuXIH9eKOGCeFQ,MURA
UC5jXJcYr-iLEelXMct_CuqA,http://www.youtube.com/channel/UC5jXJcYr-iLEelXMct_CuqA,Don Chidoo
UC5jhSXT2fth5TwbxMI1sl2A,http://www.youtube.com/channel/UC5jhSXT2fth5TwbxMI1sl2A,FilmSnippets
UC5k2n2INk8oqxNwprD_A_lQ,http://www.youtube.com/channel/UC5k2n2INk8oqxNwprD_A_lQ,OGSoG
UC5kS0l76kC0xOzMPtOmSFGw,http://www.youtube.com/channel/UC5kS0l76kC0xOzMPtOmSFGw,Chess.com
UC5l0gpB_MKN8GFVeoKM1oIA,http://www.youtube.com/channel/UC5l0gpB_MKN8GFVeoKM1oIA,starrrr
UC5mq4Ywd0lPPQJnK_5gq-yA,http://www.youtube.com/channel/UC5mq4Ywd0lPPQJnK_5gq-yA,Math Meeting
UC5nc_ZtjKW1htCVZVRxlQAQ,http://www.youtube.com/channel/UC5nc_ZtjKW1htCVZVRxlQAQ,MrSuicideSheep
UC5nkjT3c4cmqUV8OGkmq71Q,http://www.youtube.com/channel/UC5nkjT3c4cmqUV8OGkmq71Q,RaahilStar
UC5p_RMEDoEl_Pgm4eRC-75w,http://www.youtube.com/channel/UC5p_RMEDoEl_Pgm4eRC-75w,Thinknautica
UC5p_l5ZeB_wGjO_yDXwiqvw,http://www.youtube.com/channel/UC5p_l5ZeB_wGjO_yDXwiqvw,TommyInnit
UC5qFBTCSYO6Pc69bZk9CmfQ,http://www.youtube.com/channel/UC5qFBTCSYO6Pc69bZk9CmfQ,Righteous Robot
UC5qFn0qjYCcXX-i8aimML9A,http://www.youtube.com/channel/UC5qFn0qjYCcXX-i8aimML9A,MetalKingBoo
UC5qqBFOKTNAzIyE4g3SvuwQ,http://www.youtube.com/channel/UC5qqBFOKTNAzIyE4g3SvuwQ,Sleep Deprived
UC5qwfM3IFL0vOCi_7X0wB7A,http://www.youtube.com/channel/UC5qwfM3IFL0vOCi_7X0wB7A,MTB Life
UC5r3WHrX4Z7peSYpDlgktGw,http://www.youtube.com/channel/UC5r3WHrX4Z7peSYpDlgktGw,Talk To Me In Korean
UC5rBpVgv83gYPZ593XwQUsA,http://www.youtube.com/channel/UC5rBpVgv83gYPZ593XwQUsA,The Drive
UC5ruRwcN1khpjFxr58oIxqA,http://www.youtube.com/channel/UC5ruRwcN1khpjFxr58oIxqA,Liv Pearsall
UC5rzbD4SmlfxDeXTEL9CtOg,http://www.youtube.com/channel/UC5rzbD4SmlfxDeXTEL9CtOg,Sam Beige
UC5s7g_Ze27wfESL7mjMJ5KA,http://www.youtube.com/channel/UC5s7g_Ze27wfESL7mjMJ5KA,BT0WN
UC5sPGWHWkgotUV1_jfMmw4A,http://www.youtube.com/channel/UC5sPGWHWkgotUV1_jfMmw4A,Snazz
UC5sc1ysFs7RfjjEFMuQ3ZQw,http://www.youtube.com/channel/UC5sc1ysFs7RfjjEFMuQ3ZQw,DougDougDoug
UC5srHv9o4WQcuNXN0s1WPZg,http://www.youtube.com/channel/UC5srHv9o4WQcuNXN0s1WPZg,Ask EmKay
UC5uGtOq4zY2uoozeS8Rt08w,http://www.youtube.com/channel/UC5uGtOq4zY2uoozeS8Rt08w,nihao
UC5u_eRyDSn4e2iJLVpetrHA,http://www.youtube.com/channel/UC5u_eRyDSn4e2iJLVpetrHA,Graffinity3D
UC5und79iYRxYicr4vRCLXMg,http://www.youtube.com/channel/UC5und79iYRxYicr4vRCLXMg,shuu sakurai
UC5wEWgN1dOUR6SLMOO-CuEg,http://www.youtube.com/channel/UC5wEWgN1dOUR6SLMOO-CuEg,Brodie That Dood
UC5waS_qIoD8IDWNM4H7OeRw,http://www.youtube.com/channel/UC5waS_qIoD8IDWNM4H7OeRw,Joey Nguyen
UC5yTafHjPGebm2Mj1e5A_4g,http://www.youtube.com/channel/UC5yTafHjPGebm2Mj1e5A_4g,意味付与症 / 의미부여증
UC5y_hpfH1ChKcKx7wUEM2cg,http://www.youtube.com/channel/UC5y_hpfH1ChKcKx7wUEM2cg,WUZU clay
UC5zcfjYQBRIC0FSDtFVpLZg,http://www.youtube.com/channel/UC5zcfjYQBRIC0FSDtFVpLZg,PikaMC +
UC5zeKnUJkuIxJClrkYrQCTg,http://www.youtube.com/channel/UC5zeKnUJkuIxJClrkYrQCTg,Executive Media HQ
UC5zkKHfavEDoVW703JVs7Yg,http://www.youtube.com/channel/UC5zkKHfavEDoVW703JVs7Yg,On The Hill
UC60sV1b2e_EQRDnueRxgiIQ,http://www.youtube.com/channel/UC60sV1b2e_EQRDnueRxgiIQ,Soup Emporium
UC6107grRI4m0o2-emgoDnAA,http://www.youtube.com/channel/UC6107grRI4m0o2-emgoDnAA,SmarterEveryDay
UC61EtG-po3b_9h0Eoa_S0XQ,http://www.youtube.com/channel/UC61EtG-po3b_9h0Eoa_S0XQ,Am-My
UC61zbYpjF-RmdSyix8DQgGQ,http://www.youtube.com/channel/UC61zbYpjF-RmdSyix8DQgGQ,The Taco Man
UC62oK4gTQtOE4DvAFbFlt9Q,http://www.youtube.com/channel/UC62oK4gTQtOE4DvAFbFlt9Q,Shortcat
UC63PVWJXdB59IuOqar99idg,http://www.youtube.com/channel/UC63PVWJXdB59IuOqar99idg,Short Form Comedy
UC63xvPxtmahq2jRKtampUZA,http://www.youtube.com/channel/UC63xvPxtmahq2jRKtampUZA,David Alpern
UC65IEk6PTfRZzyvrcYypHQg,http://www.youtube.com/channel/UC65IEk6PTfRZzyvrcYypHQg,Parallel Pipes
UC65MCfqckAKnRUH1CBr1xHg,http://www.youtube.com/channel/UC65MCfqckAKnRUH1CBr1xHg,Lugalan
UC66JcGkdNhOnB4hUZjp4EYQ,http://www.youtube.com/channel/UC66JcGkdNhOnB4hUZjp4EYQ,Chanslaw
UC66PBlpHRSq6qtYuO6fD6dw,http://www.youtube.com/channel/UC66PBlpHRSq6qtYuO6fD6dw,Rey Vidal
UC66if-99jJT-hcbK4iUJudA,http://www.youtube.com/channel/UC66if-99jJT-hcbK4iUJudA,with uh why
UC67TJP9i84zbCi2h1aaSO6Q,http://www.youtube.com/channel/UC67TJP9i84zbCi2h1aaSO6Q,Ringway Manchester
UC68KSmHePPePCjW4v57VPQg,http://www.youtube.com/channel/UC68KSmHePPePCjW4v57VPQg,Python Programmer
UC68Z3W9m6Dkd4hZkH9Z49bg,http://www.youtube.com/channel/UC68Z3W9m6Dkd4hZkH9Z49bg,Mushh
UC68xQe4fiYln7j4sktE1ZpA,http://www.youtube.com/channel/UC68xQe4fiYln7j4sktE1ZpA,Son of a Bear: Foraging
UC68zG933W7D9V9H9TLXBPZQ,http://www.youtube.com/channel/UC68zG933W7D9V9H9TLXBPZQ,Ryan HD
UC6CvZVuX2PP7IFxXI8bTIUA,http://www.youtube.com/channel/UC6CvZVuX2PP7IFxXI8bTIUA,Limealicious
UC6DF_IZVCxeV9YZNDuX7ZCg,http://www.youtube.com/channel/UC6DF_IZVCxeV9YZNDuX7ZCg,Its Shatter
UC6DSlqCZ_p9Hid6ZX1u665g,http://www.youtube.com/channel/UC6DSlqCZ_p9Hid6ZX1u665g,KohlPowered
UC6E2mP01ZLH_kbAyeazCNdg,http://www.youtube.com/channel/UC6E2mP01ZLH_kbAyeazCNdg,Brave Wilderness
UC6GWfNPQ56XFtrnFFfYbbOQ,http://www.youtube.com/channel/UC6GWfNPQ56XFtrnFFfYbbOQ,DerKudos
UC6Gd45dbI5_Y_cFQ3wgENRQ,http://www.youtube.com/channel/UC6Gd45dbI5_Y_cFQ3wgENRQ,Davao Conyo Official
UC6Hy1jVB7OSIpjqmiCRftyw,http://www.youtube.com/channel/UC6Hy1jVB7OSIpjqmiCRftyw,Bazerk
UC6I0KzAD7uFTL1qzxyunkvA,http://www.youtube.com/channel/UC6I0KzAD7uFTL1qzxyunkvA,Blacktail Studio
UC6I9iYfcBQTCsiGpR3kV1Uw,http://www.youtube.com/channel/UC6I9iYfcBQTCsiGpR3kV1Uw,Abyssoft
UC6IY3He4HJ7LRbwK-Kr-9qw,http://www.youtube.com/channel/UC6IY3He4HJ7LRbwK-Kr-9qw,MovieMayhem
UC6Ii2PPnHDkjLTJJQgOw7sQ,http://www.youtube.com/channel/UC6Ii2PPnHDkjLTJJQgOw7sQ,Jeaney Collects
UC6IxnFzHofFJ5X2PycSMsww,http://www.youtube.com/channel/UC6IxnFzHofFJ5X2PycSMsww,xkcd's What If?
UC6KweRcI5KR354wMmksEnsQ,http://www.youtube.com/channel/UC6KweRcI5KR354wMmksEnsQ,Kaz Wumbo
UC6M7JgV6I5D6-xTOXmtB0hg,http://www.youtube.com/channel/UC6M7JgV6I5D6-xTOXmtB0hg,Hullsome
UC6MFZAOHXlKK1FI7V0XQVeA,http://www.youtube.com/channel/UC6MFZAOHXlKK1FI7V0XQVeA,ProZD
UC6MRV9uayVh-jwsUFrlPaCg,http://www.youtube.com/channel/UC6MRV9uayVh-jwsUFrlPaCg,Various Artists - Topic
UC6Mjg5R5QOJYjrio1JmP8Fg,http://www.youtube.com/channel/UC6Mjg5R5QOJYjrio1JmP8Fg,oompaville
UC6NuTYY7u-JFsWwImGe9m9Q,http://www.youtube.com/channel/UC6NuTYY7u-JFsWwImGe9m9Q,im_kankan
UC6OSOa5q_-H7ObPDxozlstw,http://www.youtube.com/channel/UC6OSOa5q_-H7ObPDxozlstw,Filian And Friends
UC6OwWfpp8qHf1rfnOXKfxBw,http://www.youtube.com/channel/UC6OwWfpp8qHf1rfnOXKfxBw,TheRubber
UC6PQ-Pjxy4H6KRtHXLjD48g,http://www.youtube.com/channel/UC6PQ-Pjxy4H6KRtHXLjD48g,millie1k
UC6PshCd-mkeSGNfNO0yWlGg,http://www.youtube.com/channel/UC6PshCd-mkeSGNfNO0yWlGg,GilvaSunner: Archive
UC6QFT2c2MJxID-vxHDeX9XQ,http://www.youtube.com/channel/UC6QFT2c2MJxID-vxHDeX9XQ,Planet Wild
UC6QQXHTWzhjlLJQpRPoJ4IA,http://www.youtube.com/channel/UC6QQXHTWzhjlLJQpRPoJ4IA,President Chay
UC6Qtr0yg5lH4_5CScRa7lHw,http://www.youtube.com/channel/UC6Qtr0yg5lH4_5CScRa7lHw,WRLD_EATR
UC6R1juCB5ArnJGMmUlEE_fg,http://www.youtube.com/channel/UC6R1juCB5ArnJGMmUlEE_fg,FosterThePeople
UC6RIx62SjOSL7SVS4dXluVw,http://www.youtube.com/channel/UC6RIx62SjOSL7SVS4dXluVw,Marcos Sanchez
UC6RWuQbI_OlVoQuV7-0-rXA,http://www.youtube.com/channel/UC6RWuQbI_OlVoQuV7-0-rXA,Staz
UC6S0jAvcapqJ48ZzLfva12g,http://www.youtube.com/channel/UC6S0jAvcapqJ48ZzLfva12g,The Fast Lane Car
UC6SHHgG7Xeh-3g1sUu8Fn3A,http://www.youtube.com/channel/UC6SHHgG7Xeh-3g1sUu8Fn3A,The Missing Enigma
UC6TY36Ys_J6UPKd75TpRuUw,http://www.youtube.com/channel/UC6TY36Ys_J6UPKd75TpRuUw,MegaBuilds
UC6Ti5WHGVusY4I6iKsX10Zg,http://www.youtube.com/channel/UC6Ti5WHGVusY4I6iKsX10Zg,LinuxNext
UC6Tp0ptVPoykN-tnhy7gEIw,http://www.youtube.com/channel/UC6Tp0ptVPoykN-tnhy7gEIw,LunaticJ
UC6VPE3kztGEtFVcJI0oIiUg,http://www.youtube.com/channel/UC6VPE3kztGEtFVcJI0oIiUg,SHOCHIKU animeチャンネル【公式】
UC6VUhEZcC2etqOr6bnoNsug,http://www.youtube.com/channel/UC6VUhEZcC2etqOr6bnoNsug,scuffed
UC6VcWc1rAoWdBCM0JxrRQ3A,http://www.youtube.com/channel/UC6VcWc1rAoWdBCM0JxrRQ3A,Rockstar Games
UC6WOxrSKLW8VagrNkfvi6EQ,http://www.youtube.com/channel/UC6WOxrSKLW8VagrNkfvi6EQ,THE SQUIDD
UC6Wl77tvLJCAZDlzq2CWJhg,http://www.youtube.com/channel/UC6Wl77tvLJCAZDlzq2CWJhg,Vivilly
UC6XGqPhLktO4equS99J2ENw,http://www.youtube.com/channel/UC6XGqPhLktO4equS99J2ENw,metrovideogame
UC6XY9V7zlClJkkslvkDBFQw,http://www.youtube.com/channel/UC6XY9V7zlClJkkslvkDBFQw,BaconJeezbrgr
UC6Y8dX3XdGsp2akU-SKfreA,http://www.youtube.com/channel/UC6Y8dX3XdGsp2akU-SKfreA,MF DOOM
UC6ZVQBJ00cRkZSnbOZEmCkA,http://www.youtube.com/channel/UC6ZVQBJ00cRkZSnbOZEmCkA,Tech Enthusiast
UC6_8mLw-CglRDk3y8HKGnNQ,http://www.youtube.com/channel/UC6_8mLw-CglRDk3y8HKGnNQ,Daniel Titchener
UC6_FjSoHIsITz_NxqZ9zhGQ,http://www.youtube.com/channel/UC6_FjSoHIsITz_NxqZ9zhGQ,Stackleyy
UC6_LimnI_T_B82kXFnGeOEA,http://www.youtube.com/channel/UC6_LimnI_T_B82kXFnGeOEA,Calvin Davis
UC6a670-cHogNxe4QBfCSkFg,http://www.youtube.com/channel/UC6a670-cHogNxe4QBfCSkFg,DVNTY
UC6a97Q7UMDgCpJjTr5JHYpw,http://www.youtube.com/channel/UC6a97Q7UMDgCpJjTr5JHYpw,Devon Avery
UC6cgh3wDSFPAYETrpLzPSvQ,http://www.youtube.com/channel/UC6cgh3wDSFPAYETrpLzPSvQ,CyFy
UC6d5Qe4UimBH4IBTuZXXnhA,http://www.youtube.com/channel/UC6d5Qe4UimBH4IBTuZXXnhA,Skeptal
UC6dI8msF1_I9HuDSvMtk_nQ,http://www.youtube.com/channel/UC6dI8msF1_I9HuDSvMtk_nQ,Akshon
UC6dsQSn70Cem7zFsUANHqpQ,http://www.youtube.com/channel/UC6dsQSn70Cem7zFsUANHqpQ,kenny lauderdale
UC6eT6uO4hgkRZPXOSMJw-dQ,http://www.youtube.com/channel/UC6eT6uO4hgkRZPXOSMJw-dQ,Out-of-Place Zoologist
UC6eUVPQL2YxFRhl-pv36jXQ,http://www.youtube.com/channel/UC6eUVPQL2YxFRhl-pv36jXQ,fin
UC6esFMAIud24sYSHfHGzPhg,http://www.youtube.com/channel/UC6esFMAIud24sYSHfHGzPhg,Kosmic
UC6etLYP3K_0dX0K-LpdF9hw,http://www.youtube.com/channel/UC6etLYP3K_0dX0K-LpdF9hw,More Kazahana
UC6fTPs9XPmEkqDkk3QYMb9g,http://www.youtube.com/channel/UC6fTPs9XPmEkqDkk3QYMb9g,GLaDOS
UC6g0i1uq4A2PwZktUjjjSlQ,http://www.youtube.com/channel/UC6g0i1uq4A2PwZktUjjjSlQ,Evanland Channel
UC6gARF3ICgaLfs3o2znuqXA,http://www.youtube.com/channel/UC6gARF3ICgaLfs3o2znuqXA,Retro Recipes x Commodore
UC6grd5cT4z5igIZ3iKaNmhQ,http://www.youtube.com/channel/UC6grd5cT4z5igIZ3iKaNmhQ,Mogswamp Design
UC6hTmuCnroRL_DTbKKUlYeg,http://www.youtube.com/channel/UC6hTmuCnroRL_DTbKKUlYeg,BChungus
UC6iamrWWWoovqufXqUwLd7Q,http://www.youtube.com/channel/UC6iamrWWWoovqufXqUwLd7Q,CloverWorks
UC6ijAFIQq28lM0S1QpCMINg,http://www.youtube.com/channel/UC6ijAFIQq28lM0S1QpCMINg,Longplay Express
UC6ilALQ0lxezdtfZAaIqGug,http://www.youtube.com/channel/UC6ilALQ0lxezdtfZAaIqGug,mostannoyingsounds
UC6ktP3PLU5sAJxN9Rb0TALg,http://www.youtube.com/channel/UC6ktP3PLU5sAJxN9Rb0TALg,Mike Shake
UC6l-ZBVy89t2VirZt2QG3aQ,http://www.youtube.com/channel/UC6l-ZBVy89t2VirZt2QG3aQ,WE ARE FURY
UC6lHLnCRr9IBxWRanYMEshA,http://www.youtube.com/channel/UC6lHLnCRr9IBxWRanYMEshA,Minute Mon
UC6lUqvh42Oc3XL19Edgd9QA,http://www.youtube.com/channel/UC6lUqvh42Oc3XL19Edgd9QA,KOJIMA PRODUCTIONS
UC6mI3QJFH1m2V8ZHvvHimVA,http://www.youtube.com/channel/UC6mI3QJFH1m2V8ZHvvHimVA,Black Lion
UC6mboRNUSgSjumTsQoRwsVQ,http://www.youtube.com/channel/UC6mboRNUSgSjumTsQoRwsVQ,Brandon Conner
UC6n8I1UDTKP1IWjQMg6_TwA,http://www.youtube.com/channel/UC6n8I1UDTKP1IWjQMg6_TwA,The B1M
UC6nDZkKqkrgA9V-QmTiLQjw,http://www.youtube.com/channel/UC6nDZkKqkrgA9V-QmTiLQjw,Rex
UC6nSFpj9HTCZ5t-N3Rm3-HA,http://www.youtube.com/channel/UC6nSFpj9HTCZ5t-N3Rm3-HA,Vsauce
UC6o-2R-A2uqGZTJs0h4tVQA,http://www.youtube.com/channel/UC6o-2R-A2uqGZTJs0h4tVQA,JustSaySteven
UC6pBGtAnbHMKgeZ4dLs44xA,http://www.youtube.com/channel/UC6pBGtAnbHMKgeZ4dLs44xA,Arto
UC6pGDc4bFGD1_36IKv3FnYg,http://www.youtube.com/channel/UC6pGDc4bFGD1_36IKv3FnYg,Crunchyroll
UC6pam0dsSU0CXdksGlmXv4A,http://www.youtube.com/channel/UC6pam0dsSU0CXdksGlmXv4A,Kurt Tocci
UC6qAABOkwaI1ImYY6oDbi-A,http://www.youtube.com/channel/UC6qAABOkwaI1ImYY6oDbi-A,ScreenPuff
UC6qYIDHih5h0Fn7t_Z2EI7g,http://www.youtube.com/channel/UC6qYIDHih5h0Fn7t_Z2EI7g,nnichael
UC6rrBCCDvrDFcOJHifruL5A,http://www.youtube.com/channel/UC6rrBCCDvrDFcOJHifruL5A,Tommy Technetium
UC6s5-dHFPVOSMH-Bw49gPAA,http://www.youtube.com/channel/UC6s5-dHFPVOSMH-Bw49gPAA,曦曦鱼SAKANA
UC6sjkvDzyY0J8o7k2Kc5rEw,http://www.youtube.com/channel/UC6sjkvDzyY0J8o7k2Kc5rEw,Lockstin & Gnoggin
UC6u6uY4VbvuNtU0BU7F9olw,http://www.youtube.com/channel/UC6u6uY4VbvuNtU0BU7F9olw,Studson Studio
UC6uRZ1UHXuVIQsW5sKXG-qA,http://www.youtube.com/channel/UC6uRZ1UHXuVIQsW5sKXG-qA,Naughty Variant
UC6uZpmXBpt8oKZMQeAY3olw,http://www.youtube.com/channel/UC6uZpmXBpt8oKZMQeAY3olw,lowresbones
UC6vO9HAbIuFOR-ZShuhijHA,http://www.youtube.com/channel/UC6vO9HAbIuFOR-ZShuhijHA,ayykai
UC6w14A0VqI0Hb24Jtl5TM9A,http://www.youtube.com/channel/UC6w14A0VqI0Hb24Jtl5TM9A,NA James
UC6wyHg5_3LeM-oopGssXwVQ,http://www.youtube.com/channel/UC6wyHg5_3LeM-oopGssXwVQ,Karmen
UC6x7GwJxuoABSosgVXDYtTw,http://www.youtube.com/channel/UC6x7GwJxuoABSosgVXDYtTw,I Like To Make Stuff
UC6xPF0U_s-oRghCMA0brH2g,http://www.youtube.com/channel/UC6xPF0U_s-oRghCMA0brH2g,feralguineapig
UC6xZdbLoWpE07omW0xvBOBw,http://www.youtube.com/channel/UC6xZdbLoWpE07omW0xvBOBw,Professor Lando
UC6xukNiILsejJpNKxNb6HsA,http://www.youtube.com/channel/UC6xukNiILsejJpNKxNb6HsA,Dylan Ayres
UC6zKHLGicyA7b5bqszllEbQ,http://www.youtube.com/channel/UC6zKHLGicyA7b5bqszllEbQ,LazyAlarm
UC7-fkd1heXmb640XeuTapVQ,http://www.youtube.com/channel/UC7-fkd1heXmb640XeuTapVQ,STCuber
UC70r11kTv8vFXtoZ1BBatrQ,http://www.youtube.com/channel/UC70r11kTv8vFXtoZ1BBatrQ,TheCyberArcher
UC715SCKfdFqUiuD234it8Eg,http://www.youtube.com/channel/UC715SCKfdFqUiuD234it8Eg,PatMac
UC73zqrs0Th_a9dFUivEmv2A,http://www.youtube.com/channel/UC73zqrs0Th_a9dFUivEmv2A,Cong TV
UC74ejAD0cHgN5dQv0Gr01MQ,http://www.youtube.com/channel/UC74ejAD0cHgN5dQv0Gr01MQ,Gronf
UC74y4EtvPQYqaP83Ed90vgg,http://www.youtube.com/channel/UC74y4EtvPQYqaP83Ed90vgg,TRNoob
UC758B56bESyznwmUP0o9FHA,http://www.youtube.com/channel/UC758B56bESyznwmUP0o9FHA,LeeandLieTVCLIPS
UC75eUXLHSsJ4IoJGCTHwC2w,http://www.youtube.com/channel/UC75eUXLHSsJ4IoJGCTHwC2w,ThirdCube
UC75uv7iKwTQdgD5mkhcvERA,http://www.youtube.com/channel/UC75uv7iKwTQdgD5mkhcvERA,Dr. Seuss
UC77jpfv7K6NPDjnvqE78Cbw,http://www.youtube.com/channel/UC77jpfv7K6NPDjnvqE78Cbw,Cube Dimensions
UC78mJyZPMa_OG08KLHjhODw,http://www.youtube.com/channel/UC78mJyZPMa_OG08KLHjhODw,Jaden Williams
UC7AtIItqhru8KDHjU2mTZwA,http://www.youtube.com/channel/UC7AtIItqhru8KDHjU2mTZwA,Tea
UC7B3tkUWGj5NTxyT79i872g,http://www.youtube.com/channel/UC7B3tkUWGj5NTxyT79i872g,TasteyLunch
UC7CK7UYQUAjfOFEywe2FXIg,http://www.youtube.com/channel/UC7CK7UYQUAjfOFEywe2FXIg,Shanmania
UC7Ci1k4sVwmk-Nnb0Q988Aw,http://www.youtube.com/channel/UC7Ci1k4sVwmk-Nnb0Q988Aw,Robert Thomson
UC7CuqrDRlah8WdD_DraFHvw,http://www.youtube.com/channel/UC7CuqrDRlah8WdD_DraFHvw,TheNewsPlug
UC7DN2g2KJ6MLASJDTpc-6pQ,http://www.youtube.com/channel/UC7DN2g2KJ6MLASJDTpc-6pQ,Plot Armor Comics
UC7DdEm33SyaTDtWYGO2CwdA,http://www.youtube.com/channel/UC7DdEm33SyaTDtWYGO2CwdA,Physics Girl
UC7FldPQ7aT7Slikg7tZc30g,http://www.youtube.com/channel/UC7FldPQ7aT7Slikg7tZc30g,Mitten Squad
UC7Fxhu-fgz-M8-KZ8chCufg,http://www.youtube.com/channel/UC7Fxhu-fgz-M8-KZ8chCufg,Veny
UC7GWNJYHngCPxdnphU8b4lg,http://www.youtube.com/channel/UC7GWNJYHngCPxdnphU8b4lg,Sunday Nobody
UC7GWW2JKHAfefLnjToEPAqg,http://www.youtube.com/channel/UC7GWW2JKHAfefLnjToEPAqg,Sadi.theBlindLady
UC7G_LkTLLqeeFVjq0Ry9XQQ,http://www.youtube.com/channel/UC7G_LkTLLqeeFVjq0Ry9XQQ,IWDE
UC7Gy7L3YtU11xXfYLJfWREw,http://www.youtube.com/channel/UC7Gy7L3YtU11xXfYLJfWREw,Luke Nickle
UC7H2nCAoOqjidIILsFQ6HKA,http://www.youtube.com/channel/UC7H2nCAoOqjidIILsFQ6HKA,McSuperfly
UC7IdJf9CM7S9gEMYkvydn3w,http://www.youtube.com/channel/UC7IdJf9CM7S9gEMYkvydn3w,bluhaven boulevard
UC7IhM3-G1k1ve59wK2dQPBw,http://www.youtube.com/channel/UC7IhM3-G1k1ve59wK2dQPBw,Blucubed
UC7It3zoun72IOHOEm3jWmKg,http://www.youtube.com/channel/UC7It3zoun72IOHOEm3jWmKg,Theo's Aviation
UC7JlHqOMQn43nLnlOsdksPQ,http://www.youtube.com/channel/UC7JlHqOMQn43nLnlOsdksPQ,yo chill bruh
UC7Jwj9fkrf1adN4fMmTkpug,http://www.youtube.com/channel/UC7Jwj9fkrf1adN4fMmTkpug,DankPods
UC7K6iPaTx-UymxDC3kx10YQ,http://www.youtube.com/channel/UC7K6iPaTx-UymxDC3kx10YQ,TCCO - The Cut Content Of
UC7KDkEHttgWz-V5OLUka0Fg,http://www.youtube.com/channel/UC7KDkEHttgWz-V5OLUka0Fg,RowdyLunchbox
UC7Kj2MyNgHLWgHSdnUYH03A,http://www.youtube.com/channel/UC7Kj2MyNgHLWgHSdnUYH03A,Zac Oyama
UC7LC1GEtL4C-pC8OIj69Unw,http://www.youtube.com/channel/UC7LC1GEtL4C-pC8OIj69Unw,Matt Dusk
UC7LJSq2EkTUhHiNjpXg22mg,http://www.youtube.com/channel/UC7LJSq2EkTUhHiNjpXg22mg,yikes
UC7Lb37hpLTSkYtIGqSo2mJQ,http://www.youtube.com/channel/UC7Lb37hpLTSkYtIGqSo2mJQ,The Urban Rescue Ranch Shorts
UC7LlPXdMvaYUhHJ6K6zfXxw,http://www.youtube.com/channel/UC7LlPXdMvaYUhHJ6K6zfXxw,Delbert Tube
UC7LnCbY9XLe5GP9rnHU9onw,http://www.youtube.com/channel/UC7LnCbY9XLe5GP9rnHU9onw,Collier
UC7MvTslTWkE1HKNYkXiGv1Q,http://www.youtube.com/channel/UC7MvTslTWkE1HKNYkXiGv1Q,優里ちゃんねる【公式】
UC7MxBUUiCi5kwbqi_KB3Q3Q,http://www.youtube.com/channel/UC7MxBUUiCi5kwbqi_KB3Q3Q,ThatOneGuy'sAnimations
UC7MyWLCrzhhUR4kSZH4w7Iw,http://www.youtube.com/channel/UC7MyWLCrzhhUR4kSZH4w7Iw,CY Pictures Shorts
UC7N0K8TJGejWq438e-Sr_Rg,http://www.youtube.com/channel/UC7N0K8TJGejWq438e-Sr_Rg,Malcolm Todd
UC7NOvys6F9lBsq619Zp7mig,http://www.youtube.com/channel/UC7NOvys6F9lBsq619Zp7mig,Clipped & Shipped
UC7PDTr8BoSobbuxgGMV9Trg,http://www.youtube.com/channel/UC7PDTr8BoSobbuxgGMV9Trg,LilKae
UC7PMccCMSdnoydMxa5N_S0Q,http://www.youtube.com/channel/UC7PMccCMSdnoydMxa5N_S0Q,Re-Imagined Games
UC7POFCspeRP0DepG0b7I1XQ,http://www.youtube.com/channel/UC7POFCspeRP0DepG0b7I1XQ,Crierlon Games
UC7QE72cxiBkiwnvGoFfqYOg,http://www.youtube.com/channel/UC7QE72cxiBkiwnvGoFfqYOg,Safety Third
UC7QteRlErpm27bkZ6izFwKg,http://www.youtube.com/channel/UC7QteRlErpm27bkZ6izFwKg,World Friends
UC7RRLtSjvlNYZCVjx-32NtA,http://www.youtube.com/channel/UC7RRLtSjvlNYZCVjx-32NtA,Camdeeno
UC7RRwDsXjtX5SS9n-kcmWaA,http://www.youtube.com/channel/UC7RRwDsXjtX5SS9n-kcmWaA,Yrrah
UC7SHyyIFS4xIAphC20I4BYw,http://www.youtube.com/channel/UC7SHyyIFS4xIAphC20I4BYw,It Was A Sh*t Show
UC7SMVLTxpM0aMYPBc9An-6A,http://www.youtube.com/channel/UC7SMVLTxpM0aMYPBc9An-6A,Michael Superbacker
UC7SsS7-xpXK7gnAwCXOUBOA,http://www.youtube.com/channel/UC7SsS7-xpXK7gnAwCXOUBOA,FlamCam
UC7Sx9E4Kq7V2bjQTKlqWVhw,http://www.youtube.com/channel/UC7Sx9E4Kq7V2bjQTKlqWVhw,Datastream
UC7UTkogBQ_pIZnVGRUjQYNQ,http://www.youtube.com/channel/UC7UTkogBQ_pIZnVGRUjQYNQ,Brain Clock
UC7Ucs42FZy3uYzjrqzOIHsw,http://www.youtube.com/channel/UC7Ucs42FZy3uYzjrqzOIHsw,EmpLemon
UC7UofoCnuesZ_wpgmtB4flA,http://www.youtube.com/channel/UC7UofoCnuesZ_wpgmtB4flA,seatbeans22
UC7V6hW6xqPAiUfataAZZtWA,http://www.youtube.com/channel/UC7V6hW6xqPAiUfataAZZtWA,Android Police
UC7WDD6yHgzdqijHluCi1z-Q,http://www.youtube.com/channel/UC7WDD6yHgzdqijHluCi1z-Q,The Act Man
UC7WPmAW8K5tXbGwAZZ1kAFw,http://www.youtube.com/channel/UC7WPmAW8K5tXbGwAZZ1kAFw,Stray Paws Clips
UC7WtLipHnndkqwSxvL0oyVQ,http://www.youtube.com/channel/UC7WtLipHnndkqwSxvL0oyVQ,DMS
UC7X46hORvlF6lSggtdSsbhg,http://www.youtube.com/channel/UC7X46hORvlF6lSggtdSsbhg,Orrnery
UC7XyL8eQhHqPuVgZchQN59w,http://www.youtube.com/channel/UC7XyL8eQhHqPuVgZchQN59w,Idiya
UC7Y2i_D_yWRtUSv61ahtZMw,http://www.youtube.com/channel/UC7Y2i_D_yWRtUSv61ahtZMw,i_Olga
UC7YNOkrvxfNxBUNemYy0CXQ,http://www.youtube.com/channel/UC7YNOkrvxfNxBUNemYy0CXQ,Idea Soup
UC7YOGHUfC1Tb6E4pudI9STA,http://www.youtube.com/channel/UC7YOGHUfC1Tb6E4pudI9STA,Mental Outlaw
UC7Y_J0Aah25KNTgG3fu_oag,http://www.youtube.com/channel/UC7Y_J0Aah25KNTgG3fu_oag,Sonninuni
UC7Z07L6lSdnqNx5P1TjeWIw,http://www.youtube.com/channel/UC7Z07L6lSdnqNx5P1TjeWIw,DavidOnDemand
UC7ZPKXuk1CVQHFq_KB_tQCA,http://www.youtube.com/channel/UC7ZPKXuk1CVQHFq_KB_tQCA,UsagiShade
UC7ZwKfpjiQEaZpdPql7VVPA,http://www.youtube.com/channel/UC7ZwKfpjiQEaZpdPql7VVPA,BooneU
UC7_Mih8HlaDZMc04_kUWrMg,http://www.youtube.com/channel/UC7_Mih8HlaDZMc04_kUWrMg,Blist
UC7_WJFnWUOrBs3aN-aoOnqA,http://www.youtube.com/channel/UC7_WJFnWUOrBs3aN-aoOnqA,Geoff Castellucci
UC7_YxT-KID8kRbqZo7MyscQ,http://www.youtube.com/channel/UC7_YxT-KID8kRbqZo7MyscQ,Markiplier
UC7ae7jfAzbD3M7Q5aKqxtgQ,http://www.youtube.com/channel/UC7ae7jfAzbD3M7Q5aKqxtgQ,Wealth Optimistic
UC7aulzXq_Dgi6ZpPMaJkSlA,http://www.youtube.com/channel/UC7aulzXq_Dgi6ZpPMaJkSlA,Frame Focused
UC7bGK0A1weWfNaRfO0hGVdg,http://www.youtube.com/channel/UC7bGK0A1weWfNaRfO0hGVdg,Bilawal Sidhu
UC7bxFmhgSQe4aMAwIw-lzsQ,http://www.youtube.com/channel/UC7bxFmhgSQe4aMAwIw-lzsQ,mattyballz
UC7cmH--tFhYduIshTKzQUJQ,http://www.youtube.com/channel/UC7cmH--tFhYduIshTKzQUJQ,Stylized Station
UC7d4Qw5ytnYIAvE3VMB9W4A,http://www.youtube.com/channel/UC7d4Qw5ytnYIAvE3VMB9W4A,Quick Tips and Motivation
UC7dLtDR2Z0hJWbnt1wW-FfQ,http://www.youtube.com/channel/UC7dLtDR2Z0hJWbnt1wW-FfQ,Raphael Gomes Shorts
UC7dRLo8Voz5DMbn24-dkvEw,http://www.youtube.com/channel/UC7dRLo8Voz5DMbn24-dkvEw,PapraM46
UC7dUwK7jxaq3Aq1SNimmoAg,http://www.youtube.com/channel/UC7dUwK7jxaq3Aq1SNimmoAg,Dwarvenite
UC7eumlwt8zpmN5ECgjlJS4A,http://www.youtube.com/channel/UC7eumlwt8zpmN5ECgjlJS4A,Tommy Richman
UC7fK4hAJ6oM2g5qTLzPBLfQ,http://www.youtube.com/channel/UC7fK4hAJ6oM2g5qTLzPBLfQ,omegawott
UC7foTxErVJKorAitAcJuqDA,http://www.youtube.com/channel/UC7foTxErVJKorAitAcJuqDA,BBC Comedy Greats
UC7fzrpTArAqDHuB3Hbmd_CQ,http://www.youtube.com/channel/UC7fzrpTArAqDHuB3Hbmd_CQ,Whitney Houston
UC7hLKPugbrkRDzng307Nlag,http://www.youtube.com/channel/UC7hLKPugbrkRDzng307Nlag,Stringer media
UC7hgDFSPvJVIUx_b8i1cILA,http://www.youtube.com/channel/UC7hgDFSPvJVIUx_b8i1cILA,Official ATLUS West
UC7iBiivI8PL-t7YSygrLFXg,http://www.youtube.com/channel/UC7iBiivI8PL-t7YSygrLFXg,nathanspace
UC7k22sNk16FNzYRizdimOfQ,http://www.youtube.com/channel/UC7k22sNk16FNzYRizdimOfQ,Twosome Saga
UC7kNmR16gVU4aZQldvRjL4w,http://www.youtube.com/channel/UC7kNmR16gVU4aZQldvRjL4w,AI DRIVR Clips
UC7l6bL4LoN3DnF34TooQMpA,http://www.youtube.com/channel/UC7l6bL4LoN3DnF34TooQMpA,Connor Komrosky
UC7ldbNZ00iESd38cOOwpW-w,http://www.youtube.com/channel/UC7ldbNZ00iESd38cOOwpW-w,curse
UC7mBaS1IQthcnee1YGJtlyw,http://www.youtube.com/channel/UC7mBaS1IQthcnee1YGJtlyw,no name brands
UC7ol-6_YfEjKEMR_g2xfSSg,http://www.youtube.com/channel/UC7ol-6_YfEjKEMR_g2xfSSg,Mike Daas
UC7pdup6h0TC72vA9zbAXHMw,http://www.youtube.com/channel/UC7pdup6h0TC72vA9zbAXHMw,Ant Bandit
UC7qD5Q5OmAFEo8mmjhac3GA,http://www.youtube.com/channel/UC7qD5Q5OmAFEo8mmjhac3GA,Berry Bebop
UC7qPftDWPw9XuExpSgfkmJQ,http://www.youtube.com/channel/UC7qPftDWPw9XuExpSgfkmJQ,Nostalgia Nerd
UC7qpoIzBMg-xxh3r__nmEBw,http://www.youtube.com/channel/UC7qpoIzBMg-xxh3r__nmEBw,「チェンソーマン」ザ・ステージ公式チャンネル
UC7rsYYvQbqQrJDGhqWmtAgQ,http://www.youtube.com/channel/UC7rsYYvQbqQrJDGhqWmtAgQ,Kyle Krueger
UC7sIetQVPlWYqCV7MN8rvxw,http://www.youtube.com/channel/UC7sIetQVPlWYqCV7MN8rvxw,부달조 BUDALJO
UC7sZY-N_xMkStJWNxhg_iew,http://www.youtube.com/channel/UC7sZY-N_xMkStJWNxhg_iew,Brick Bending
UC7s_rHyA6OXR4QvWwaqCp2A,http://www.youtube.com/channel/UC7s_rHyA6OXR4QvWwaqCp2A,Toadrio
UC7sg9FpMWMamzWE2lJPY-Dg,http://www.youtube.com/channel/UC7sg9FpMWMamzWE2lJPY-Dg,The Back Focus
UC7szm7Z-YOF_HiFSY7KtYGw,http://www.youtube.com/channel/UC7szm7Z-YOF_HiFSY7KtYGw,Haley Pham
UC7vVhkEfw4nOGp8TyDk7RcQ,http://www.youtube.com/channel/UC7vVhkEfw4nOGp8TyDk7RcQ,Boston Dynamics
UC7wEv5CrhB3gze4JBxExO_A,http://www.youtube.com/channel/UC7wEv5CrhB3gze4JBxExO_A,Saturn Cat
UC7wb7z2yyRIu8uB3l3lApvg,http://www.youtube.com/channel/UC7wb7z2yyRIu8uB3l3lApvg,Tricky Nick
UC7x-MQRgDrboTKbFQhqekkg,http://www.youtube.com/channel/UC7x-MQRgDrboTKbFQhqekkg,Queen Studios
UC7yRILFFJ2QZCykymr8LPwA,http://www.youtube.com/channel/UC7yRILFFJ2QZCykymr8LPwA,New Rockstars
UC7yi5MVkPRj2bJoVwqU0FhQ,http://www.youtube.com/channel/UC7yi5MVkPRj2bJoVwqU0FhQ,ian
UC7z-RiUCCbQqZPlqRgJtkPw,http://www.youtube.com/channel/UC7z-RiUCCbQqZPlqRgJtkPw,9Lana
UC7z1utZVxk5jaMwU7nqSQZA,http://www.youtube.com/channel/UC7z1utZVxk5jaMwU7nqSQZA,jenmarkham
UC7zq5pBOUDf-xykfDgBwW2w,http://www.youtube.com/channel/UC7zq5pBOUDf-xykfDgBwW2w,Trenton
UC8-Th83bH_thdKZDJCrn88g,http://www.youtube.com/channel/UC8-Th83bH_thdKZDJCrn88g,The Tonight Show Starring Jimmy Fallon
UC806GRN1eDmqpM7kr7guy0g,http://www.youtube.com/channel/UC806GRN1eDmqpM7kr7guy0g,BeaufaPlays
UC807wnTvu114sAR52T6-fhw,http://www.youtube.com/channel/UC807wnTvu114sAR52T6-fhw,Evo
UC80l8wV8LHo9CsGCvykADbg,http://www.youtube.com/channel/UC80l8wV8LHo9CsGCvykADbg,M47RHhNTQx
UC81hVmI5eEBIt3s3HQpJd_w,http://www.youtube.com/channel/UC81hVmI5eEBIt3s3HQpJd_w,boburnham
UC82C-YvoAvIMQGho0zJFmIg,http://www.youtube.com/channel/UC82C-YvoAvIMQGho0zJFmIg,Riggy The Rabbit Monkey
UC82NOEHfqeXOLT8gNJB1mFw,http://www.youtube.com/channel/UC82NOEHfqeXOLT8gNJB1mFw,Aaronitmar
UC82ssRNWqBkfEP-UhCGI0tQ,http://www.youtube.com/channel/UC82ssRNWqBkfEP-UhCGI0tQ,Terraria Slime
UC83C0fhv5ZWSFATHGISdMlQ,http://www.youtube.com/channel/UC83C0fhv5ZWSFATHGISdMlQ,Skazzy's Random Thoughts
UC83_P-jifswPQ-R_MdzHmHA,http://www.youtube.com/channel/UC83_P-jifswPQ-R_MdzHmHA,Cyber Bender
UC83aVV53W2TzlpqGZYFqeZA,http://www.youtube.com/channel/UC83aVV53W2TzlpqGZYFqeZA,Wand of Sparking
UC84HxrpnjIGDh2EwfiV4VeA,http://www.youtube.com/channel/UC84HxrpnjIGDh2EwfiV4VeA,Salty Phish
UC84QVg2z9jms4tBkfe2h91w,http://www.youtube.com/channel/UC84QVg2z9jms4tBkfe2h91w,Zarithya
UC84mBplbSU7NKp6UebLlmuQ,http://www.youtube.com/channel/UC84mBplbSU7NKp6UebLlmuQ,Jamie VW
UC856o0BTQ5GxUOgzSa4WiuQ,http://www.youtube.com/channel/UC856o0BTQ5GxUOgzSa4WiuQ,CarlosConP
UC85YA6RR2yBTur1WYPP5Rig,http://www.youtube.com/channel/UC85YA6RR2yBTur1WYPP5Rig,Johnny Ringer
UC867ltRgLj9IiVq4msX3tHg,http://www.youtube.com/channel/UC867ltRgLj9IiVq4msX3tHg,Neuro Archiver
UC86H9UygCqYBlCfS9wqk4DQ,http://www.youtube.com/channel/UC86H9UygCqYBlCfS9wqk4DQ,Godfrey Twins
UC86N-EMafF6saQOWZ9Squzg,http://www.youtube.com/channel/UC86N-EMafF6saQOWZ9Squzg,memorokei
UC87ozPl87JCUxPeBiWCnd4Q,http://www.youtube.com/channel/UC87ozPl87JCUxPeBiWCnd4Q,Echo Ridge Gaming
UC884OIZnE5XbVsyyoWaQKbQ,http://www.youtube.com/channel/UC884OIZnE5XbVsyyoWaQKbQ,Alex Mitchell
UC88bNGn9ucFx2SNgXZIYVeA,http://www.youtube.com/channel/UC88bNGn9ucFx2SNgXZIYVeA,DUDD
UC88hEOH-cetxgDJdtyQBfig,http://www.youtube.com/channel/UC88hEOH-cetxgDJdtyQBfig,DenAgain
UC88hd894qT3CBKVIF7EXFmw,http://www.youtube.com/channel/UC88hd894qT3CBKVIF7EXFmw,Inkus
UC88oKpyXNid09t1m_PZlvfQ,http://www.youtube.com/channel/UC88oKpyXNid09t1m_PZlvfQ,DyingLlama
UC899MXB8_df7O5HzedKBzaA,http://www.youtube.com/channel/UC899MXB8_df7O5HzedKBzaA,Julien Cohen
UC89x3Tpm9Z96OBfEt7hyjfA,http://www.youtube.com/channel/UC89x3Tpm9Z96OBfEt7hyjfA,Nebeje2
UC8AKsOOugGREf9UmGRxk6ww,http://www.youtube.com/channel/UC8AKsOOugGREf9UmGRxk6ww,AdHoc Studio
UC8BLc91ZdQZyr3Wj3IEALaQ,http://www.youtube.com/channel/UC8BLc91ZdQZyr3Wj3IEALaQ,Arcade Matt Shorts
UC8BuMjrpFVxabV15_Am2ulg,http://www.youtube.com/channel/UC8BuMjrpFVxabV15_Am2ulg,Saucy Postal
UC8CG2a3IsUS8BV20HR-ahBw,http://www.youtube.com/channel/UC8CG2a3IsUS8BV20HR-ahBw,Dein0mite
UC8CX0LD98EDXl4UYX1MDCXg,http://www.youtube.com/channel/UC8CX0LD98EDXl4UYX1MDCXg,VALORANT
UC8CsGpP6kVNrWeBVmlJ2UyA,http://www.youtube.com/channel/UC8CsGpP6kVNrWeBVmlJ2UyA,Huggbees
UC8DBdOsq1zu-PbKHG8kNV0g,http://www.youtube.com/channel/UC8DBdOsq1zu-PbKHG8kNV0g,Pillow
UC8DS3ifDdFo8plj-D7Hr0Ig,http://www.youtube.com/channel/UC8DS3ifDdFo8plj-D7Hr0Ig,Margie Thissell
UC8ENHE5xdFSwx71u3fDH5Xw,http://www.youtube.com/channel/UC8ENHE5xdFSwx71u3fDH5Xw,ThePrimeagen
UC8EP21iEkGNcKOSpOuJw4Dw,http://www.youtube.com/channel/UC8EP21iEkGNcKOSpOuJw4Dw,Chuchington
UC8EstugulcRWkt5htHK6xZw,http://www.youtube.com/channel/UC8EstugulcRWkt5htHK6xZw,MellowBun8
UC8FBQgo4AWwKFX97h60NKOQ,http://www.youtube.com/channel/UC8FBQgo4AWwKFX97h60NKOQ,MACHINE_BUILDER
UC8G0_pNYsiqPxy6y7xZ8SVA,http://www.youtube.com/channel/UC8G0_pNYsiqPxy6y7xZ8SVA,joemyheck
UC8GJ1QJ1o5pn303c9XvXZ6w,http://www.youtube.com/channel/UC8GJ1QJ1o5pn303c9XvXZ6w,CreativePig
UC8I_85S7LB_-gPG8UceWzJg,http://www.youtube.com/channel/UC8I_85S7LB_-gPG8UceWzJg,Cinna
UC8JfkMtNAp44vmzdtnL4wow,http://www.youtube.com/channel/UC8JfkMtNAp44vmzdtnL4wow,SCP Explained - Story & Animation
UC8Kk9zhi8IKYkQF3MnJIhpw,http://www.youtube.com/channel/UC8Kk9zhi8IKYkQF3MnJIhpw,MOUSAIT
UC8LByDiB5aECnF_71sD-XHw,http://www.youtube.com/channel/UC8LByDiB5aECnF_71sD-XHw,Chuck Nasty
UC8LcA3grYZg0GNpxlXh8owg,http://www.youtube.com/channel/UC8LcA3grYZg0GNpxlXh8owg,SMG4
UC8Lw-Leb9CFQMPMg73WUzZA,http://www.youtube.com/channel/UC8Lw-Leb9CFQMPMg73WUzZA,Yu
UC8MX9ECowgDMTOnFTE8EUJw,http://www.youtube.com/channel/UC8MX9ECowgDMTOnFTE8EUJw,HistoryMarche
UC8NEHR23SPjjIMUAy0c-9Lw,http://www.youtube.com/channel/UC8NEHR23SPjjIMUAy0c-9Lw,Cold Toast
UC8OkNwhd354exprrLVejvnw,http://www.youtube.com/channel/UC8OkNwhd354exprrLVejvnw,벽돌할아버지 Brick grandpa
UC8OqJ6qmoxMtia0DBHYCH2g,http://www.youtube.com/channel/UC8OqJ6qmoxMtia0DBHYCH2g,Jessi & Alessio
UC8Ou-n2uymgWzggSrlrRXzA,http://www.youtube.com/channel/UC8Ou-n2uymgWzggSrlrRXzA,Austin Sweatt
UC8Q7XEy86Q7T-3kNpNjYgwA,http://www.youtube.com/channel/UC8Q7XEy86Q7T-3kNpNjYgwA,Incognito Mode
UC8QyB6EqaC82_A1dqAszH2A,http://www.youtube.com/channel/UC8QyB6EqaC82_A1dqAszH2A,YokaSiri
UC8RHHyzHoXI3dB5zkebJuAg,http://www.youtube.com/channel/UC8RHHyzHoXI3dB5zkebJuAg,Dima
UC8RhfvtFeIlIfXzS_D_T9Ug,http://www.youtube.com/channel/UC8RhfvtFeIlIfXzS_D_T9Ug,jOhnZoid
UC8S3gQ0LjFLx4cFrzBXytrw,http://www.youtube.com/channel/UC8S3gQ0LjFLx4cFrzBXytrw,Go With Ali
UC8SFW_mlVgbHO955hl6Tfvw,http://www.youtube.com/channel/UC8SFW_mlVgbHO955hl6Tfvw,Daniel Steiner
UC8T8_deSUS97DWZeKO_TL9Q,http://www.youtube.com/channel/UC8T8_deSUS97DWZeKO_TL9Q,NHK MUSIC
UC8Tnge4FnB6rTrX1vHVfrQw,http://www.youtube.com/channel/UC8Tnge4FnB6rTrX1vHVfrQw,Drawn Out
UC8UVboLASL43m4w7ya3Ok5A,http://www.youtube.com/channel/UC8UVboLASL43m4w7ya3Ok5A,reabo
UC8UbxFWqzE8uDEv5PPBfcGw,http://www.youtube.com/channel/UC8UbxFWqzE8uDEv5PPBfcGw,TABBY
UC8V3gE4co8Q-W_J5EJHKRtQ,http://www.youtube.com/channel/UC8V3gE4co8Q-W_J5EJHKRtQ,The Art Economist
UC8VCUub__Ct-pHWS1PuHVaQ,http://www.youtube.com/channel/UC8VCUub__Ct-pHWS1PuHVaQ,Beef
UC8W5jDneAuOeFNDAB9-8lmQ,http://www.youtube.com/channel/UC8W5jDneAuOeFNDAB9-8lmQ,原口沙輔
UC8Wrbf2aJkX63pu2bG5QiFg,http://www.youtube.com/channel/UC8Wrbf2aJkX63pu2bG5QiFg,Alan Zucconi
UC8X4WT5_lUXqMjeN8bGFk9w,http://www.youtube.com/channel/UC8X4WT5_lUXqMjeN8bGFk9w,Kane Pixels
UC8XB1G6K4kkLHCB7gfXF01A,http://www.youtube.com/channel/UC8XB1G6K4kkLHCB7gfXF01A,Dude Theft Wars Official
UC8XDAJZj0JbfGQ6P5pgk1Qw,http://www.youtube.com/channel/UC8XDAJZj0JbfGQ6P5pgk1Qw,Flambo Animation
UC8YgIoxMeCeMW_4U8C61VZw,http://www.youtube.com/channel/UC8YgIoxMeCeMW_4U8C61VZw,kaka v420
UC8ZQPrTANfgCix35bPgpqjw,http://www.youtube.com/channel/UC8ZQPrTANfgCix35bPgpqjw,Nothing Rhymes with Orange
UC8ZyfGD_qP-v75DGCzYQw6g,http://www.youtube.com/channel/UC8ZyfGD_qP-v75DGCzYQw6g,VICE Asia
UC8aG3LDTDwNR1UQhSn9uVrw,http://www.youtube.com/channel/UC8aG3LDTDwNR1UQhSn9uVrw,SethBling
UC8b-bA_uLbZHRretA5FK_JQ,http://www.youtube.com/channel/UC8b-bA_uLbZHRretA5FK_JQ,Zachobuilds
UC8b6neqf87RVBAkN_BLrS6A,http://www.youtube.com/channel/UC8b6neqf87RVBAkN_BLrS6A,IvoryTV
UC8bBXyy2yKA7_Pqg5vVgk8Q,http://www.youtube.com/channel/UC8bBXyy2yKA7_Pqg5vVgk8Q,ApexBuilds
UC8bTQzxgvKkXDAaWkeuUlkg,http://www.youtube.com/channel/UC8bTQzxgvKkXDAaWkeuUlkg,Trevor Noah
UC8blrxP0mwdv_7d2ei6Iexw,http://www.youtube.com/channel/UC8blrxP0mwdv_7d2ei6Iexw,ᴘᴏᴜɴᴅᴄᴀᴋᴇ꩜
UC8bzaCzc6sC22Z8auzMcDyQ,http://www.youtube.com/channel/UC8bzaCzc6sC22Z8auzMcDyQ,Jamin Kauf
UC8cVno7WVooCpLvjJUhFtoA,http://www.youtube.com/channel/UC8cVno7WVooCpLvjJUhFtoA,Maximum
UC8dVW9u_aNeGVl1WQnNh6yg,http://www.youtube.com/channel/UC8dVW9u_aNeGVl1WQnNh6yg,Matt & Justus
UC8ePqyIj7evFoeFnBbPN2cQ,http://www.youtube.com/channel/UC8ePqyIj7evFoeFnBbPN2cQ,IntroSpecktive
UC8f80fwHF6nGLal5_1x0Slw,http://www.youtube.com/channel/UC8f80fwHF6nGLal5_1x0Slw,Canooon
UC8fqUuHfcXa8CDmnolvyGbg,http://www.youtube.com/channel/UC8fqUuHfcXa8CDmnolvyGbg,Relaxing ASMR
UC8gyaVE2dUoHt6EWIcFNdOQ,http://www.youtube.com/channel/UC8gyaVE2dUoHt6EWIcFNdOQ,"Ramon Bong Revilla, Jr."
UC8h7wsreZmyjbBv0lVbHqnw,http://www.youtube.com/channel/UC8h7wsreZmyjbBv0lVbHqnw,GAGRBX
UC8hNLyX7ZIj59YZET9blxpw,http://www.youtube.com/channel/UC8hNLyX7ZIj59YZET9blxpw,Legundo
UC8j8mbl2rumvsXyWr8dZc2w,http://www.youtube.com/channel/UC8j8mbl2rumvsXyWr8dZc2w,stella
UC8jkbVLPvztz8TuE98OYo8Q,http://www.youtube.com/channel/UC8jkbVLPvztz8TuE98OYo8Q,fpt.
UC8lXw9DmvMYPZyTEAlSxGCg,http://www.youtube.com/channel/UC8lXw9DmvMYPZyTEAlSxGCg,MackanRules
UC8m0UjKwufINuU78ZBc5IWA,http://www.youtube.com/channel/UC8m0UjKwufINuU78ZBc5IWA,big shoe
UC8mcv9xnX9Amu2YBuRl4j5A,http://www.youtube.com/channel/UC8mcv9xnX9Amu2YBuRl4j5A,Gaming Explained
UC8meLGk3adjeRsg7JOYY8xA,http://www.youtube.com/channel/UC8meLGk3adjeRsg7JOYY8xA,zek eggy
UC8mspX5_LqkXExtP-CNlk4A,http://www.youtube.com/channel/UC8mspX5_LqkXExtP-CNlk4A,STAROLOGY
UC8oMvYlwaS7m5VpMwOTvgzw,http://www.youtube.com/channel/UC8oMvYlwaS7m5VpMwOTvgzw,Tor's Cabinet of Curiosities
UC8omrijlG_oLoHSf9RUmB9g,http://www.youtube.com/channel/UC8omrijlG_oLoHSf9RUmB9g,DocuDubery
UC8pOnl4XYXcKfZ_aWBO0o_A,http://www.youtube.com/channel/UC8pOnl4XYXcKfZ_aWBO0o_A,JiDionPremium 
UC8pmIe5FjmYlwP0Uf2dyQXQ,http://www.youtube.com/channel/UC8pmIe5FjmYlwP0Uf2dyQXQ,SCP Animated - Tales From The Foundation
UC8qxfCQYcEIOmWlUNOXQqXQ,http://www.youtube.com/channel/UC8qxfCQYcEIOmWlUNOXQqXQ,Roach Chan.
UC8rDfqkcikgjKNsBMY8TOkw,http://www.youtube.com/channel/UC8rDfqkcikgjKNsBMY8TOkw,Erobb221
UC8sJa2_-Fh1lHp8hJNNnrHg,http://www.youtube.com/channel/UC8sJa2_-Fh1lHp8hJNNnrHg,EVILO
UC8slJn2yPPaGpB7k2HtWrUQ,http://www.youtube.com/channel/UC8slJn2yPPaGpB7k2HtWrUQ,Rumble Studios
UC8tV0OdXIo1sCw249NQU4HQ,http://www.youtube.com/channel/UC8tV0OdXIo1sCw249NQU4HQ,Enemy5p0tted
UC8tWwKKHGbD4VbhAepL4DOQ,http://www.youtube.com/channel/UC8tWwKKHGbD4VbhAepL4DOQ,No Time To Grind
UC8tZeqNlp7H_3MSrhsV0LlA,http://www.youtube.com/channel/UC8tZeqNlp7H_3MSrhsV0LlA,Tim The Lawnmower Man Shorts
UC8uT9cgJorJPWu7ITLGo9Ww,http://www.youtube.com/channel/UC8uT9cgJorJPWu7ITLGo9Ww,The 8-Bit Guy
UC8vBelOKF4BpWUcvwCU82QQ,http://www.youtube.com/channel/UC8vBelOKF4BpWUcvwCU82QQ,SoraVerse
UC8xo16miz2Jjji93BhE9Yug,http://www.youtube.com/channel/UC8xo16miz2Jjji93BhE9Yug,Ruben Sim
UC8yFgMzUlcTnSuRiElgLx7w,http://www.youtube.com/channel/UC8yFgMzUlcTnSuRiElgLx7w,VaultShow
UC8ya6iJ-Sy5o3ADHcqZ8oxA,http://www.youtube.com/channel/UC8ya6iJ-Sy5o3ADHcqZ8oxA,Speaker4
UC8z78OcerTm7WBwtko31dXA,http://www.youtube.com/channel/UC8z78OcerTm7WBwtko31dXA,nobody
UC8zCa0ak-O5FNXAmsg5eghA,http://www.youtube.com/channel/UC8zCa0ak-O5FNXAmsg5eghA,Azkyy2
UC8zQUd8wXqXTF-5hVBN6EAA,http://www.youtube.com/channel/UC8zQUd8wXqXTF-5hVBN6EAA,Michi Chan
UC8zwA5kl7-99bp0OXKhM2Dw,http://www.youtube.com/channel/UC8zwA5kl7-99bp0OXKhM2Dw,moonfloof’s other stuff
UC9-hLlX75n_pr8PLkqam-Cg,http://www.youtube.com/channel/UC9-hLlX75n_pr8PLkqam-Cg,JuicyMcJuice
UC9-y-6csu5WGm29I7JiwpnA,http://www.youtube.com/channel/UC9-y-6csu5WGm29I7JiwpnA,Computerphile
UC908s5Y9HyRNG8Oqpey1Uow,http://www.youtube.com/channel/UC908s5Y9HyRNG8Oqpey1Uow,Life of Yama
UC90PVzS53dW1dxdXolaZPBw,http://www.youtube.com/channel/UC90PVzS53dW1dxdXolaZPBw,mr. bruh
UC91KfNhxr9aA4VhOv1fCTyw,http://www.youtube.com/channel/UC91KfNhxr9aA4VhOv1fCTyw,thatitalianguy
UC91V6D3nkhP89wUb9f_h17g,http://www.youtube.com/channel/UC91V6D3nkhP89wUb9f_h17g,MeatCanyon
UC92-zm0B8vLq-mtJtSHnrJQ,http://www.youtube.com/channel/UC92-zm0B8vLq-mtJtSHnrJQ,The Wrench
UC92tdc1dBBY0IySvCa2y40w,http://www.youtube.com/channel/UC92tdc1dBBY0IySvCa2y40w,Proper Goblin
UC93vO4lnbQfEEk925RwJU5Q,http://www.youtube.com/channel/UC93vO4lnbQfEEk925RwJU5Q,JADOKAR
UC943b3KOvXVMU3yT2XcaaFg,http://www.youtube.com/channel/UC943b3KOvXVMU3yT2XcaaFg,The Mansion
UC94XlnLwRY7AP1GhbfbAcYQ,http://www.youtube.com/channel/UC94XlnLwRY7AP1GhbfbAcYQ,Anthony Po
UC94Z4HZJkhPm94YPH1GE3bw,http://www.youtube.com/channel/UC94Z4HZJkhPm94YPH1GE3bw,EileMonty
UC94iuT0ABFJYZD1L20wvY7w,http://www.youtube.com/channel/UC94iuT0ABFJYZD1L20wvY7w,Girl With The Dogs 2
UC95YMFr-CN8aI8wJuFKAgXg,http://www.youtube.com/channel/UC95YMFr-CN8aI8wJuFKAgXg,Average T
UC96UGbXH7n_ZVq6MnwP9Kbg,http://www.youtube.com/channel/UC96UGbXH7n_ZVq6MnwP9Kbg,SL Smart Mind
UC96dbs_TSGQPa0fZvJEMSNg,http://www.youtube.com/channel/UC96dbs_TSGQPa0fZvJEMSNg,DriveVerse
UC97eF-7ZFIYCWJJ-HjO5igA,http://www.youtube.com/channel/UC97eF-7ZFIYCWJJ-HjO5igA,29Raptors
UC97v2HZ75Ni0HLqBgZmqs0w,http://www.youtube.com/channel/UC97v2HZ75Ni0HLqBgZmqs0w,Whoovie
UC97z29pMz1WccF95Bg0r2Dw,http://www.youtube.com/channel/UC97z29pMz1WccF95Bg0r2Dw,EGFLyrics_
UC98WsFnuhfS3uT8PwdYCjbw,http://www.youtube.com/channel/UC98WsFnuhfS3uT8PwdYCjbw,d4vd
UC9AK5K9oHBHiCZWxUNuUHiQ,http://www.youtube.com/channel/UC9AK5K9oHBHiCZWxUNuUHiQ,CodeTibers
UC9AP0tfmo4i7k5Dj-LnxjGw,http://www.youtube.com/channel/UC9AP0tfmo4i7k5Dj-LnxjGw,Veil & Dagger
UC9BMWLruGWsr1nTzFqmMfHw,http://www.youtube.com/channel/UC9BMWLruGWsr1nTzFqmMfHw,The Meme Sheep
UC9BkT4lu2bby5wdQe1brQHA,http://www.youtube.com/channel/UC9BkT4lu2bby5wdQe1brQHA,UniqueGeese
UC9CoOnJkIBMdeijd9qYoT_g,http://www.youtube.com/channel/UC9CoOnJkIBMdeijd9qYoT_g,Ariana Grande
UC9DlJuCbSXd1KNUDFZ6V4Fg,http://www.youtube.com/channel/UC9DlJuCbSXd1KNUDFZ6V4Fg,Immersive Street
UC9EZVBHd4aiPkxK3MbmvBxg,http://www.youtube.com/channel/UC9EZVBHd4aiPkxK3MbmvBxg,Spedicey
UC9EgazNjxm-_3eydGQR45rQ,http://www.youtube.com/channel/UC9EgazNjxm-_3eydGQR45rQ,TikTokTunes
UC9Ep0Y4T5rvUuIfjKN1wqTw,http://www.youtube.com/channel/UC9Ep0Y4T5rvUuIfjKN1wqTw,Ridddle
UC9FM9sHrQT-WfiAtUP9lLxQ,http://www.youtube.com/channel/UC9FM9sHrQT-WfiAtUP9lLxQ,NotAestheticallyHannah highlights
UC9FkeEFIGd9FXRfxpTltXYA,http://www.youtube.com/channel/UC9FkeEFIGd9FXRfxpTltXYA,Luke TheNotable
UC9GgcNKaUVA9gOIiD8qRiug,http://www.youtube.com/channel/UC9GgcNKaUVA9gOIiD8qRiug,Oberorka
UC9GpRLXcFMPSp4zhb-qDgMw,http://www.youtube.com/channel/UC9GpRLXcFMPSp4zhb-qDgMw,Orange Dolphin
UC9Gt9zg0vsmh-21zwVN5epQ,http://www.youtube.com/channel/UC9Gt9zg0vsmh-21zwVN5epQ,Broogli
UC9HQXWbt14wTdr_Tzc8ZE0A,http://www.youtube.com/channel/UC9HQXWbt14wTdr_Tzc8ZE0A,Doctor Youn
UC9HXSs_Pwfdula_kMixM9ag,http://www.youtube.com/channel/UC9HXSs_Pwfdula_kMixM9ag,AtoCryptos
UC9Ht_7PQ1G4UIPhjSkF-phw,http://www.youtube.com/channel/UC9Ht_7PQ1G4UIPhjSkF-phw,Tingman
UC9ImTi0cbFHs7PQ4l2jGO1g,http://www.youtube.com/channel/UC9ImTi0cbFHs7PQ4l2jGO1g,Epic Music World
UC9K44RtwiROAwCpALm1wdyQ,http://www.youtube.com/channel/UC9K44RtwiROAwCpALm1wdyQ,NDL
UC9K9Wnz6t4cLnCdTzAVrXqQ,http://www.youtube.com/channel/UC9K9Wnz6t4cLnCdTzAVrXqQ,Vinh Giang
UC9KlZtAtVwlDwYtcP-nkdNg,http://www.youtube.com/channel/UC9KlZtAtVwlDwYtcP-nkdNg,Con Hathy
UC9KmczJ3GNinbOcb0hndZPQ,http://www.youtube.com/channel/UC9KmczJ3GNinbOcb0hndZPQ,Adriano Valentini
UC9L5cZrS5nQMXmckFJBFI6w,http://www.youtube.com/channel/UC9L5cZrS5nQMXmckFJBFI6w,Cipher
UC9M7-jzdU8CVrQo1JwmIdWA,http://www.youtube.com/channel/UC9M7-jzdU8CVrQo1JwmIdWA,Android
UC9MU35bTvG9t06yf70hcGqQ,http://www.youtube.com/channel/UC9MU35bTvG9t06yf70hcGqQ,steveioe
UC9NNMwafy9quvNWafFukNDw,http://www.youtube.com/channel/UC9NNMwafy9quvNWafFukNDw,Maeve Kagekiri Ch. V&U
UC9N_XbsOz_8M_60FED1fYbg,http://www.youtube.com/channel/UC9N_XbsOz_8M_60FED1fYbg,Shadowinkwink
UC9OABighzB6Qr5OAOm5RLdA,http://www.youtube.com/channel/UC9OABighzB6Qr5OAOm5RLdA,Beppo
UC9Ok9bYgqm4PgCewhEakSng,http://www.youtube.com/channel/UC9Ok9bYgqm4PgCewhEakSng,ExtraJeff
UC9OmOMZS6rU0_jIdZOxSHxw,http://www.youtube.com/channel/UC9OmOMZS6rU0_jIdZOxSHxw,Daily Silksong News
UC9OucCej3Rx7tS3O7df4ReA,http://www.youtube.com/channel/UC9OucCej3Rx7tS3O7df4ReA,Seanie Dew
UC9P0bchnch7IqfrbTib4nrA,http://www.youtube.com/channel/UC9P0bchnch7IqfrbTib4nrA,CodyCantEatThis
UC9PY_s84IkOV_MJwEL70sfQ,http://www.youtube.com/channel/UC9PY_s84IkOV_MJwEL70sfQ,Jordan Howlett
UC9QM9qMhw4YKiGKait-fV_Q,http://www.youtube.com/channel/UC9QM9qMhw4YKiGKait-fV_Q,Hayden_IRL
UC9RM-iSvTu1uPJb8X5yp3EQ,http://www.youtube.com/channel/UC9RM-iSvTu1uPJb8X5yp3EQ,Wendover Productions
UC9Rr-QpNqH6wjiQ8S9cXY8w,http://www.youtube.com/channel/UC9Rr-QpNqH6wjiQ8S9cXY8w,CarrierBK
UC9SPmYqr3fGiP95b76tnUag,http://www.youtube.com/channel/UC9SPmYqr3fGiP95b76tnUag,TimeBucks
UC9SVhrnsGxWwiBRWT9c7Ozw,http://www.youtube.com/channel/UC9SVhrnsGxWwiBRWT9c7Ozw,RoomieOfficial
UC9ShVo-R8KGZl6rXdVvCEUA,http://www.youtube.com/channel/UC9ShVo-R8KGZl6rXdVvCEUA,Yoshi Stuffs
UC9SkwJvdDob4lkjdAQ7_qDA,http://www.youtube.com/channel/UC9SkwJvdDob4lkjdAQ7_qDA,Kraanwater
UC9T9mnA5u12DlQjeywuonpw,http://www.youtube.com/channel/UC9T9mnA5u12DlQjeywuonpw,Feenix SC
UC9Tib0IsWBst6tlQ-p3L4Pw,http://www.youtube.com/channel/UC9Tib0IsWBst6tlQ-p3L4Pw,Will Bowers
UC9TnCYUEl76qwLqLS4mX-VA,http://www.youtube.com/channel/UC9TnCYUEl76qwLqLS4mX-VA,TK REBIRTH
UC9TugmYgWhL_S5RpS8MgWtA,http://www.youtube.com/channel/UC9TugmYgWhL_S5RpS8MgWtA,JohnBrx
UC9UKPs9ZisfhMJdalnETLRg,http://www.youtube.com/channel/UC9UKPs9ZisfhMJdalnETLRg,AZALI
UC9VB775vYahAbOF6FKujWxQ,http://www.youtube.com/channel/UC9VB775vYahAbOF6FKujWxQ,legendarythien
UC9VVmIhzV_86yPMZfeyFxdA,http://www.youtube.com/channel/UC9VVmIhzV_86yPMZfeyFxdA,Brandon Lambert
UC9VX0KXNH20x9MCH3xGjisg,http://www.youtube.com/channel/UC9VX0KXNH20x9MCH3xGjisg,Dope
UC9VlXo1EoXWelmbWTbTj3rg,http://www.youtube.com/channel/UC9VlXo1EoXWelmbWTbTj3rg,Sweetie Fox
UC9WRUp4GZ70cCXtOe_xid3Q,http://www.youtube.com/channel/UC9WRUp4GZ70cCXtOe_xid3Q,CBoo527
UC9XjwCMWhes6R3jtOzZx50A,http://www.youtube.com/channel/UC9XjwCMWhes6R3jtOzZx50A,Alexander the ok
UC9Ya1tPH3z-62A1S_xLhh-Q,http://www.youtube.com/channel/UC9Ya1tPH3z-62A1S_xLhh-Q,Philippine Funny News
UC9Z1XWw1kmnvOOFsj6Bzy2g,http://www.youtube.com/channel/UC9Z1XWw1kmnvOOFsj6Bzy2g,Blackthornprod
UC9ZP1MoAWJfk5kqNU9v0ExA,http://www.youtube.com/channel/UC9ZP1MoAWJfk5kqNU9v0ExA,Stefan
UC9_3hZa-4etz5A20QtO3mUg,http://www.youtube.com/channel/UC9_3hZa-4etz5A20QtO3mUg,Skyleryaps
UC9_BKfayJfXO5fZWLi-GVrg,http://www.youtube.com/channel/UC9_BKfayJfXO5fZWLi-GVrg,Free Doc Bites
UC9_J1ry3Rt2Z8aLz9oGH4ZA,http://www.youtube.com/channel/UC9_J1ry3Rt2Z8aLz9oGH4ZA,ABF Films 
UC9_c9QePh6tpxe7agPa_Mvw,http://www.youtube.com/channel/UC9_c9QePh6tpxe7agPa_Mvw,Jeff Johnson
UC9aJ-FXIdQAhFm2H2RO4pmw,http://www.youtube.com/channel/UC9aJ-FXIdQAhFm2H2RO4pmw,liamvz
UC9aRTgvFLqnK1S0RsWZzlMw,http://www.youtube.com/channel/UC9aRTgvFLqnK1S0RsWZzlMw,Modustrial Maker
UC9bORzxOWiewqMXxkmhAwAg,http://www.youtube.com/channel/UC9bORzxOWiewqMXxkmhAwAg,Gingy
UC9cEasZnzv6wh51S4_ligXA,http://www.youtube.com/channel/UC9cEasZnzv6wh51S4_ligXA,Jacko
UC9dSTX7QKwtH7hqR4u2tyUg,http://www.youtube.com/channel/UC9dSTX7QKwtH7hqR4u2tyUg,Crescendex
UC9doqFCZwG8wGegHQVnj9lg,http://www.youtube.com/channel/UC9doqFCZwG8wGegHQVnj9lg,Mike's Comic Facts
UC9ecwl3FTG66jIKA9JRDtmg,http://www.youtube.com/channel/UC9ecwl3FTG66jIKA9JRDtmg,SiIvaGunner
UC9ek8xUVjnmQ-q7f6CTwtxg,http://www.youtube.com/channel/UC9ek8xUVjnmQ-q7f6CTwtxg,AstralSpiff
UC9g5DMxhwNMMQPjKnjQnTug,http://www.youtube.com/channel/UC9g5DMxhwNMMQPjKnjQnTug,Nick Flip
UC9geifdI6fzWRjm_lNUjxgw,http://www.youtube.com/channel/UC9geifdI6fzWRjm_lNUjxgw,CONEY
UC9hCQoT-VY7vVRaC62WJOJw,http://www.youtube.com/channel/UC9hCQoT-VY7vVRaC62WJOJw,Jorden Tually
UC9iVZqR1I8EBgFP9S5RHqBA,http://www.youtube.com/channel/UC9iVZqR1I8EBgFP9S5RHqBA,Larry Koopa 64 DS hacker
UC9k-yiEpRHMNVOnOi_aQK8w,http://www.youtube.com/channel/UC9k-yiEpRHMNVOnOi_aQK8w,Inside Edition
UC9kN-ROrTY81zH856AxXuGQ,http://www.youtube.com/channel/UC9kN-ROrTY81zH856AxXuGQ,Mylo the Cat
UC9kN9nKOQn4i-7k29D-XXHw,http://www.youtube.com/channel/UC9kN9nKOQn4i-7k29D-XXHw,Luke O’Sullivan
UC9kNdJ9ALr_HcRv-2Xa2GTQ,http://www.youtube.com/channel/UC9kNdJ9ALr_HcRv-2Xa2GTQ,Duspey
UC9koQ6O39CD7m72Vi8AZpFA,http://www.youtube.com/channel/UC9koQ6O39CD7m72Vi8AZpFA,Jacob Fraizer
UC9lNNtAARC-n0WC7tm-884Q,http://www.youtube.com/channel/UC9lNNtAARC-n0WC7tm-884Q,Comic Drake
UC9limEp-0xNSJpKFma7MGKA,http://www.youtube.com/channel/UC9limEp-0xNSJpKFma7MGKA,바카라노빠꾸TV-NO1
UC9mBJdNZxwE-La5vX0Kozvg,http://www.youtube.com/channel/UC9mBJdNZxwE-La5vX0Kozvg,Failboat
UC9mkzd_A2JEfLtITD6HF-Sg,http://www.youtube.com/channel/UC9mkzd_A2JEfLtITD6HF-Sg,Richter Overtime
UC9mvRrl9o7rG65ABsGVvDBw,http://www.youtube.com/channel/UC9mvRrl9o7rG65ABsGVvDBw,mysticat
UC9n7anTerwMe-RUVKvCBiqw,http://www.youtube.com/channel/UC9n7anTerwMe-RUVKvCBiqw,The Ink Tank
UC9nvLJhH9dUfShTr1VuhxVA,http://www.youtube.com/channel/UC9nvLJhH9dUfShTr1VuhxVA,土豆の日記Cat's diary
UC9nxFCZRk3hu2RNCKf3I6KA,http://www.youtube.com/channel/UC9nxFCZRk3hu2RNCKf3I6KA,Whimzee
UC9qWyDwmO2HPIg4hxnnrypQ,http://www.youtube.com/channel/UC9qWyDwmO2HPIg4hxnnrypQ,MemeMek101
UC9r7GhYRrYXY5lGONs4DK2Q,http://www.youtube.com/channel/UC9r7GhYRrYXY5lGONs4DK2Q,Aptarch
UC9spFPWICm2aqICTn7wikUw,http://www.youtube.com/channel/UC9spFPWICm2aqICTn7wikUw,JBuilds
UC9tlPHOKGpdqFrwCFf3DrqQ,http://www.youtube.com/channel/UC9tlPHOKGpdqFrwCFf3DrqQ,Cosmo
UC9uD-W5zQHQuAVT2GdcLCvg,http://www.youtube.com/channel/UC9uD-W5zQHQuAVT2GdcLCvg,Insider Science
UC9uUw244_JlgSxQq0Fmmeag,http://www.youtube.com/channel/UC9uUw244_JlgSxQq0Fmmeag,The Blue Light
UC9v4hXBWnCW0M3oEBYZ9w8A,http://www.youtube.com/channel/UC9v4hXBWnCW0M3oEBYZ9w8A,Unreal SM64
UC9wXdtfnc88QpFpVpH5AgIQ,http://www.youtube.com/channel/UC9wXdtfnc88QpFpVpH5AgIQ,Gremolin Clips
UC9wvQsn9VGQsX9uFWEuQW4A,http://www.youtube.com/channel/UC9wvQsn9VGQsX9uFWEuQW4A,CubeHead
UC9x0AN7BWHpCDHSm9NiJFJQ,http://www.youtube.com/channel/UC9x0AN7BWHpCDHSm9NiJFJQ,NetworkChuck
UC9xbsybZQenpm1dxLw5sqxw,http://www.youtube.com/channel/UC9xbsybZQenpm1dxLw5sqxw,snoopdoggfan4173
UC9xkCk3pGl0fVKsL7c8UX7A,http://www.youtube.com/channel/UC9xkCk3pGl0fVKsL7c8UX7A,macrosnow
UC9z7EZAbkphEMg0SP7rw44A,http://www.youtube.com/channel/UC9z7EZAbkphEMg0SP7rw44A,carykh
UC9zY_E8mcAo_Oq772LEZq8Q,http://www.youtube.com/channel/UC9zY_E8mcAo_Oq772LEZq8Q,THE FIRST TAKE
UC9zhvQK9Mu7rbNnLxO-gDSg,http://www.youtube.com/channel/UC9zhvQK9Mu7rbNnLxO-gDSg,Malik Brookins
UCA0mlN90EHCizvo101nbr-g,http://www.youtube.com/channel/UCA0mlN90EHCizvo101nbr-g,NileRed 2
UCA19mAJURyYHbJzhfpqhpCA,http://www.youtube.com/channel/UCA19mAJURyYHbJzhfpqhpCA,Action Lab Shorts
UCA1VwEPTqVLO2XtuM545Idg,http://www.youtube.com/channel/UCA1VwEPTqVLO2XtuM545Idg,たたかう伊藤
UCA1WwXpIV29SFZM130n5pUw,http://www.youtube.com/channel/UCA1WwXpIV29SFZM130n5pUw,Smuggies
UCA1mxOwASgWGYkvxN20-MBw,http://www.youtube.com/channel/UCA1mxOwASgWGYkvxN20-MBw,EvanMCGaming
UCA2QfK-lVdi2j3LCns0j7LQ,http://www.youtube.com/channel/UCA2QfK-lVdi2j3LCns0j7LQ,The Smothers Brothers
UCA3-nIYWu4PTWkb6NwhEpzg,http://www.youtube.com/channel/UCA3-nIYWu4PTWkb6NwhEpzg,Ryan Reynolds
UCA3PLfFMuT963D-qGVjAFaw,http://www.youtube.com/channel/UCA3PLfFMuT963D-qGVjAFaw,BoyWithUke
UCA46FtbiddCWFmGz8x3y4jg,http://www.youtube.com/channel/UCA46FtbiddCWFmGz8x3y4jg,Cartoon Network Glitches
UCA5_uB2xZH2UTAy0Bqjp5jg,http://www.youtube.com/channel/UCA5_uB2xZH2UTAy0Bqjp5jg,Blue YNC
UCA6qVBxFkuSmmoWzNp57Amg,http://www.youtube.com/channel/UCA6qVBxFkuSmmoWzNp57Amg,TIMO
UCA74AmPL6G6viic4HLOI1rw,http://www.youtube.com/channel/UCA74AmPL6G6viic4HLOI1rw,Kasey Anderson
UCA84Qqrgfr9EblA_6pNX-xg,http://www.youtube.com/channel/UCA84Qqrgfr9EblA_6pNX-xg,Tifo Sports by The Athletic
UCA8OgiIC3-M1DzmW5BgG5cQ,http://www.youtube.com/channel/UCA8OgiIC3-M1DzmW5BgG5cQ,Igor Zdrowowicz
UCA9YqQu7drAIMhjmPM03Drg,http://www.youtube.com/channel/UCA9YqQu7drAIMhjmPM03Drg,VTubception
UCAAylaLTtNL8SGuB-Oj3xCw,http://www.youtube.com/channel/UCAAylaLTtNL8SGuB-Oj3xCw,The Villains
UCABuyATkdKM5jL_ht9WUMyQ,http://www.youtube.com/channel/UCABuyATkdKM5jL_ht9WUMyQ,Chris Parker
UCADI1ERBZZmOd_EQTzJ1PPQ,http://www.youtube.com/channel/UCADI1ERBZZmOd_EQTzJ1PPQ,Extra Spiff
UCAEQl0BbYrPyTnsWVBJuIqQ,http://www.youtube.com/channel/UCAEQl0BbYrPyTnsWVBJuIqQ,Oriental Pearl
UCAEa98uGVYj2j1at0MRNSCw,http://www.youtube.com/channel/UCAEa98uGVYj2j1at0MRNSCw,WasLudwigClips
UCAEvg-6AT6C37Dkt6S3SWRQ,http://www.youtube.com/channel/UCAEvg-6AT6C37Dkt6S3SWRQ,Chris
UCAGoczn30zXWNy0BffJcpbw,http://www.youtube.com/channel/UCAGoczn30zXWNy0BffJcpbw,Peter Dibble
UCAH9rTpVUJ2PUru_rm0kDJQ,http://www.youtube.com/channel/UCAH9rTpVUJ2PUru_rm0kDJQ,DanTDM Fan
UCAHHqWLedf6xRyyVByhAHMw,http://www.youtube.com/channel/UCAHHqWLedf6xRyyVByhAHMw,UnlistedLeaf
UCAHaK57ZL_k_KVB-pcG0VWQ,http://www.youtube.com/channel/UCAHaK57ZL_k_KVB-pcG0VWQ,KFergy
UCAHsFow3W5lEHgLvbI0rjgg,http://www.youtube.com/channel/UCAHsFow3W5lEHgLvbI0rjgg,humour
UCAHvwbvcG9IuY7JoSYXkm7g,http://www.youtube.com/channel/UCAHvwbvcG9IuY7JoSYXkm7g,Jackopher
UCAJ41d46i6mcNAsvsWRc9hw,http://www.youtube.com/channel/UCAJ41d46i6mcNAsvsWRc9hw,CaptainSparklez 2
UCAJEdkwTB2xDYOU0Nz7VhcA,http://www.youtube.com/channel/UCAJEdkwTB2xDYOU0Nz7VhcA,Trafalgar
UCAJVtlLGylk0rqmaqaPE34g,http://www.youtube.com/channel/UCAJVtlLGylk0rqmaqaPE34g,Zlurm
UCAK9CppGD8e6JivkqC3XW8Q,http://www.youtube.com/channel/UCAK9CppGD8e6JivkqC3XW8Q,kipkame11
UCAL3JXZSzSm8AlZyD3nQdBA,http://www.youtube.com/channel/UCAL3JXZSzSm8AlZyD3nQdBA,Primitive Technology
UCAL3Lm6Y_BWXCsmzI1eTx7A,http://www.youtube.com/channel/UCAL3Lm6Y_BWXCsmzI1eTx7A,Nixian
UCAL8MGd-zXmmfqXFP6L6gvQ,http://www.youtube.com/channel/UCAL8MGd-zXmmfqXFP6L6gvQ,joepkg
UCALtXLUFzrKvXnldcuex01w,http://www.youtube.com/channel/UCALtXLUFzrKvXnldcuex01w,tayori
UCAN6V4s8Pundpu7uoQaJf1A,http://www.youtube.com/channel/UCAN6V4s8Pundpu7uoQaJf1A,Snoop Doge
UCAN9EtZF6VbQDUUz6OiUxqA,http://www.youtube.com/channel/UCAN9EtZF6VbQDUUz6OiUxqA,NOVRITSCH
UCAPTr9x1huUv3cBlfEYmALA,http://www.youtube.com/channel/UCAPTr9x1huUv3cBlfEYmALA,Jamlab
UCAPaj3AyuB_J9uU7cJV-PoA,http://www.youtube.com/channel/UCAPaj3AyuB_J9uU7cJV-PoA,elijonestv
UCAPrhJwVweWZA8GEPoClSdw,http://www.youtube.com/channel/UCAPrhJwVweWZA8GEPoClSdw,Pleasant Green
UCAQOf_uPOJ6rXO_k9RwfK3A,http://www.youtube.com/channel/UCAQOf_uPOJ6rXO_k9RwfK3A,MiniMoochi
UCAQzM5mPzlprLCumZJwr4pg,http://www.youtube.com/channel/UCAQzM5mPzlprLCumZJwr4pg,All Eyes On Film
UCAROTxy9xlkPHYlQoQFnJXQ,http://www.youtube.com/channel/UCAROTxy9xlkPHYlQoQFnJXQ,Acrylic
UCASBmqPxRv5CDbxcVCAwyMg,http://www.youtube.com/channel/UCASBmqPxRv5CDbxcVCAwyMg,MK1GioYT
UCASNVFmXvxpj31ZKXZ6K7Xg,http://www.youtube.com/channel/UCASNVFmXvxpj31ZKXZ6K7Xg,Adam Rose
UCATWUurs5SImDMX_prUtxng,http://www.youtube.com/channel/UCATWUurs5SImDMX_prUtxng,Matt Larose
UCAUOar74GGrtq9UwGM4q8TQ,http://www.youtube.com/channel/UCAUOar74GGrtq9UwGM4q8TQ,Moonokami 
UCAUodh9kSpSS17M73Co5wXQ,http://www.youtube.com/channel/UCAUodh9kSpSS17M73Co5wXQ,Tedesco Archive
UCAVadSTSh382kte-fQHqMNw,http://www.youtube.com/channel/UCAVadSTSh382kte-fQHqMNw,Legendary
UCAWGDSR6CqFqinkYRmfUU0g,http://www.youtube.com/channel/UCAWGDSR6CqFqinkYRmfUU0g,Ben In Black
UCAWmOr51ndNkACYj4b0l0vA,http://www.youtube.com/channel/UCAWmOr51ndNkACYj4b0l0vA,proloxx (read desc)
UCAXy1iNHQEcG7mvmkxIn6GQ,http://www.youtube.com/channel/UCAXy1iNHQEcG7mvmkxIn6GQ,Hidden Files
UCAXzwpv-8zX3uI95W7YfGYA,http://www.youtube.com/channel/UCAXzwpv-8zX3uI95W7YfGYA,V-Limit
UCAYG9x3IqUVmo4WkCZuvtXQ,http://www.youtube.com/channel/UCAYG9x3IqUVmo4WkCZuvtXQ,Vincent
UCAYmlecATSG0wc5IxsFJSbQ,http://www.youtube.com/channel/UCAYmlecATSG0wc5IxsFJSbQ,Doug Sharpe
UCAYsy_6_VBLiXkTGYIO2pdg,http://www.youtube.com/channel/UCAYsy_6_VBLiXkTGYIO2pdg,William H Baker
UCA_UiEIwdlChul3EMx7Clhg,http://www.youtube.com/channel/UCA_UiEIwdlChul3EMx7Clhg,Space Kangaroo
UCAaCnaGdVpNzylKpou646vw,http://www.youtube.com/channel/UCAaCnaGdVpNzylKpou646vw,QTCinderella
UCAaFLvi6ij7J2NDs-Hdwzow,http://www.youtube.com/channel/UCAaFLvi6ij7J2NDs-Hdwzow,Mika Harris
UCAaJ7xaKXPVTtPdnNKtUD1g,http://www.youtube.com/channel/UCAaJ7xaKXPVTtPdnNKtUD1g,CASIO Japan
UCAaX9NjMCos_Qwz3n41eUgg,http://www.youtube.com/channel/UCAaX9NjMCos_Qwz3n41eUgg,André Rieu
UCAaXLLoXnRF8EPUy5b5b6Vw,http://www.youtube.com/channel/UCAaXLLoXnRF8EPUy5b5b6Vw,ronillust
UCAaegDUlb7doIKo0Rc1F08g,http://www.youtube.com/channel/UCAaegDUlb7doIKo0Rc1F08g,GTLive
UCAbBYD59Il1plltEiXdPryQ,http://www.youtube.com/channel/UCAbBYD59Il1plltEiXdPryQ,GrandmasterPants
UCAdBvx8TOSoI0dwMQ_MnGbA,http://www.youtube.com/channel/UCAdBvx8TOSoI0dwMQ_MnGbA,BluPhoenix
UCAdVndrnfBQcbbGRia3NItQ,http://www.youtube.com/channel/UCAdVndrnfBQcbbGRia3NItQ,AlternativeCuts - Uncut
UCAezuVLeg2gA6-CCW_a1uJw,http://www.youtube.com/channel/UCAezuVLeg2gA6-CCW_a1uJw,Check it.
UCAfYntJkyJdnYbzDsOGu0qQ,http://www.youtube.com/channel/UCAfYntJkyJdnYbzDsOGu0qQ,RetroSpector78
UCAfr3VoUx-l6PfOcYFfDhyQ,http://www.youtube.com/channel/UCAfr3VoUx-l6PfOcYFfDhyQ,Pezle
UCAgXCys05sG7_rFjli23bcQ,http://www.youtube.com/channel/UCAgXCys05sG7_rFjli23bcQ,NextGen Dreams
UCAhV84wD3zw-jpU9rhwcsvA,http://www.youtube.com/channel/UCAhV84wD3zw-jpU9rhwcsvA,Jalock
UCAi6GKtTPoYxUheIbVhnwqw,http://www.youtube.com/channel/UCAi6GKtTPoYxUheIbVhnwqw,RTINGS Home Theater
UCAiEWppTvoNSHU939xhMb2g,http://www.youtube.com/channel/UCAiEWppTvoNSHU939xhMb2g,hoser
UCAiLfjNXkNv24uhpzUgPa6A,http://www.youtube.com/channel/UCAiLfjNXkNv24uhpzUgPa6A,Beast Philanthropy
UCAiRzwMMk52TQdxVNiHiPmg,http://www.youtube.com/channel/UCAiRzwMMk52TQdxVNiHiPmg,Zacko
UCAi_uNeDWRXj8C8yw358gWw,http://www.youtube.com/channel/UCAi_uNeDWRXj8C8yw358gWw,CharlesBerthoud
UCAjUyoCIi5WZdXDbxgtdxdA,http://www.youtube.com/channel/UCAjUyoCIi5WZdXDbxgtdxdA,TrackZone
UCAkFzXOtrHmYT6O0wDSoA2A,http://www.youtube.com/channel/UCAkFzXOtrHmYT6O0wDSoA2A,King Krule
UCAm7Q_EW_A9-RMhgwzvtBqQ,http://www.youtube.com/channel/UCAm7Q_EW_A9-RMhgwzvtBqQ,BrickSchtick
UCAmWaOxdTZrQuGpwjWUpswg,http://www.youtube.com/channel/UCAmWaOxdTZrQuGpwjWUpswg,Elitrin
UCAmYmmm0vL9N4YXkbwkrdRQ,http://www.youtube.com/channel/UCAmYmmm0vL9N4YXkbwkrdRQ,itsAuto
UCAn8NrZ-J4CRfwodajqFYoQ,http://www.youtube.com/channel/UCAn8NrZ-J4CRfwodajqFYoQ,BotezLive
UCApwcZw_xawOTzQFoYVOJmw,http://www.youtube.com/channel/UCApwcZw_xawOTzQFoYVOJmw,24 Frames Of Nick
UCAq4q9UhzPS1wkpHuhph0kQ,http://www.youtube.com/channel/UCAq4q9UhzPS1wkpHuhph0kQ,Code Red
UCAqTLwt0vUIkyl3WGJHzWCg,http://www.youtube.com/channel/UCAqTLwt0vUIkyl3WGJHzWCg,Harvard Krokodiloes
UCAql2DyGU2un1Ei2nMYsqOA,http://www.youtube.com/channel/UCAql2DyGU2un1Ei2nMYsqOA,Donald J Trump
UCArg9lH2Q_-_cX0vjQQteUw,http://www.youtube.com/channel/UCArg9lH2Q_-_cX0vjQQteUw,Shippiddge
UCAriIoFaRv2NYQRfx-h2PkQ,http://www.youtube.com/channel/UCAriIoFaRv2NYQRfx-h2PkQ,2b2t Community Channel
UCAsSOrBWNm1y0vOZ_JWBzTA,http://www.youtube.com/channel/UCAsSOrBWNm1y0vOZ_JWBzTA,TBAG [Clips]
UCAsrdlefrZyvnELIXLMZkNg,http://www.youtube.com/channel/UCAsrdlefrZyvnELIXLMZkNg,Jez
UCAtYkwdhJ5o32z7gS-ef5vg,http://www.youtube.com/channel/UCAtYkwdhJ5o32z7gS-ef5vg,TommyNFG
UCAuUUnT6oDeKwE6v1NGQxug,http://www.youtube.com/channel/UCAuUUnT6oDeKwE6v1NGQxug,TED
UCAua9maY1vtNdBlYqnHRhwA,http://www.youtube.com/channel/UCAua9maY1vtNdBlYqnHRhwA,LixianTV
UCAwcuVUUuCAlXQBySHYYZ3w,http://www.youtube.com/channel/UCAwcuVUUuCAlXQBySHYYZ3w,Martin Loves A Puzzle
UCAxYH9DWyVmMpS9NgyxoTFQ,http://www.youtube.com/channel/UCAxYH9DWyVmMpS9NgyxoTFQ,AlanBeckerTutorials
UCAynUBIkB7gX10An54eEt4A,http://www.youtube.com/channel/UCAynUBIkB7gX10An54eEt4A,Kamera Jr.
UCAzKFALPuF_EPe-AEI0WFFw,http://www.youtube.com/channel/UCAzKFALPuF_EPe-AEI0WFFw,TwoSetViolin
UCAzeOdNh3Gd_jG6TGCjqDIw,http://www.youtube.com/channel/UCAzeOdNh3Gd_jG6TGCjqDIw,1 hour for low connection
UCAzyupPG4vdo8jd9nJ13LAw,http://www.youtube.com/channel/UCAzyupPG4vdo8jd9nJ13LAw,Barry Lewis
UCB-7LMovHmwxVK1FfNvKHFQ,http://www.youtube.com/channel/UCB-7LMovHmwxVK1FfNvKHFQ,RCDriftTok
UCB217xjwCZHo3XwwsUg5Sdw,http://www.youtube.com/channel/UCB217xjwCZHo3XwwsUg5Sdw,the letter kei
UCB3EEvZVpztr2IpWJ5EV_jg,http://www.youtube.com/channel/UCB3EEvZVpztr2IpWJ5EV_jg,BadMass
UCB3vtBCafHPgHoWxzRaXIfA,http://www.youtube.com/channel/UCB3vtBCafHPgHoWxzRaXIfA,DannyDamianPhoto
UCB4NFn-8oipHct0IfAQBQrQ,http://www.youtube.com/channel/UCB4NFn-8oipHct0IfAQBQrQ,Unnecessary Inventions
UCB4iBA4ulKyw96mqvPWCB3g,http://www.youtube.com/channel/UCB4iBA4ulKyw96mqvPWCB3g,Break It Yourself
UCB5OMq90vzm_cpoNXxqPMfA,http://www.youtube.com/channel/UCB5OMq90vzm_cpoNXxqPMfA,Grant Wisler
UCB5zZAm0b5-EqWkOEwHBE_A,http://www.youtube.com/channel/UCB5zZAm0b5-EqWkOEwHBE_A,Arch
UCB6ApdlKLwbdLCxU_2Y5Peg,http://www.youtube.com/channel/UCB6ApdlKLwbdLCxU_2Y5Peg,EverythingDVD
UCB6y9VskHTkeZJ0vqVQpFzA,http://www.youtube.com/channel/UCB6y9VskHTkeZJ0vqVQpFzA,Kraul
UCB74I2EiE5dC0CAeDXbBjfA,http://www.youtube.com/channel/UCB74I2EiE5dC0CAeDXbBjfA,swampsniper
UCB7V_Nf39h4cYlStbtiWm7w,http://www.youtube.com/channel/UCB7V_Nf39h4cYlStbtiWm7w,BVR
UCB9GQM7dd4lGEg0l6f5IAbg,http://www.youtube.com/channel/UCB9GQM7dd4lGEg0l6f5IAbg,StaggerNight
UCB9zCy0qufS60aVLJn1ipFg,http://www.youtube.com/channel/UCB9zCy0qufS60aVLJn1ipFg,Bad Ink Studios
UCBABsXaJ9-tDWDE_pIFQlIg,http://www.youtube.com/channel/UCBABsXaJ9-tDWDE_pIFQlIg,Berzan
UCBAtom0WZPkXagq27gEFpyA,http://www.youtube.com/channel/UCBAtom0WZPkXagq27gEFpyA,S Meno
UCBAu5h7VZBV2HaXBuZcz9aA,http://www.youtube.com/channel/UCBAu5h7VZBV2HaXBuZcz9aA,KIER and DEV
UCBBIgxO-8jgVZpsj6uk4aVA,http://www.youtube.com/channel/UCBBIgxO-8jgVZpsj6uk4aVA,Bryan Cantrill
UCBB_w1hSJS5kPR40MR2cTOQ,http://www.youtube.com/channel/UCBB_w1hSJS5kPR40MR2cTOQ,observations
UCBBdZDBrOyYFgDrqLrIWigA,http://www.youtube.com/channel/UCBBdZDBrOyYFgDrqLrIWigA,Redfox_1500
UCBByXJPO0O4WRXXemnay_-g,http://www.youtube.com/channel/UCBByXJPO0O4WRXXemnay_-g,Jeremie
UCBCEMYAttyN-yoPXnR49_Fg,http://www.youtube.com/channel/UCBCEMYAttyN-yoPXnR49_Fg,Paul Platt
UCBDRZrGjN2vj53wOlA3Vu5Q,http://www.youtube.com/channel/UCBDRZrGjN2vj53wOlA3Vu5Q,Aura_clipper
UCBDzeueDVDyo1MYdLtoAVtQ,http://www.youtube.com/channel/UCBDzeueDVDyo1MYdLtoAVtQ,Moo Clips
UCBFF21f9eduO_AKK6M2VcYQ,http://www.youtube.com/channel/UCBFF21f9eduO_AKK6M2VcYQ,Brickverse
UCBGVa07P4ofJ8HaCzAtAB4A,http://www.youtube.com/channel/UCBGVa07P4ofJ8HaCzAtAB4A,McNallyOfficial
UCBI6xO6kKy5yFZvcOcC9z_Q,http://www.youtube.com/channel/UCBI6xO6kKy5yFZvcOcC9z_Q,JWall64
UCBIKQvcq1osX5d63RE5r-nA,http://www.youtube.com/channel/UCBIKQvcq1osX5d63RE5r-nA,RFTN - Topic
UCBINYCmwE29fBXCpUI8DgTA,http://www.youtube.com/channel/UCBINYCmwE29fBXCpUI8DgTA,MostAmazingTop10
UCBJKwTVxAvgW6FC1-lYWTPg,http://www.youtube.com/channel/UCBJKwTVxAvgW6FC1-lYWTPg,soulr1der
UCBJsL8KQcu9jvlhIlSSRm5A,http://www.youtube.com/channel/UCBJsL8KQcu9jvlhIlSSRm5A,The College Cuber | Dylan Sadiq
UCBJycsmduvYEL83R_U4JriQ,http://www.youtube.com/channel/UCBJycsmduvYEL83R_U4JriQ,Marques Brownlee
UCBKhdILeDie8iLkap216g7g,http://www.youtube.com/channel/UCBKhdILeDie8iLkap216g7g,In Depth Tech Reviews
UCBLHhOS9kpixWuLmBP6oIjQ,http://www.youtube.com/channel/UCBLHhOS9kpixWuLmBP6oIjQ,Category5 Technology TV with Robbie Ferguson
UCBNAVMLMsg5K0mxxJyJO77Q,http://www.youtube.com/channel/UCBNAVMLMsg5K0mxxJyJO77Q,Hash
UCBNG0osIBAprVcZZ3ic84vw,http://www.youtube.com/channel/UCBNG0osIBAprVcZZ3ic84vw,Jim Browning
UCBNdXXyBi1lwCZ1i8ixrYOw,http://www.youtube.com/channel/UCBNdXXyBi1lwCZ1i8ixrYOw,Smifter
UCBODyKF0JMbUd6D9Bklyzbw,http://www.youtube.com/channel/UCBODyKF0JMbUd6D9Bklyzbw,Jacob Alpharad
UCBPRr5aGYpgdAcgJYcs-2VQ,http://www.youtube.com/channel/UCBPRr5aGYpgdAcgJYcs-2VQ,2Lemmy
UCBPaf0_cv2J2BB20bpArIdg,http://www.youtube.com/channel/UCBPaf0_cv2J2BB20bpArIdg,Tooleko
UCBQG9xhN1EfnOc2TbmTcjJg,http://www.youtube.com/channel/UCBQG9xhN1EfnOc2TbmTcjJg,ggenije
UCBR8-60-B28hp2BmDPdntcQ,http://www.youtube.com/channel/UCBR8-60-B28hp2BmDPdntcQ,YouTube
UCBS1NUWY7oC6FFHaXQy4zAA,http://www.youtube.com/channel/UCBS1NUWY7oC6FFHaXQy4zAA,Zach's Tech Turf
UCBSgAk1_DYPk0YvPzRZZBuA,http://www.youtube.com/channel/UCBSgAk1_DYPk0YvPzRZZBuA,lunova
UCBSs9x2KzSLhyyA9IKyt4YA,http://www.youtube.com/channel/UCBSs9x2KzSLhyyA9IKyt4YA,Netflix Anime
UCBTEicmCnfrlFXkeMPzOA1A,http://www.youtube.com/channel/UCBTEicmCnfrlFXkeMPzOA1A,never ending curiosity
UCBTrTXbSiv4Pq7As_tcB0UA,http://www.youtube.com/channel/UCBTrTXbSiv4Pq7As_tcB0UA,Bill Withers
UCBTvGJlfKvqrPkEReXO0TrA,http://www.youtube.com/channel/UCBTvGJlfKvqrPkEReXO0TrA,HanabiYaki
UCBUVBRJecXyDaYXtb62IPlg,http://www.youtube.com/channel/UCBUVBRJecXyDaYXtb62IPlg,EliteKindaNoob
UCBVEb6W9dMpIConICMS0B5Q,http://www.youtube.com/channel/UCBVEb6W9dMpIConICMS0B5Q,ImNotaCasualty
UCBVY4zJr4qTXdPlMus1VxqA,http://www.youtube.com/channel/UCBVY4zJr4qTXdPlMus1VxqA,Chemteacherphil
UCBWbSWoayLeeaJ4Us9WG-fg,http://www.youtube.com/channel/UCBWbSWoayLeeaJ4Us9WG-fg,Daniel Hands
UCBXzZUR467thRv_5wefeg8A,http://www.youtube.com/channel/UCBXzZUR467thRv_5wefeg8A,Jesus Ricardo Alvarez Michel
UCBZgK3L9Q4yqcjauJxKb-RA,http://www.youtube.com/channel/UCBZgK3L9Q4yqcjauJxKb-RA,SPARKUP
UCBZiUUYeLfS5rIj4TQvgSvA,http://www.youtube.com/channel/UCBZiUUYeLfS5rIj4TQvgSvA,Channel Super Fun
UCB_CCSAGP_YCuR36_w2bG1w,http://www.youtube.com/channel/UCB_CCSAGP_YCuR36_w2bG1w,Greg Renko
UCBa659QWEk1AI4Tg--mrJ2A,http://www.youtube.com/channel/UCBa659QWEk1AI4Tg--mrJ2A,Tom Scott
UCBaJVMx5fcWOHsmPH3IxKKQ,http://www.youtube.com/channel/UCBaJVMx5fcWOHsmPH3IxKKQ,Wubzzy
UCBciYThS5hOiuQ4aOxw4hHg,http://www.youtube.com/channel/UCBciYThS5hOiuQ4aOxw4hHg,Inkbox
UCBd00oiMxwlGgIK42bONTuQ,http://www.youtube.com/channel/UCBd00oiMxwlGgIK42bONTuQ,Ooflaoof
UCBdHwFIE4AJWSa3Wxdu7bAQ,http://www.youtube.com/channel/UCBdHwFIE4AJWSa3Wxdu7bAQ,fliptopbattles
UCBdwzrMJ_WFx-xWsJB5H40w,http://www.youtube.com/channel/UCBdwzrMJ_WFx-xWsJB5H40w,MarchiWORX
UCBe58kDIdEocE2Dd6CFqPrw,http://www.youtube.com/channel/UCBe58kDIdEocE2Dd6CFqPrw,The Wrong Neighborhood
UCBeYDD6H2QHdWdypYvi3grg,http://www.youtube.com/channel/UCBeYDD6H2QHdWdypYvi3grg,Copycat
UCBfUrCE9TFejLTfQ7OPirpg,http://www.youtube.com/channel/UCBfUrCE9TFejLTfQ7OPirpg,Kenny Haller
UCBi2mrWuNuyYy4gbM6fU18Q,http://www.youtube.com/channel/UCBi2mrWuNuyYy4gbM6fU18Q,ABC News
UCBiNCW2Kwj0BsiBD1I4UOUg,http://www.youtube.com/channel/UCBiNCW2Kwj0BsiBD1I4UOUg,Billet Labs
UCBif5rX630BqOPrEewLt7QQ,http://www.youtube.com/channel/UCBif5rX630BqOPrEewLt7QQ,InControlAgain
UCBjxcYJ8iPq0YShRmr3MTNw,http://www.youtube.com/channel/UCBjxcYJ8iPq0YShRmr3MTNw,HunterD
UCBmhDcQmctiuAwyqOuX7cag,http://www.youtube.com/channel/UCBmhDcQmctiuAwyqOuX7cag,The Fool
UCBn0pEwTkO-Loip6t0rYP9g,http://www.youtube.com/channel/UCBn0pEwTkO-Loip6t0rYP9g,Lava Blades 
UCBnjSugIb8b_bVFPU-5ftNg,http://www.youtube.com/channel/UCBnjSugIb8b_bVFPU-5ftNg,Entropy On The Crosshair
UCBo1hnzxV9rz3WVsv__Rn1g,http://www.youtube.com/channel/UCBo1hnzxV9rz3WVsv__Rn1g,ROSÉ
UCBoFMtI-g8t4gg3qGEvkSoA,http://www.youtube.com/channel/UCBoFMtI-g8t4gg3qGEvkSoA,im a squid kid
UCBoRC59wWbRxLe-Wb21pXuw,http://www.youtube.com/channel/UCBoRC59wWbRxLe-Wb21pXuw,Vtubing Explained
UCBobmJyzsJ6Ll7UbfhI4iwQ,http://www.youtube.com/channel/UCBobmJyzsJ6Ll7UbfhI4iwQ,Unreal Engine
UCBoeL44Kh7bSXKuJVyUovvQ,http://www.youtube.com/channel/UCBoeL44Kh7bSXKuJVyUovvQ,Unemployed & Unfunny
UCBpY6F-BYLVlXCN96tXtPig,http://www.youtube.com/channel/UCBpY6F-BYLVlXCN96tXtPig,100th Coin
UCBp_JNTbVgZx_6DFxSSY-Hg,http://www.youtube.com/channel/UCBp_JNTbVgZx_6DFxSSY-Hg,Ben Palmer
UCBrzUsNl2ZUegwEAkZlRW_Q,http://www.youtube.com/channel/UCBrzUsNl2ZUegwEAkZlRW_Q,Minedows krr
UCBs5Ys5TByxTBJCaMMRsUfg,http://www.youtube.com/channel/UCBs5Ys5TByxTBJCaMMRsUfg,Alpoww
UCBuEbWj5YKr0lDPVxYq2sKA,http://www.youtube.com/channel/UCBuEbWj5YKr0lDPVxYq2sKA,:
UCBuRIFDuaSY9dDr0p_qTlHw,http://www.youtube.com/channel/UCBuRIFDuaSY9dDr0p_qTlHw,GODZILLA OFFICIAL by TOHO
UCBur6ZOAqhjRs9PadDArozQ,http://www.youtube.com/channel/UCBur6ZOAqhjRs9PadDArozQ,BocaBola
UCBvChqIRpwc__y3oS39m3xQ,http://www.youtube.com/channel/UCBvChqIRpwc__y3oS39m3xQ,Nick Graauwmans
UCBvc7pmUp9wiZIFOXEp1sCg,http://www.youtube.com/channel/UCBvc7pmUp9wiZIFOXEp1sCg,DemolitionRanch
UCBw-LzNDRoBFng6lbTjcZhQ,http://www.youtube.com/channel/UCBw-LzNDRoBFng6lbTjcZhQ,NovaCine
UCBwEuK4PiyCW_CUzF-iGDPg,http://www.youtube.com/channel/UCBwEuK4PiyCW_CUzF-iGDPg,What about the PC?
UCBwSufNse8VMBvQM_rCSvgQ,http://www.youtube.com/channel/UCBwSufNse8VMBvQM_rCSvgQ,Morgz
UCBwZlXfS0W26G02lZeyC30Q,http://www.youtube.com/channel/UCBwZlXfS0W26G02lZeyC30Q,CurlyFries
UCBwv2X8VB-e_v-cXobZD7QA,http://www.youtube.com/channel/UCBwv2X8VB-e_v-cXobZD7QA,Marius Heier
UCBx4VWbklnydU9egczZkHAQ,http://www.youtube.com/channel/UCBx4VWbklnydU9egczZkHAQ,Kaz
UCBz04P5d4S5BV_nNhf4TeOQ,http://www.youtube.com/channel/UCBz04P5d4S5BV_nNhf4TeOQ,Cavx
UCBzE8s7espH9Esy0FO_iTSg,http://www.youtube.com/channel/UCBzE8s7espH9Esy0FO_iTSg,Nikocado Avocado 3
UCC-DWdyi9GeFNHtvh4HbqNg,http://www.youtube.com/channel/UCC-DWdyi9GeFNHtvh4HbqNg,Composite
UCC010vuB04zQ80YG0dTQbCg,http://www.youtube.com/channel/UCC010vuB04zQ80YG0dTQbCg,HolyBuckets
UCC0t7XRJhw2ktUnPXzsmPFg,http://www.youtube.com/channel/UCC0t7XRJhw2ktUnPXzsmPFg,psicochurroz
UCC1p8piMqXKoUGosm8YeGuA,http://www.youtube.com/channel/UCC1p8piMqXKoUGosm8YeGuA,CodeNoodles
UCC2YhACP2vTezvHZCr733iA,http://www.youtube.com/channel/UCC2YhACP2vTezvHZCr733iA,Frankie
UCC3QcELzK0ioPW2sBJXAHEw,http://www.youtube.com/channel/UCC3QcELzK0ioPW2sBJXAHEw,Splashway Waterpark & Campgrounds
UCC4VdLvxnEA0KQOzOgw8wtg,http://www.youtube.com/channel/UCC4VdLvxnEA0KQOzOgw8wtg,progress
UCC552Sd-3nyi_tk2BudLUzA,http://www.youtube.com/channel/UCC552Sd-3nyi_tk2BudLUzA,AsapSCIENCE
UCC5cMfCyvEwtZlwTRsT-SAA,http://www.youtube.com/channel/UCC5cMfCyvEwtZlwTRsT-SAA,Pierus
UCC5zwcadCvNiNm5JCe7hjAQ,http://www.youtube.com/channel/UCC5zwcadCvNiNm5JCe7hjAQ,Chloe Shih
UCC6JixG_Q7z93kpZBQS_C0g,http://www.youtube.com/channel/UCC6JixG_Q7z93kpZBQS_C0g,RNDMZR153
UCC6YVHdoj00igAhLvfJSo3w,http://www.youtube.com/channel/UCC6YVHdoj00igAhLvfJSo3w,Best of Saruei
UCC6c1oJmG1lRzgw2ytUO7WA,http://www.youtube.com/channel/UCC6c1oJmG1lRzgw2ytUO7WA,ALE
UCC8FSfSnbjiZ6vGr68ZLtzg,http://www.youtube.com/channel/UCC8FSfSnbjiZ6vGr68ZLtzg,bbno$
UCC8SPh24NZjcqYNfKwUbe6A,http://www.youtube.com/channel/UCC8SPh24NZjcqYNfKwUbe6A,marcgallagher32
UCC9EjyMN_hx5NdctLBx5X7w,http://www.youtube.com/channel/UCC9EjyMN_hx5NdctLBx5X7w,Scammer Payback
UCC9YcsHuWNpytto65Nsaydg,http://www.youtube.com/channel/UCC9YcsHuWNpytto65Nsaydg,The Minebox
UCCA75dU6oaqia36HHrVveaQ,http://www.youtube.com/channel/UCCA75dU6oaqia36HHrVveaQ,Scene It
UCCCNogFIkWSmGBQkEvsQ2AA,http://www.youtube.com/channel/UCCCNogFIkWSmGBQkEvsQ2AA,Freddie Marien
UCCCZy-2jXtEXEeTJGZ_RXFw,http://www.youtube.com/channel/UCCCZy-2jXtEXEeTJGZ_RXFw,Numi
UCCCusrxmKg-91BJ6iTvrP9w,http://www.youtube.com/channel/UCCCusrxmKg-91BJ6iTvrP9w,My Brick Opinions
UCCE5NVlm0FhbunMMBT48WAw,http://www.youtube.com/channel/UCCE5NVlm0FhbunMMBT48WAw,Fundy
UCCEfOHkckMXnoZQAjUZsMig,http://www.youtube.com/channel/UCCEfOHkckMXnoZQAjUZsMig,Blumhouse
UCCGwLtNvDFu5ksdlLFZf9ZA,http://www.youtube.com/channel/UCCGwLtNvDFu5ksdlLFZf9ZA,ikurru
UCCGys5hDrE5ggnj0uwU8afw,http://www.youtube.com/channel/UCCGys5hDrE5ggnj0uwU8afw,Drizzza3
UCCJ56k8nBeqWLoxNa6DToAQ,http://www.youtube.com/channel/UCCJ56k8nBeqWLoxNa6DToAQ,Rhett Shull
UCCJFWxm9fUtB4hPzNvmfcMA,http://www.youtube.com/channel/UCCJFWxm9fUtB4hPzNvmfcMA,James May’s Planet Gin
UCCJS5Mu0q0BGYTS4NRgHPUQ,http://www.youtube.com/channel/UCCJS5Mu0q0BGYTS4NRgHPUQ,What if Animation
UCCJYOGdvAHjVJ0Hs9yG2hZw,http://www.youtube.com/channel/UCCJYOGdvAHjVJ0Hs9yG2hZw,Pryor Gaming
UCCJc7eC1htsIOBvyyQiLthg,http://www.youtube.com/channel/UCCJc7eC1htsIOBvyyQiLthg,ThePJShow
UCCJpt7xieLjcbSt07opVlFg,http://www.youtube.com/channel/UCCJpt7xieLjcbSt07opVlFg,nicopatty
UCCKvnysrOYkwQ3DMF2ihI2A,http://www.youtube.com/channel/UCCKvnysrOYkwQ3DMF2ihI2A,DrRoboCar
UCCMdOSkMIGF4nwpzD_8dOrw,http://www.youtube.com/channel/UCCMdOSkMIGF4nwpzD_8dOrw,liquidwater
UCCNFCLWh1AA-qbyOyp8jlZg,http://www.youtube.com/channel/UCCNFCLWh1AA-qbyOyp8jlZg,BritMonkey
UCCODtTcd5M1JavPCOr_Uydg,http://www.youtube.com/channel/UCCODtTcd5M1JavPCOr_Uydg,Extra History
UCCOSYITWQHRSUxvlQ4_PSCg,http://www.youtube.com/channel/UCCOSYITWQHRSUxvlQ4_PSCg,Sonic the Hedgehog
UCCOrp7GPgZA8EGrbOcIAsyQ,http://www.youtube.com/channel/UCCOrp7GPgZA8EGrbOcIAsyQ,Phone Repair Guru
UCCPAKXafM6e7m2QiSnYMBaQ,http://www.youtube.com/channel/UCCPAKXafM6e7m2QiSnYMBaQ,Kermit The Pog
UCCPGE1kAoonfPsbieW41ZZA,http://www.youtube.com/channel/UCCPGE1kAoonfPsbieW41ZZA,VvvvvaVvvvvvr
UCCQi3X-PJGmd6DrPN9Rb6iw,http://www.youtube.com/channel/UCCQi3X-PJGmd6DrPN9Rb6iw,Garett
UCCQr96xo7hMFK0Pbiic42Jw,http://www.youtube.com/channel/UCCQr96xo7hMFK0Pbiic42Jw,Charlie Puth Daily Updates
UCCQtKyls_Dqz8Ksskay4bhQ,http://www.youtube.com/channel/UCCQtKyls_Dqz8Ksskay4bhQ,Blacklite District
UCCRzBoD2uvpn7_IeMelrMgg,http://www.youtube.com/channel/UCCRzBoD2uvpn7_IeMelrMgg,いいしょ
UCCTDmotcxW2rVHMlx2mqOhw,http://www.youtube.com/channel/UCCTDmotcxW2rVHMlx2mqOhw,CinemaRecapsAi
UCCU77X0QW5md0IZHJVTrzLw,http://www.youtube.com/channel/UCCU77X0QW5md0IZHJVTrzLw,PandaCubed
UCCVQqPc2_J5Mk8TfTrVCmNw,http://www.youtube.com/channel/UCCVQqPc2_J5Mk8TfTrVCmNw,Riz
UCCVlhjLuQ7kyY40RlZopcRA,http://www.youtube.com/channel/UCCVlhjLuQ7kyY40RlZopcRA,Carl E. Martin
UCCXatwyYfIUPoZnA58NFPrg,http://www.youtube.com/channel/UCCXatwyYfIUPoZnA58NFPrg,Schlep
UCCYWagpWEequTwx61dYGT0w,http://www.youtube.com/channel/UCCYWagpWEequTwx61dYGT0w,Gianmarco Soresi
UCC_P0-GjPwiWO-bBZsBgA1Q,http://www.youtube.com/channel/UCC_P0-GjPwiWO-bBZsBgA1Q,DejaTwo
UCC_vQLbHUZrU2pOf5EQuUvw,http://www.youtube.com/channel/UCC_vQLbHUZrU2pOf5EQuUvw,popnothingcat
UCCbBpy3cZD5xRxZMmTfTn7g,http://www.youtube.com/channel/UCCbBpy3cZD5xRxZMmTfTn7g,Anomaly Documentaries
UCCcn1f6IDJyXVNYoiYIGZFw,http://www.youtube.com/channel/UCCcn1f6IDJyXVNYoiYIGZFw,journey
UCCd1w1C_F_4--ltOk98N7Ww,http://www.youtube.com/channel/UCCd1w1C_F_4--ltOk98N7Ww,BorkAndSmort
UCCd2BkwTflJJQwCNBrUJ1cw,http://www.youtube.com/channel/UCCd2BkwTflJJQwCNBrUJ1cw,Xycron
UCCfMuSr945Xt6FU6BoTqqyQ,http://www.youtube.com/channel/UCCfMuSr945Xt6FU6BoTqqyQ,SHAQ
UCCfsNCdwRq6xY12l776XlyQ,http://www.youtube.com/channel/UCCfsNCdwRq6xY12l776XlyQ,Entrapranure
UCCgK6peZI5-FKDCWzMIFk2A,http://www.youtube.com/channel/UCCgK6peZI5-FKDCWzMIFk2A,Almost Friday TV
UCCgWjPcTs7pPerDR39aakFA,http://www.youtube.com/channel/UCCgWjPcTs7pPerDR39aakFA,Floofy Clips
UCChNhjW49smKB3zssiUjENg,http://www.youtube.com/channel/UCChNhjW49smKB3zssiUjENg,Emily Hopkins
UCChWvNbRQYQ5fj1Nj3RQu8Q,http://www.youtube.com/channel/UCChWvNbRQYQ5fj1Nj3RQu8Q,surreal entertainment
UCCi-fubGiLEDF60ISRN3gEQ,http://www.youtube.com/channel/UCCi-fubGiLEDF60ISRN3gEQ,Avoided
UCCigEaEk-_gOrNlPdseG1pA,http://www.youtube.com/channel/UCCigEaEk-_gOrNlPdseG1pA,Alexa Real
UCCj956IF62FbT7Gouszaj9w,http://www.youtube.com/channel/UCCj956IF62FbT7Gouszaj9w,BBC
UCCk6atPf8zBPd-5C7rgEkRg,http://www.youtube.com/channel/UCCk6atPf8zBPd-5C7rgEkRg,Gneiss Name
UCCkLMimnKzKbOQYxPDSYXFw,http://www.youtube.com/channel/UCCkLMimnKzKbOQYxPDSYXFw,samyam
UCCkPfczLhzXFZp-8Y8Oh2ng,http://www.youtube.com/channel/UCCkPfczLhzXFZp-8Y8Oh2ng,Antiquefy
UCCkpr_c-eLGzSRIc6uY0t3g,http://www.youtube.com/channel/UCCkpr_c-eLGzSRIc6uY0t3g,YoungsterTy
UCClfFsWcT3N2I7VTXXyt84A,http://www.youtube.com/channel/UCClfFsWcT3N2I7VTXXyt84A,Salem Techsperts
UCClh7JLXHWfpayiPd9cdxIw,http://www.youtube.com/channel/UCClh7JLXHWfpayiPd9cdxIw,Nikita Zykov
UCCmPp1n2I9pwpoNCIwJikJA,http://www.youtube.com/channel/UCCmPp1n2I9pwpoNCIwJikJA,Baxne
UCCm_J_RmWpOvZMZa252DXhQ,http://www.youtube.com/channel/UCCm_J_RmWpOvZMZa252DXhQ,Triplegfox
UCCn62cYVpl0e_GN-yo1H9yQ,http://www.youtube.com/channel/UCCn62cYVpl0e_GN-yo1H9yQ,mashed
UCCnuMra2rJr3N5SdOVkKi2g,http://www.youtube.com/channel/UCCnuMra2rJr3N5SdOVkKi2g,Teddy Kitten - Rescue Center
UCCo7ISzZZ1yQyS7uWpVgt-Q,http://www.youtube.com/channel/UCCo7ISzZZ1yQyS7uWpVgt-Q,The Caped Clinician
UCCoCaQVBD19mKzoF7-El4bA,http://www.youtube.com/channel/UCCoCaQVBD19mKzoF7-El4bA,Andrew W (AWatts712)
UCCotQ9x_MPdw3fwEpCxlbnQ,http://www.youtube.com/channel/UCCotQ9x_MPdw3fwEpCxlbnQ,ClayClaim
UCCrnCItH17W-64FDzjwOi5w,http://www.youtube.com/channel/UCCrnCItH17W-64FDzjwOi5w,The Science Elf
UCCrrmTuVnXKRLcWcoDzkNMw,http://www.youtube.com/channel/UCCrrmTuVnXKRLcWcoDzkNMw,Svings
UCCsREoj8rSRkEvxWqxr74rQ,http://www.youtube.com/channel/UCCsREoj8rSRkEvxWqxr74rQ,Cybernews
UCCspJ6mFfCwOV4qFjZWi2wg,http://www.youtube.com/channel/UCCspJ6mFfCwOV4qFjZWi2wg,Xiaomi
UCCsvtV5ek793pAlYJLJSOHA,http://www.youtube.com/channel/UCCsvtV5ek793pAlYJLJSOHA,Martin Grieco
UCCtF5yfuuENGRhwJyPKGMjg,http://www.youtube.com/channel/UCCtF5yfuuENGRhwJyPKGMjg,QTCinderella Daily
UCCtPlIxooFeAmSuQ6BKbxtQ,http://www.youtube.com/channel/UCCtPlIxooFeAmSuQ6BKbxtQ,電ファミ公式チャンネル
UCCuZ0r9pDMI8DwhtRV1fNhg,http://www.youtube.com/channel/UCCuZ0r9pDMI8DwhtRV1fNhg,Danno Cal Drawings
UCCuu639HgDOPzH8V9_hldyw,http://www.youtube.com/channel/UCCuu639HgDOPzH8V9_hldyw,Rare tendo
UCCw18qU-Hhim2LJuBKamKSg,http://www.youtube.com/channel/UCCw18qU-Hhim2LJuBKamKSg,Goosebumps Radio
UCCwPT7sD3ZiuUYlRRtxbgyw,http://www.youtube.com/channel/UCCwPT7sD3ZiuUYlRRtxbgyw,JMcad
UCCxOERGfX2mYzSLExnRVasg,http://www.youtube.com/channel/UCCxOERGfX2mYzSLExnRVasg,CoffeeCat Gaming
UCCxhDlOYJjkMsgHbdln_qDA,http://www.youtube.com/channel/UCCxhDlOYJjkMsgHbdln_qDA,ThatMob
UCCyYAlCsg0FwLltjsfip-6w,http://www.youtube.com/channel/UCCyYAlCsg0FwLltjsfip-6w,AeroBand
UCD-kJl5nhEKLp9WU76TwgKQ,http://www.youtube.com/channel/UCD-kJl5nhEKLp9WU76TwgKQ,Delfy
UCD04GYWMgK8sg-6qqyg3jVg,http://www.youtube.com/channel/UCD04GYWMgK8sg-6qqyg3jVg,BerthaBlox
UCD0LTuTjV-WaudcRiyo9Xvw,http://www.youtube.com/channel/UCD0LTuTjV-WaudcRiyo9Xvw,RobTosPro
UCD1D09svYOWdAfFmnFrSc2Q,http://www.youtube.com/channel/UCD1D09svYOWdAfFmnFrSc2Q,Jake Dorian
UCD1P1EfYigSlSv8bPvAjmwQ,http://www.youtube.com/channel/UCD1P1EfYigSlSv8bPvAjmwQ,OpenReel.net
UCD1QymTi9ei-LPz61a2dPQA,http://www.youtube.com/channel/UCD1QymTi9ei-LPz61a2dPQA,Oyff
UCD1dhGtHVyd3ImGKrVSou0g,http://www.youtube.com/channel/UCD1dhGtHVyd3ImGKrVSou0g,Shayne Topp
UCD1lODYlzMJ3YlZ30x2CwUg,http://www.youtube.com/channel/UCD1lODYlzMJ3YlZ30x2CwUg,Hakita
UCD2JomRa03d-6AfGJSb1fDg,http://www.youtube.com/channel/UCD2JomRa03d-6AfGJSb1fDg,GolfBusters
UCD3moM8okwDS5_9JfuMHdKw,http://www.youtube.com/channel/UCD3moM8okwDS5_9JfuMHdKw,Beeneons Success
UCD7D154vFNLvn-CUlmIRCZw,http://www.youtube.com/channel/UCD7D154vFNLvn-CUlmIRCZw,集英社オレンジ文庫
UCD7Yam5ahT7wMuuLHvbrFKA,http://www.youtube.com/channel/UCD7Yam5ahT7wMuuLHvbrFKA,ZUFFY
UCD7mVS5ZtakdBzrPNlsSfUA,http://www.youtube.com/channel/UCD7mVS5ZtakdBzrPNlsSfUA,hamu_cotton
UCD7zJ5y0kVDjzCBW_8hE2Xg,http://www.youtube.com/channel/UCD7zJ5y0kVDjzCBW_8hE2Xg,Frame Set
UCD80T1s2Za4K682CQDGwEKQ,http://www.youtube.com/channel/UCD80T1s2Za4K682CQDGwEKQ,Wristwatch Revival
UCD88aaARdd2mILpzjcxjL9w,http://www.youtube.com/channel/UCD88aaARdd2mILpzjcxjL9w,Tempo Fox [DJBassFox28]
UCD8MvEFuywgosaImzWhCFJA,http://www.youtube.com/channel/UCD8MvEFuywgosaImzWhCFJA,The Unwithered Truth
UCD8l2Cd1Xdziq08o1dPtjZQ,http://www.youtube.com/channel/UCD8l2Cd1Xdziq08o1dPtjZQ,spimort
UCD97bP_9EGqGnfrSUTiN8sA,http://www.youtube.com/channel/UCD97bP_9EGqGnfrSUTiN8sA,IB
UCD9y_aCUHf91FkBqzpzSaRQ,http://www.youtube.com/channel/UCD9y_aCUHf91FkBqzpzSaRQ,ezlilyy
UCDA1X6RrhzZQOHOGvC3KsWg,http://www.youtube.com/channel/UCDA1X6RrhzZQOHOGvC3KsWg,Sam from Wendover
UCDAFVWfTVqzTfN5AvxJbHKw,http://www.youtube.com/channel/UCDAFVWfTVqzTfN5AvxJbHKw,sboss
UCDAUhy3xxELJ5k6V2x2TZZA,http://www.youtube.com/channel/UCDAUhy3xxELJ5k6V2x2TZZA,Wicked Wizard
UCDAzmE9V4Xw5CdLkn3pvO3A,http://www.youtube.com/channel/UCDAzmE9V4Xw5CdLkn3pvO3A,Dragons' Den
UCDBrVr0ttWpoRY-_yZajp2Q,http://www.youtube.com/channel/UCDBrVr0ttWpoRY-_yZajp2Q,alyankovic
UCDCw4grX6CvrMTYlOUkux3g,http://www.youtube.com/channel/UCDCw4grX6CvrMTYlOUkux3g,DAPixelhero YT
UCDDf0ebqgiMz9_wTCJyjCow,http://www.youtube.com/channel/UCDDf0ebqgiMz9_wTCJyjCow,Theodore Nivison
UCDG0sSX_nYpTrkaR-Wu0I3w,http://www.youtube.com/channel/UCDG0sSX_nYpTrkaR-Wu0I3w,The Edge Case
UCDG4jVD88QEjB8UKLYZKiNA,http://www.youtube.com/channel/UCDG4jVD88QEjB8UKLYZKiNA,Jfokus
UCDG7H2si-8u2NFCwMRcZv8Q,http://www.youtube.com/channel/UCDG7H2si-8u2NFCwMRcZv8Q,snack
UCDGB6MoY1PIuX5oHJSH9Cgg,http://www.youtube.com/channel/UCDGB6MoY1PIuX5oHJSH9Cgg,Coach Jeremy
UCDGWiIsCulkaNWad9-xI5Uw,http://www.youtube.com/channel/UCDGWiIsCulkaNWad9-xI5Uw,Luka HD
UCDGuaewBqmqF5buNPnoT1Bg,http://www.youtube.com/channel/UCDGuaewBqmqF5buNPnoT1Bg,Wrestlelamia
UCDH-BQ_G44oIt7f8RdQXNPg,http://www.youtube.com/channel/UCDH-BQ_G44oIt7f8RdQXNPg,Fish With Carl
UCDH_xLUbK9DvUcBQf_6wAKg,http://www.youtube.com/channel/UCDH_xLUbK9DvUcBQf_6wAKg,Cocoon Shell
UCDIZeQMhk--I05BQrrCuaMQ,http://www.youtube.com/channel/UCDIZeQMhk--I05BQrrCuaMQ,RickandMortyfan 649
UCDJ1myq6fmjFY6XNS_3w54g,http://www.youtube.com/channel/UCDJ1myq6fmjFY6XNS_3w54g,Macchiato.Studios
UCDJAyFoXTFmJww5Noiy4xRQ,http://www.youtube.com/channel/UCDJAyFoXTFmJww5Noiy4xRQ,StupidMotionYT
UCDJWXXgVtfDC-cPGFKd-mgw,http://www.youtube.com/channel/UCDJWXXgVtfDC-cPGFKd-mgw,Verily Fine
UCDJhl2fN5XAkCzkTTmtohaQ,http://www.youtube.com/channel/UCDJhl2fN5XAkCzkTTmtohaQ,Arcade Assassin
UCDK9qD5DAQML-pzrtA7A4oA,http://www.youtube.com/channel/UCDK9qD5DAQML-pzrtA7A4oA,OfflineTV
UCDKJRkYirJY6o2x2rYNbawg,http://www.youtube.com/channel/UCDKJRkYirJY6o2x2rYNbawg,Zeepsterd
UCDKJdFer1phQI95UinPZehw,http://www.youtube.com/channel/UCDKJdFer1phQI95UinPZehw,Turkey Tom
UCDKOsemhPLrK4JnsZqkxHLA,http://www.youtube.com/channel/UCDKOsemhPLrK4JnsZqkxHLA,atlustube
UCDMicH6C-qvEPrNLwCEtbMg,http://www.youtube.com/channel/UCDMicH6C-qvEPrNLwCEtbMg,Hải Đinh
UCDMlXW0phCj-fOhzbzHM_Ew,http://www.youtube.com/channel/UCDMlXW0phCj-fOhzbzHM_Ew,RedPanda Chess
UCDNuimf2-0M2Tey6LodGrig,http://www.youtube.com/channel/UCDNuimf2-0M2Tey6LodGrig,Kalmarn
UCDPM_n1atn2ijUwHd0NNRQw,http://www.youtube.com/channel/UCDPM_n1atn2ijUwHd0NNRQw,Coldplay
UCDQkzBimgq_i1jFMxh8EV1w,http://www.youtube.com/channel/UCDQkzBimgq_i1jFMxh8EV1w,UserSeif
UCDRbNGFusqlXX4a5vwi9ouQ,http://www.youtube.com/channel/UCDRbNGFusqlXX4a5vwi9ouQ,Vat19
UCDT-KKAV1iTIoD1j7AZKkYw,http://www.youtube.com/channel/UCDT-KKAV1iTIoD1j7AZKkYw,Leo Vader
UCDTDq6rrxYAkBpQWKna1Oyg,http://www.youtube.com/channel/UCDTDq6rrxYAkBpQWKna1Oyg,Nate Mitka Climbing
UCDTHZCJJETSrFmoU9iZFPtw,http://www.youtube.com/channel/UCDTHZCJJETSrFmoU9iZFPtw,Vincent Mashups
UCDTIUinRoC28eEkWQBXZoHw,http://www.youtube.com/channel/UCDTIUinRoC28eEkWQBXZoHw,Peanut Butter Man
UCDTRS5H9kQCZJRYtQmUzEZQ,http://www.youtube.com/channel/UCDTRS5H9kQCZJRYtQmUzEZQ,Neuroma Ch.
UCDT_nHFUBJ_ix8-0mIAWz7Q,http://www.youtube.com/channel/UCDT_nHFUBJ_ix8-0mIAWz7Q,Pouri
UCDU35k_mQc0uTTvgQqmK5aw,http://www.youtube.com/channel/UCDU35k_mQc0uTTvgQqmK5aw,Paolo Edits
UCDUfqRVDNjkS6GfA863U-og,http://www.youtube.com/channel/UCDUfqRVDNjkS6GfA863U-og,Dedood
UCDUpJh1Ek3plo34sGriwe-w,http://www.youtube.com/channel/UCDUpJh1Ek3plo34sGriwe-w,Let me solo her
UCDUv-87p8chRVrglwFE-H1Q,http://www.youtube.com/channel/UCDUv-87p8chRVrglwFE-H1Q,Doons
UCDWsSqyVAk5f6mtHYg8bheQ,http://www.youtube.com/channel/UCDWsSqyVAk5f6mtHYg8bheQ,Pigicial
UCDXCckoXYYWvveiyVWYkKWw,http://www.youtube.com/channel/UCDXCckoXYYWvveiyVWYkKWw,Merebennie
UCDYGh_GdWabyyoj16NNwO4w,http://www.youtube.com/channel/UCDYGh_GdWabyyoj16NNwO4w,Ramon Daniel
UCDYyCQAk60CqabvkL5gU3Mw,http://www.youtube.com/channel/UCDYyCQAk60CqabvkL5gU3Mw,KOTSUMET
UCD_DaKNac0Ta-2PeHuoQ1uA,http://www.youtube.com/channel/UCD_DaKNac0Ta-2PeHuoQ1uA,Senator Bernie Sanders
UCDb0peSmF5rLX7BvuTcJfCw,http://www.youtube.com/channel/UCDb0peSmF5rLX7BvuTcJfCw,Aniplex USA
UCDbZdqzlb3D8Vz2sBWBadhQ,http://www.youtube.com/channel/UCDbZdqzlb3D8Vz2sBWBadhQ,MahalMedia2010
UCDcRSwPZ3kgMNmBKL1xRqCA,http://www.youtube.com/channel/UCDcRSwPZ3kgMNmBKL1xRqCA,Game Dev Buddies
UCDcp8e85Pp4Ymn2AJw23SPg,http://www.youtube.com/channel/UCDcp8e85Pp4Ymn2AJw23SPg,Angel2Up
UCDdi0yUyGW1PKzYXaIACnuA,http://www.youtube.com/channel/UCDdi0yUyGW1PKzYXaIACnuA,Jessica Kellgren-Fozard
UCDfYcuNw-ff952Xn0VDWwDw,http://www.youtube.com/channel/UCDfYcuNw-ff952Xn0VDWwDw,Dawko
UCDfr25a1fzOgWZFwvIIRuHg,http://www.youtube.com/channel/UCDfr25a1fzOgWZFwvIIRuHg,GingerOfOz
UCDfvS8_PUix_0dmc-zYk2sw,http://www.youtube.com/channel/UCDfvS8_PUix_0dmc-zYk2sw,Olive Klug Music
UCDgBl9ArfTd7uGAaLHcEvSQ,http://www.youtube.com/channel/UCDgBl9ArfTd7uGAaLHcEvSQ,MiniTDM 💎
UCDg_y93wh99CGky3ujBtYDA,http://www.youtube.com/channel/UCDg_y93wh99CGky3ujBtYDA,Zyvue
UCDhzE7OpBVqeDb6OI6zWgnA,http://www.youtube.com/channel/UCDhzE7OpBVqeDb6OI6zWgnA,juskim
UCDi2s0xQrfFwivdmsPiuU_w,http://www.youtube.com/channel/UCDi2s0xQrfFwivdmsPiuU_w,Rays Works
UCDiFRMQWpcp8_KD4vwIVicw,http://www.youtube.com/channel/UCDiFRMQWpcp8_KD4vwIVicw,Emergency Awesome
UCDiKw3GnFIwyNJBzhCoRI-Q,http://www.youtube.com/channel/UCDiKw3GnFIwyNJBzhCoRI-Q,Framework
UCDiTbteImE5jGajy9jXghIQ,http://www.youtube.com/channel/UCDiTbteImE5jGajy9jXghIQ,SAORI ARAKI - 荒木佐保里
UCDiznUV6dtdB9PQj__XVhnA,http://www.youtube.com/channel/UCDiznUV6dtdB9PQj__XVhnA,Two Much Grian
UCDj7oed6T2psGry6I2P2omQ,http://www.youtube.com/channel/UCDj7oed6T2psGry6I2P2omQ,Anything Gaming
UCDjHfNaAF0uWjTnPh8UyZmQ,http://www.youtube.com/channel/UCDjHfNaAF0uWjTnPh8UyZmQ,Scroof
UCDjnC6m9_xW-PDeDCjv-jng,http://www.youtube.com/channel/UCDjnC6m9_xW-PDeDCjv-jng,Astribot
UCDkdzVS8cLqbrvJf7qP80Bw,http://www.youtube.com/channel/UCDkdzVS8cLqbrvJf7qP80Bw,Gremolin 
UCDm-nYAJuqrBIy57EgWAymw,http://www.youtube.com/channel/UCDm-nYAJuqrBIy57EgWAymw,Gamechamp3000
UCDmCBKaKOtOrEqgsL4-3C8Q,http://www.youtube.com/channel/UCDmCBKaKOtOrEqgsL4-3C8Q,Blaire White
UCDnEa2HC2eeT-cN3pAKnNTw,http://www.youtube.com/channel/UCDnEa2HC2eeT-cN3pAKnNTw,Top Viral Talent
UCDnJUJvDSGo1dvApwsSmHng,http://www.youtube.com/channel/UCDnJUJvDSGo1dvApwsSmHng,Skills4-IT
UCDo5nG01bqy7cHhyf-8E3Qw,http://www.youtube.com/channel/UCDo5nG01bqy7cHhyf-8E3Qw,Arisandra
UCDoLDRl0RbBWPIwR2xjjneg,http://www.youtube.com/channel/UCDoLDRl0RbBWPIwR2xjjneg,Video Detective
UCDoNgmD0WcXvzY0BymtfI9A,http://www.youtube.com/channel/UCDoNgmD0WcXvzY0BymtfI9A,Bee-oh-be Gaming
UCDom90xOqP4avehFjSJO6NA,http://www.youtube.com/channel/UCDom90xOqP4avehFjSJO6NA,Sick Science!
UCDpf9rNqXUXqwxvTzv9TGuQ,http://www.youtube.com/channel/UCDpf9rNqXUXqwxvTzv9TGuQ,BryerHimself
UCDqKXTcbJI0vRibjZyxF-FQ,http://www.youtube.com/channel/UCDqKXTcbJI0vRibjZyxF-FQ,MsFinest
UCDqke9g-pJuZXlamVZSBo_A,http://www.youtube.com/channel/UCDqke9g-pJuZXlamVZSBo_A,Everyday Code Extras
UCDrcOrGBdvxMKOPVbrnkl3g,http://www.youtube.com/channel/UCDrcOrGBdvxMKOPVbrnkl3g,Bran Sculpts
UCDsaRDKTCsGBJMUKx-KtukA,http://www.youtube.com/channel/UCDsaRDKTCsGBJMUKx-KtukA,Jamie Paige / JamieP
UCDt05G3v2e6ptGvIwERnY_w,http://www.youtube.com/channel/UCDt05G3v2e6ptGvIwERnY_w,Trolligarch
UCDtR1fhc21fYxXTvtnyzn_Q,http://www.youtube.com/channel/UCDtR1fhc21fYxXTvtnyzn_Q,fin.mp3
UCDtoTRZ8mUUFdKXnr1GzT7w,http://www.youtube.com/channel/UCDtoTRZ8mUUFdKXnr1GzT7w,Keffisor21
UCDufMmGqVNWaW6yV03_3hug,http://www.youtube.com/channel/UCDufMmGqVNWaW6yV03_3hug,Yapsome
UCDvbdq54BcEpqgW1QXPq_iQ,http://www.youtube.com/channel/UCDvbdq54BcEpqgW1QXPq_iQ,RNGeez
UCDvw5awcxE5yfr_qanTHmBQ,http://www.youtube.com/channel/UCDvw5awcxE5yfr_qanTHmBQ,Engineering-Life
UCDvybSMffAY5iMm7kNTw_ow,http://www.youtube.com/channel/UCDvybSMffAY5iMm7kNTw_ow,Addicted_shorts
UCDwU40UxbUqcfeRitQN5dHA,http://www.youtube.com/channel/UCDwU40UxbUqcfeRitQN5dHA,Daiazal
UCDwzLWgGft47xQ30u-vjsrg,http://www.youtube.com/channel/UCDwzLWgGft47xQ30u-vjsrg,Nikocado Avocado
UCDxlSKipNB-TYMB4xy-op8Q,http://www.youtube.com/channel/UCDxlSKipNB-TYMB4xy-op8Q,Meme Feeder
UCDyIAIANu2Ncm1cgJQTTN3A,http://www.youtube.com/channel/UCDyIAIANu2Ncm1cgJQTTN3A,Avi The Gem Guy
UCDzK3jmM3C-ExPrKmHAh_8A,http://www.youtube.com/channel/UCDzK3jmM3C-ExPrKmHAh_8A,Jonny Builds
UCDzVUXiTr3hClI-zzCWbYzg,http://www.youtube.com/channel/UCDzVUXiTr3hClI-zzCWbYzg,Spanning Tree
UCDzdCE9XbxTbgvuVdhbLtOQ,http://www.youtube.com/channel/UCDzdCE9XbxTbgvuVdhbLtOQ,Connor Price
UCDzdRLILLWlHxXnj3HhXW0A,http://www.youtube.com/channel/UCDzdRLILLWlHxXnj3HhXW0A,Caitlin Myers
UCE-bw6PRKuDlH6fP1mP4nOw,http://www.youtube.com/channel/UCE-bw6PRKuDlH6fP1mP4nOw,SeanHodgins
UCE-orYJxj0L2cYWbFVHPMPQ,http://www.youtube.com/channel/UCE-orYJxj0L2cYWbFVHPMPQ,Andrew Bond
UCE-raibflfcgMYyVt3JN1KA,http://www.youtube.com/channel/UCE-raibflfcgMYyVt3JN1KA,The P3D Project
UCE0MJRoUAwfpj92Lnt8JBKg,http://www.youtube.com/channel/UCE0MJRoUAwfpj92Lnt8JBKg,Noah Cagle
UCE18NVixiLaz0itt9T84jCw,http://www.youtube.com/channel/UCE18NVixiLaz0itt9T84jCw,Built This Way
UCE1IEyq_JisUvzgoaHnQ9dg,http://www.youtube.com/channel/UCE1IEyq_JisUvzgoaHnQ9dg,Sean Millea
UCE1a6zhRNYSk0HIi16Uou-A,http://www.youtube.com/channel/UCE1a6zhRNYSk0HIi16Uou-A,Kind of a Filmmaker
UCE1jXbVAGJQEORz9nZqb5bQ,http://www.youtube.com/channel/UCE1jXbVAGJQEORz9nZqb5bQ,Ahoy
UCE2606prvXQc_noEqKxVJXA,http://www.youtube.com/channel/UCE2606prvXQc_noEqKxVJXA,ABS-CBN News
UCE39DjunmBPDzWs2zjERIdA,http://www.youtube.com/channel/UCE39DjunmBPDzWs2zjERIdA,Xavier
UCE498cwoOMGiEr8Oos6r7Mw,http://www.youtube.com/channel/UCE498cwoOMGiEr8Oos6r7Mw,Drakos Bad Kid
UCE4Gn00XZbpWvGUfIslT-tA,http://www.youtube.com/channel/UCE4Gn00XZbpWvGUfIslT-tA,MagnatesMedia
UCE51yVGI-AQ_2YhRAIvP6lw,http://www.youtube.com/channel/UCE51yVGI-AQ_2YhRAIvP6lw,Tuuvas
UCE5AruBbdkY_GkGJvn4y5Kw,http://www.youtube.com/channel/UCE5AruBbdkY_GkGJvn4y5Kw,PotatoPie25
UCE6ItaxiKS3296-ZXcCkFhw,http://www.youtube.com/channel/UCE6ItaxiKS3296-ZXcCkFhw,ANDY LAND
UCE7spuKzxP1k8A-XucxxUAQ,http://www.youtube.com/channel/UCE7spuKzxP1k8A-XucxxUAQ,John Casterline
UCE7zbBdgvyVc0eKPUpOtYTQ,http://www.youtube.com/channel/UCE7zbBdgvyVc0eKPUpOtYTQ,MadeByRafa
UCE8IATkmu-n7Mo9sidO5Z-w,http://www.youtube.com/channel/UCE8IATkmu-n7Mo9sidO5Z-w,Wealth Awesome
UCE8WYZ6BdDUduu-I6Ye_NDw,http://www.youtube.com/channel/UCE8WYZ6BdDUduu-I6Ye_NDw,TurboSoggyMoist
UCE8gAQSyeCHcTiWaENmdMAA,http://www.youtube.com/channel/UCE8gAQSyeCHcTiWaENmdMAA,PopConsole
UCE9O2hb6nx1ugYXfn9HEVJw,http://www.youtube.com/channel/UCE9O2hb6nx1ugYXfn9HEVJw,Matt The Printing Nerd
UCE9WhReNUy67-kGasCU2oSg,http://www.youtube.com/channel/UCE9WhReNUy67-kGasCU2oSg,pq
UCEAZsnfSZ1I6RY3gjvgk96Q,http://www.youtube.com/channel/UCEAZsnfSZ1I6RY3gjvgk96Q,Remedy Flips
UCEBBHeqjCRleniBwVxS8OGg,http://www.youtube.com/channel/UCEBBHeqjCRleniBwVxS8OGg,Cinnabar Clips
UCEBN79bwwYNfRWcYYUzrkcw,http://www.youtube.com/channel/UCEBN79bwwYNfRWcYYUzrkcw,Sechi
UCECgWhbHVXnIpEZah5C5_Bg,http://www.youtube.com/channel/UCECgWhbHVXnIpEZah5C5_Bg,MigaMiDev
UCECm_LljxPCJxBYvSrUM8wQ,http://www.youtube.com/channel/UCECm_LljxPCJxBYvSrUM8wQ,Carbon
UCEDjd9Fkc10rpq5Kptcbc-g,http://www.youtube.com/channel/UCEDjd9Fkc10rpq5Kptcbc-g,5 Frame Studios
UCEEIFKBJVxWwUlM6OvTAwgA,http://www.youtube.com/channel/UCEEIFKBJVxWwUlM6OvTAwgA,Dougmantis
UCEENWVBdvDy-QWfuQoXC9HQ,http://www.youtube.com/channel/UCEENWVBdvDy-QWfuQoXC9HQ,Species | Documenting AGI
UCEFFKGOqb1Mtvj3g3gjc6tQ,http://www.youtube.com/channel/UCEFFKGOqb1Mtvj3g3gjc6tQ,Surfshark Academy
UCEFGQtmLpFkWrGMUrmqrKdQ,http://www.youtube.com/channel/UCEFGQtmLpFkWrGMUrmqrKdQ,r0hkx
UCEHXNknwbsRu73QsakWIdzQ,http://www.youtube.com/channel/UCEHXNknwbsRu73QsakWIdzQ,The8BitDrummer
UCEHeVCi23GQG0XlChJjWz2Q,http://www.youtube.com/channel/UCEHeVCi23GQG0XlChJjWz2Q,TheFFireDev
UCEHr-x6rbhIPlFEmeXavrVg,http://www.youtube.com/channel/UCEHr-x6rbhIPlFEmeXavrVg,Beeble
UCEHxZ67o9MWYVeJpcMm1Png,http://www.youtube.com/channel/UCEHxZ67o9MWYVeJpcMm1Png,Andronicus
UCEIFgaVE580_8p3P7bY90Uw,http://www.youtube.com/channel/UCEIFgaVE580_8p3P7bY90Uw,Surnex
UCEIwxahdLz7bap-VDs9h35A,http://www.youtube.com/channel/UCEIwxahdLz7bap-VDs9h35A,Steve Mould
UCEJJbhF5Hod0zsupy-26n_g,http://www.youtube.com/channel/UCEJJbhF5Hod0zsupy-26n_g,kasidid2
UCEJ_2SAaZBwHqQEvGKV161A,http://www.youtube.com/channel/UCEJ_2SAaZBwHqQEvGKV161A,WaterishPuppy
UCEKJKJ3FO-9SFv5x5BzyxhQ,http://www.youtube.com/channel/UCEKJKJ3FO-9SFv5x5BzyxhQ,2kliksphilip
UCELShpTQ3-sXIjHNO--NHwg,http://www.youtube.com/channel/UCELShpTQ3-sXIjHNO--NHwg,Jake Verda
UCEMECcqKDyCvPGllKz_8Yug,http://www.youtube.com/channel/UCEMECcqKDyCvPGllKz_8Yug,Breakdowns & Blockbusters
UCEMgJwTdFrvLryA-vrTUbqw,http://www.youtube.com/channel/UCEMgJwTdFrvLryA-vrTUbqw,SaintJam
UCEMj2h7pP4QWkoGnSmaiiYw,http://www.youtube.com/channel/UCEMj2h7pP4QWkoGnSmaiiYw,The Plant Slant
UCENNtCRTPTdH_IGXs42LuHQ,http://www.youtube.com/channel/UCENNtCRTPTdH_IGXs42LuHQ,Esports World Cup
UCENTSIy9AKEG6soOhKVBiUA,http://www.youtube.com/channel/UCENTSIy9AKEG6soOhKVBiUA,Schell Games
UCENzLyqzPdI0KiOXFA4cJgA,http://www.youtube.com/channel/UCENzLyqzPdI0KiOXFA4cJgA,ProtoMario
UCEOMpif9l7_HAHWNPKHZkjg,http://www.youtube.com/channel/UCEOMpif9l7_HAHWNPKHZkjg,Mr.Shorts6000
UCEOV7DU1UfzH05r3KBq0OaQ,http://www.youtube.com/channel/UCEOV7DU1UfzH05r3KBq0OaQ,Jared Hartmann
UCEOXxzW2vU0P-0THehuIIeg,http://www.youtube.com/channel/UCEOXxzW2vU0P-0THehuIIeg,Captain Disillusion
UCEO_7LsNmeGMpn37ItuVOJg,http://www.youtube.com/channel/UCEO_7LsNmeGMpn37ItuVOJg,WatchStats
UCEOqBlc4fSa66AIyFzZCAmA,http://www.youtube.com/channel/UCEOqBlc4fSa66AIyFzZCAmA,jakub jay
UCEOrTO8A5Nq9oQ1NbvLUxrg,http://www.youtube.com/channel/UCEOrTO8A5Nq9oQ1NbvLUxrg,FAN EXPO
UCEP0Zgg1BuAExe6x6fPSPqQ,http://www.youtube.com/channel/UCEP0Zgg1BuAExe6x6fPSPqQ,Alementary
UCER6yhTMx5o4NamSA5Ga7Fw,http://www.youtube.com/channel/UCER6yhTMx5o4NamSA5Ga7Fw,bradyszuhaj
UCERopYLhZjuplAOxlYhbvVg,http://www.youtube.com/channel/UCERopYLhZjuplAOxlYhbvVg,Moreswamp
UCEScrqvtUWjZSkZWXtj9_tg,http://www.youtube.com/channel/UCEScrqvtUWjZSkZWXtj9_tg,AdamChromeE
UCESiRVMacmdsijiOtKvOeKQ,http://www.youtube.com/channel/UCESiRVMacmdsijiOtKvOeKQ,Jayingee
UCETQUWQPE8j4V6VNDvv4bvw,http://www.youtube.com/channel/UCETQUWQPE8j4V6VNDvv4bvw,Jason Theodore
UCETZ4AkABYwBRzpWBJ33KUw,http://www.youtube.com/channel/UCETZ4AkABYwBRzpWBJ33KUw,Bobby Ivar
UCEUPx_RbHwadQ6AwDBiiAFg,http://www.youtube.com/channel/UCEUPx_RbHwadQ6AwDBiiAFg,There I Ruined It
UCEVKaZpv7xw1jOVN6422z5A,http://www.youtube.com/channel/UCEVKaZpv7xw1jOVN6422z5A,HoloSimper Ch.
UCEVelHmwuCqyje6YTAP2UIA,http://www.youtube.com/channel/UCEVelHmwuCqyje6YTAP2UIA,ALEX LAB
UCEVnroNCEkzD-Z2ivKiZVnA,http://www.youtube.com/channel/UCEVnroNCEkzD-Z2ivKiZVnA,Gregulations
UCEWKSZ3uSyNC5V9W0LggpMg,http://www.youtube.com/channel/UCEWKSZ3uSyNC5V9W0LggpMg,Captain Rewatch
UCEWN5S9ig7KjPnxluNZVHNg,http://www.youtube.com/channel/UCEWN5S9ig7KjPnxluNZVHNg,Endo
UCEWhifelrjYiTf6F1BQHaXg,http://www.youtube.com/channel/UCEWhifelrjYiTf6F1BQHaXg,Retro For The First Time
UCEX9DvLxO2MPkvE1_O_mo0Q,http://www.youtube.com/channel/UCEX9DvLxO2MPkvE1_O_mo0Q,PokeTips
UCEXFSf2qoF4ZNZ5sSBsYIkw,http://www.youtube.com/channel/UCEXFSf2qoF4ZNZ5sSBsYIkw,JERICHO
UCEXFaQ9lBnco4kjkBfSERgw,http://www.youtube.com/channel/UCEXFaQ9lBnco4kjkBfSERgw,ihazaqwestion 
UCEXxdEcc8WjD3QSnPlaQ02Q,http://www.youtube.com/channel/UCEXxdEcc8WjD3QSnPlaQ02Q,super_toki
UCEY-p9W2hePpq7pk3Y5gcQw,http://www.youtube.com/channel/UCEY-p9W2hePpq7pk3Y5gcQw,Greenix 21
UCEYGHOLgKlLMDNrGCno3oJA,http://www.youtube.com/channel/UCEYGHOLgKlLMDNrGCno3oJA,fireb0rn
UCEZkzP56Hp79jBA2B2j_-Xw,http://www.youtube.com/channel/UCEZkzP56Hp79jBA2B2j_-Xw,The Viewing Angle
UCEZy1HFFPySOdGOPFWRPpMA,http://www.youtube.com/channel/UCEZy1HFFPySOdGOPFWRPpMA,Fun Master Ed
UCE_M8A5yxnLfW0KghEeajjw,http://www.youtube.com/channel/UCE_M8A5yxnLfW0KghEeajjw,Apple
UCEakj6jI7jTklY8uOA4Tpig,http://www.youtube.com/channel/UCEakj6jI7jTklY8uOA4Tpig,Matthew Ables
UCEbj8X_OszOQ8VQ4F-Dti0g,http://www.youtube.com/channel/UCEbj8X_OszOQ8VQ4F-Dti0g,Phaleur
UCEc1YzMOSKKtJD7H-q71HgQ,http://www.youtube.com/channel/UCEc1YzMOSKKtJD7H-q71HgQ,Creepy Nuts
UCEcW1x1GhXZNxurEVJ5lB2A,http://www.youtube.com/channel/UCEcW1x1GhXZNxurEVJ5lB2A,VShojo Shorts
UCEdvNSYeQLH5nNR-eQIC9BA,http://www.youtube.com/channel/UCEdvNSYeQLH5nNR-eQIC9BA,Godmesh
UCEe0tB7PjTRr8G-AuSgTcMQ,http://www.youtube.com/channel/UCEe0tB7PjTRr8G-AuSgTcMQ,Hanodev
UCEeH57P89hPQ1Sp2TavfICA,http://www.youtube.com/channel/UCEeH57P89hPQ1Sp2TavfICA,Parker Burton
UCEePewEzpPz2dBY2GEDkuoA,http://www.youtube.com/channel/UCEePewEzpPz2dBY2GEDkuoA,aeris
UCEeQ-cfpT6QfUON3I48q4JQ,http://www.youtube.com/channel/UCEeQ-cfpT6QfUON3I48q4JQ,Tyler Webb Shorts
UCEfP26BAdjl6LeeXQnjm9zQ,http://www.youtube.com/channel/UCEfP26BAdjl6LeeXQnjm9zQ,YourEverydayTheorist
UCEfUi5LAjWnGQe4Qxvnm7-A,http://www.youtube.com/channel/UCEfUi5LAjWnGQe4Qxvnm7-A,Whamtan
UCEgm-3RvRn4nCR-fGGVsfdQ,http://www.youtube.com/channel/UCEgm-3RvRn4nCR-fGGVsfdQ,Mattias Krantz
UCEgyZp3poBCdNIMZ3QFoKhQ,http://www.youtube.com/channel/UCEgyZp3poBCdNIMZ3QFoKhQ,Calshrimp
UCEiSj4xKagzgjrQcEy-u9tQ,http://www.youtube.com/channel/UCEiSj4xKagzgjrQcEy-u9tQ,Simon Black
UCEiW1kjMvl_Byz--rKLSzBA,http://www.youtube.com/channel/UCEiW1kjMvl_Byz--rKLSzBA,Juney
UCEjBDKfrqQI4TgzT9YLNT8g,http://www.youtube.com/channel/UCEjBDKfrqQI4TgzT9YLNT8g,Ghost Town Living
UCEmig2PwKGUmaQ9xzFWJ_xA,http://www.youtube.com/channel/UCEmig2PwKGUmaQ9xzFWJ_xA,Mystery Recapped
UCEmupXnLfLkTS_gulOWAJJA,http://www.youtube.com/channel/UCEmupXnLfLkTS_gulOWAJJA,MythicalFence
UCEmx0u81ZVb5OeqaFG_heoA,http://www.youtube.com/channel/UCEmx0u81ZVb5OeqaFG_heoA,theultimatetroopers
UCEnAit0duntJxa3gZG-paoA,http://www.youtube.com/channel/UCEnAit0duntJxa3gZG-paoA,NileRed Extra
UCEoZhmHWXzpFgwLLN6VGb0Q,http://www.youtube.com/channel/UCEoZhmHWXzpFgwLLN6VGb0Q,Unknown
UCEohrTGj0KOSc40-py0xIAg,http://www.youtube.com/channel/UCEohrTGj0KOSc40-py0xIAg,Video Essay Speedruns
UCEp0gFBQTKMqMNjVh2TEf_w,http://www.youtube.com/channel/UCEp0gFBQTKMqMNjVh2TEf_w,It's Blythe
UCEp20NgOZHmgWdbQdHSxgjw,http://www.youtube.com/channel/UCEp20NgOZHmgWdbQdHSxgjw,This Does Not Compute
UCEpYtyBLtjWmanRrW9LM5hA,http://www.youtube.com/channel/UCEpYtyBLtjWmanRrW9LM5hA,ItzTaken
UCEpmZWXDf5brd_YPvt4ikYw,http://www.youtube.com/channel/UCEpmZWXDf5brd_YPvt4ikYw,眠兎P / NemuusaP
UCEqNxOZK_HMwPj-oNH4vErg,http://www.youtube.com/channel/UCEqNxOZK_HMwPj-oNH4vErg,lonelygamer99
UCEqfxNQnBdJtrA0Wm7Cjc_Q,http://www.youtube.com/channel/UCEqfxNQnBdJtrA0Wm7Cjc_Q,Phoenix Indie
UCEr55381WIqO1w_IzgcI5DQ,http://www.youtube.com/channel/UCEr55381WIqO1w_IzgcI5DQ,Anwar Jibawi
UCErX4CQeesrYOs03fufBiHQ,http://www.youtube.com/channel/UCErX4CQeesrYOs03fufBiHQ,Ventuno Art
UCEsrlU8HkpyWuyink0hTDlg,http://www.youtube.com/channel/UCEsrlU8HkpyWuyink0hTDlg,Jeff Capps
UCEtQL9poJScxF7n_OmsyMhA,http://www.youtube.com/channel/UCEtQL9poJScxF7n_OmsyMhA,Murgatroyd
UCEuN0IauvXNTn6KhP9AVJVw,http://www.youtube.com/channel/UCEuN0IauvXNTn6KhP9AVJVw,xNestorio
UCEuiOszNd6msGgqsD0f9YAQ,http://www.youtube.com/channel/UCEuiOszNd6msGgqsD0f9YAQ,Interesting Engineering
UCEumPjcZow8m03dkBVvm69Q,http://www.youtube.com/channel/UCEumPjcZow8m03dkBVvm69Q,Goyfiver
UCEurK8fMuwK-UvycOEkftFg,http://www.youtube.com/channel/UCEurK8fMuwK-UvycOEkftFg,smosh and grab
UCEvzv3C8BR8d6r2VRqqsA_A,http://www.youtube.com/channel/UCEvzv3C8BR8d6r2VRqqsA_A,John Hill
UCEw4uCLX_bDB2LBU4MaKx2g,http://www.youtube.com/channel/UCEw4uCLX_bDB2LBU4MaKx2g,dzuma
UCEwhtpXrg5MmwlH04ANpL8A,http://www.youtube.com/channel/UCEwhtpXrg5MmwlH04ANpL8A,SimonDev
UCEyMb7bv4A1c2c66tfZLSqQ,http://www.youtube.com/channel/UCEyMb7bv4A1c2c66tfZLSqQ,Rob The Mechanic
UCEyodonqP_80YrDvattntmw,http://www.youtube.com/channel/UCEyodonqP_80YrDvattntmw,SmoshCast
UCF-j7Tw-lIVhnIsHHG50uHw,http://www.youtube.com/channel/UCF-j7Tw-lIVhnIsHHG50uHw,Zero
UCF067gO0IWb6y4tyzAeK4Nw,http://www.youtube.com/channel/UCF067gO0IWb6y4tyzAeK4Nw,Emmasaurus
UCF0SRAnWz56UBv-upYD0B5Q,http://www.youtube.com/channel/UCF0SRAnWz56UBv-upYD0B5Q,SwankyBox
UCF0ZSm2AmSkJ2b2sLMlgLFg,http://www.youtube.com/channel/UCF0ZSm2AmSkJ2b2sLMlgLFg,Peter Whidden
UCF0eTWRnGYu-Y_CliKFvFng,http://www.youtube.com/channel/UCF0eTWRnGYu-Y_CliKFvFng,That Awkward Guy
UCF0x5wfqDAY17ot9230Zvuw,http://www.youtube.com/channel/UCF0x5wfqDAY17ot9230Zvuw,Ivan Alessandria
UCF13GmJ9NxpwslG0J9hgr6w,http://www.youtube.com/channel/UCF13GmJ9NxpwslG0J9hgr6w,CrispyApple
UCF1451u6RoFPuu0u3zxAv6A,http://www.youtube.com/channel/UCF1451u6RoFPuu0u3zxAv6A,LouisF
UCF1fG3gT44nGTPU2sVLoFWg,http://www.youtube.com/channel/UCF1fG3gT44nGTPU2sVLoFWg,Patrick (H) Willems
UCF1vJfwXJ0-f61bh0yX6Ifg,http://www.youtube.com/channel/UCF1vJfwXJ0-f61bh0yX6Ifg,JustJeff
UCF2rDIRQDiLW-nydKTea3vA,http://www.youtube.com/channel/UCF2rDIRQDiLW-nydKTea3vA,Jowens
UCF3cDM_hQMtIEJvEW1BZugg,http://www.youtube.com/channel/UCF3cDM_hQMtIEJvEW1BZugg,Ivan Miranda
UCF3iM_V7MiW7WNwZaethIKQ,http://www.youtube.com/channel/UCF3iM_V7MiW7WNwZaethIKQ,HedgeTube
UCF3jMqkgvFRb6KBbSfsFFtQ,http://www.youtube.com/channel/UCF3jMqkgvFRb6KBbSfsFFtQ,FutureCanoe
UCF3yjqc-HcchI9IfptJr9Yw,http://www.youtube.com/channel/UCF3yjqc-HcchI9IfptJr9Yw,MouseClips
UCF4L4D-JS7qzqnxdo-JbtaQ,http://www.youtube.com/channel/UCF4L4D-JS7qzqnxdo-JbtaQ,dfhgdgf
UCF5GqNRdybH7ygYxvElQqUw,http://www.youtube.com/channel/UCF5GqNRdybH7ygYxvElQqUw,zappr
UCF6ISTtMvsjaMbthPEVMSBA,http://www.youtube.com/channel/UCF6ISTtMvsjaMbthPEVMSBA,maromaro1337
UCF6ykxWsf0OdYtSwCjuM9rw,http://www.youtube.com/channel/UCF6ykxWsf0OdYtSwCjuM9rw,Boogie Woogie
UCF7GViZzIiO7cdkPqGnMC0Q,http://www.youtube.com/channel/UCF7GViZzIiO7cdkPqGnMC0Q,KiemPlant
UCF8hefMp-gYUyYd9mC1_IGg,http://www.youtube.com/channel/UCF8hefMp-gYUyYd9mC1_IGg,Fairlii
UCF9OHrRasw-r4JcnBo4E2cg,http://www.youtube.com/channel/UCF9OHrRasw-r4JcnBo4E2cg,GEN
UCF9R3Ln-u52vUdSO-pFdETw,http://www.youtube.com/channel/UCF9R3Ln-u52vUdSO-pFdETw,JacksEpicYoutubeChannelFullOfFunTimesAndFunHiRickX
UCF9imwPMSGz4Vq1NiTWCC7g,http://www.youtube.com/channel/UCF9imwPMSGz4Vq1NiTWCC7g,Paramount Pictures
UCFAAY0axQyOQtRCW4siy8wA,http://www.youtube.com/channel/UCFAAY0axQyOQtRCW4siy8wA,ShadowMan
UCFAiFyGs6oDiF1Nf-rRJpZA,http://www.youtube.com/channel/UCFAiFyGs6oDiF1Nf-rRJpZA,Technoblade
UCFAnTaw8DyecZb4pVvcGaxQ,http://www.youtube.com/channel/UCFAnTaw8DyecZb4pVvcGaxQ,VTubers Family
UCFAzyE01APf4gNgVrBysZuA,http://www.youtube.com/channel/UCFAzyE01APf4gNgVrBysZuA,WireCrafters
UCFBC2r4eC54ym-QKob3PUTQ,http://www.youtube.com/channel/UCFBC2r4eC54ym-QKob3PUTQ,Zenkai Goose
UCFBo2U15j_xyhIF2-brc_3w,http://www.youtube.com/channel/UCFBo2U15j_xyhIF2-brc_3w,curtoss
UCFC9LamNMmLioW643VZ40OA,http://www.youtube.com/channel/UCFC9LamNMmLioW643VZ40OA,Gotye
UCFD9kEJr84dG9xFQ6xQLMiA,http://www.youtube.com/channel/UCFD9kEJr84dG9xFQ6xQLMiA,lizard_located
UCFDsxSlQXpLLpVScy2NmbcQ,http://www.youtube.com/channel/UCFDsxSlQXpLLpVScy2NmbcQ,GD Colon
UCFE2B6_g6U-DrjzCWamZgPw,http://www.youtube.com/channel/UCFE2B6_g6U-DrjzCWamZgPw,SunKissed Lola
UCFGIc4yThTHyiJys3fCDDMA,http://www.youtube.com/channel/UCFGIc4yThTHyiJys3fCDDMA,SiMusicGH3
UCFHMw64uu66VKPXq5gh29IQ,http://www.youtube.com/channel/UCFHMw64uu66VKPXq5gh29IQ,Brainiac75
UCFIjVWFZ__KhtTXHDJ7vgng,http://www.youtube.com/channel/UCFIjVWFZ__KhtTXHDJ7vgng,Raspberry Pi
UCFJ4mb3Qjup0DRjAzV7W_8Q,http://www.youtube.com/channel/UCFJ4mb3Qjup0DRjAzV7W_8Q,RARE FACTS
UCFJ9M_-nJXskQVqhOydcTcQ,http://www.youtube.com/channel/UCFJ9M_-nJXskQVqhOydcTcQ,Generalkidd
UCFJzRMBPBxbf141OuZlkRKA,http://www.youtube.com/channel/UCFJzRMBPBxbf141OuZlkRKA,MissedThePart
UCFLFc8Lpbwt4jPtY1_Ai5yA,http://www.youtube.com/channel/UCFLFc8Lpbwt4jPtY1_Ai5yA,LMGClips
UCFLnD6kn2wQpnFb8J0ps23Q,http://www.youtube.com/channel/UCFLnD6kn2wQpnFb8J0ps23Q,クワイエット急行909号室
UCFMFF8u2bw9FXg4GjK2LwNA,http://www.youtube.com/channel/UCFMFF8u2bw9FXg4GjK2LwNA,jemywemy
UCFMGCDS4rQprREJJa8f4F0Q,http://www.youtube.com/channel/UCFMGCDS4rQprREJJa8f4F0Q,HAUS PLANS ®️
UCFMGumZU2HL4ErtR5a6FQhw,http://www.youtube.com/channel/UCFMGumZU2HL4ErtR5a6FQhw,Playfool
UCFMtWss3wyRmSgul8D5MpVw,http://www.youtube.com/channel/UCFMtWss3wyRmSgul8D5MpVw,waking world
UCFN6lQpfY8XIRdhv9G-f4bg,http://www.youtube.com/channel/UCFN6lQpfY8XIRdhv9G-f4bg,Smart Nonsense
UCFORFilgItVIcyA5tP2GEvQ,http://www.youtube.com/channel/UCFORFilgItVIcyA5tP2GEvQ,mr27
UCFOfgEQLHpPuVNP_m-XldTg,http://www.youtube.com/channel/UCFOfgEQLHpPuVNP_m-XldTg,FilmStack
UCFPb0Vc0Cjd3MpDOlHPQoPQ,http://www.youtube.com/channel/UCFPb0Vc0Cjd3MpDOlHPQoPQ,アイナ・ジ・エンド Official
UCFPk5G440gIZTycgm64syeg,http://www.youtube.com/channel/UCFPk5G440gIZTycgm64syeg,ContANT
UCFPy-LzxF10JxNPOemGUlfg,http://www.youtube.com/channel/UCFPy-LzxF10JxNPOemGUlfg,JHXC64
UCFQMnBA3CS502aghlcr0_aw,http://www.youtube.com/channel/UCFQMnBA3CS502aghlcr0_aw,Coffeezilla
UCFRe1i5lu0H26RgEBWR1gpA,http://www.youtube.com/channel/UCFRe1i5lu0H26RgEBWR1gpA,Altra Moda Music
UCFSIFwMbpW6MmFH78BAlvIA,http://www.youtube.com/channel/UCFSIFwMbpW6MmFH78BAlvIA,Nemo
UCFSsOq5orFuGfl4iFueksaA,http://www.youtube.com/channel/UCFSsOq5orFuGfl4iFueksaA,slorgs
UCFTIJTxUiB35ETHGhNvQvOA,http://www.youtube.com/channel/UCFTIJTxUiB35ETHGhNvQvOA,Colonello
UCFU8WsVLHKsTabFmOgNF4dA,http://www.youtube.com/channel/UCFU8WsVLHKsTabFmOgNF4dA,Apex Hosting
UCFUGFiWPL4476Ve0xV7sVYw,http://www.youtube.com/channel/UCFUGFiWPL4476Ve0xV7sVYw,Hudson J
UCFUsBdbrNe2a8tnVsxBwoZw,http://www.youtube.com/channel/UCFUsBdbrNe2a8tnVsxBwoZw,Plainrock124
UCFVO1-GBw7adM7K_3Nxricw,http://www.youtube.com/channel/UCFVO1-GBw7adM7K_3Nxricw,DanRobzProbz
UCFVw1U1qk5WVEAOOS9v8S-A,http://www.youtube.com/channel/UCFVw1U1qk5WVEAOOS9v8S-A,Mythical Bits
UCFWBEh33h59kvjS0eMXAH_A,http://www.youtube.com/channel/UCFWBEh33h59kvjS0eMXAH_A,Easily Explained
UCFWeSi8swoi_7jmFR1ZfK7Q,http://www.youtube.com/channel/UCFWeSi8swoi_7jmFR1ZfK7Q,Peterson Piano Academy
UCFXCGN9-roeqdFAatAwG8ew,http://www.youtube.com/channel/UCFXCGN9-roeqdFAatAwG8ew,Ben Esherick
UCFXc5nAao6554AIXlN9KgwQ,http://www.youtube.com/channel/UCFXc5nAao6554AIXlN9KgwQ,Ceave Gaming
UCFXvN_failepR4gcXCtT2iw,http://www.youtube.com/channel/UCFXvN_failepR4gcXCtT2iw,lunobyte
UCFYMDSW-BzeYZKFSxROw3Rg,http://www.youtube.com/channel/UCFYMDSW-BzeYZKFSxROw3Rg,The Living Tombstone
UCFYukQIaRqWy8uQhhdlcC9g,http://www.youtube.com/channel/UCFYukQIaRqWy8uQhhdlcC9g,TryingTooHard
UCFYvl99CsNq3-d96pgSRIwg,http://www.youtube.com/channel/UCFYvl99CsNq3-d96pgSRIwg,DogPack404
UCFZ1Dv_jsdIIUgnJVVcbqKQ,http://www.youtube.com/channel/UCFZ1Dv_jsdIIUgnJVVcbqKQ,Brut America
UCF_ttF6GEytH6O0u7wIU3hw,http://www.youtube.com/channel/UCF_ttF6GEytH6O0u7wIU3hw,Editing Tips And Tricks
UCFaCgvHGg_DUS9qE8TbRyLA,http://www.youtube.com/channel/UCFaCgvHGg_DUS9qE8TbRyLA,Brightclips
UCFaIXgd8idAF99ke2hqjiVg,http://www.youtube.com/channel/UCFaIXgd8idAF99ke2hqjiVg,KYDB
UCFb4ytyZ-xHO8lcKeOoFfkw,http://www.youtube.com/channel/UCFb4ytyZ-xHO8lcKeOoFfkw,The McFarlands
UCFbjcCRyywR07kFlzn7Cx2w,http://www.youtube.com/channel/UCFbjcCRyywR07kFlzn7Cx2w,Plastered L 
UCFbtXFIaAJ0fOtgyeDs8Jog,http://www.youtube.com/channel/UCFbtXFIaAJ0fOtgyeDs8Jog,Lud and Schlatts Musical Emporium 
UCFbtcTaMFnOAP0pFO1L8hVw,http://www.youtube.com/channel/UCFbtcTaMFnOAP0pFO1L8hVw,Kyle Hill
UCFbwF1vU8Pa1CoDRKpzLjGg,http://www.youtube.com/channel/UCFbwF1vU8Pa1CoDRKpzLjGg,Gregen
UCFctpiB_Hnlk3ejWfHqSm6Q,http://www.youtube.com/channel/UCFctpiB_Hnlk3ejWfHqSm6Q,The Official Pokémon YouTube channel
UCFcvJ1Lea8GTq-TM_kEnDZQ,http://www.youtube.com/channel/UCFcvJ1Lea8GTq-TM_kEnDZQ,BIZARRE CLIPS
UCFez-BMFJfSl_DgAbidb3Kw,http://www.youtube.com/channel/UCFez-BMFJfSl_DgAbidb3Kw,Dan7
UCFgD6UzjgLHTHg8YiEz7z2Q,http://www.youtube.com/channel/UCFgD6UzjgLHTHg8YiEz7z2Q,Joseph R Carroll
UCFgRWSb3kTS2CWQESh62D7w,http://www.youtube.com/channel/UCFgRWSb3kTS2CWQESh62D7w,herrobriam
UCFh1eczAxZlL8bhBt7b33Aw,http://www.youtube.com/channel/UCFh1eczAxZlL8bhBt7b33Aw,zman1064
UCFhFAL8FJP0Kevi6m-3DU1g,http://www.youtube.com/channel/UCFhFAL8FJP0Kevi6m-3DU1g,Jake Miller
UCFhMOIr1FZNaLwHXNIkBMSg,http://www.youtube.com/channel/UCFhMOIr1FZNaLwHXNIkBMSg,Chef Tyler
UCFhXFikryT4aFcLkLw2LBLA,http://www.youtube.com/channel/UCFhXFikryT4aFcLkLw2LBLA,NileRed
UCFhqM_ykGDWEC4wdvN2R6Vg,http://www.youtube.com/channel/UCFhqM_ykGDWEC4wdvN2R6Vg,Eman
UCFiT1MsNjn8NUFREhPt42og,http://www.youtube.com/channel/UCFiT1MsNjn8NUFREhPt42og,Zygarde
UCFipayYs4TjaCVddojSK-pg,http://www.youtube.com/channel/UCFipayYs4TjaCVddojSK-pg,Cwitchy
UCFjTMDh1HNsbDBryTMkLlyA,http://www.youtube.com/channel/UCFjTMDh1HNsbDBryTMkLlyA,Illustrator Benny
UCFjx-_ac8x8B43w-sBFNIGg,http://www.youtube.com/channel/UCFjx-_ac8x8B43w-sBFNIGg,Angela Giarratana
UCFkLwT67lnyruZWVw78-NjA,http://www.youtube.com/channel/UCFkLwT67lnyruZWVw78-NjA,AnyDesk
UCFkT7atm3HrSm5nYaXah5Ww,http://www.youtube.com/channel/UCFkT7atm3HrSm5nYaXah5Ww,Legitimoose
UCFl7yKfcRcFmIUbKeCA-SJQ,http://www.youtube.com/channel/UCFl7yKfcRcFmIUbKeCA-SJQ,Joji
UCFlVibyn7qL_cxOuWbAUbUA,http://www.youtube.com/channel/UCFlVibyn7qL_cxOuWbAUbUA,Giovanni Marks
UCFlt4A2BbdGi1NGxUI92PzQ,http://www.youtube.com/channel/UCFlt4A2BbdGi1NGxUI92PzQ,Gabe
UCFm2RTedHh5W1cS3JHrIFVQ,http://www.youtube.com/channel/UCFm2RTedHh5W1cS3JHrIFVQ,Clinging to our Childhoods
UCFmE4R8CdklKgZDVPN6m2kA,http://www.youtube.com/channel/UCFmE4R8CdklKgZDVPN6m2kA,MagicGum
UCFo6H_xgXGoz3YeRlSoYQ0Q,http://www.youtube.com/channel/UCFo6H_xgXGoz3YeRlSoYQ0Q,Not Blockade
UCFovbwWXUHkHsRT9eX2KQUQ,http://www.youtube.com/channel/UCFovbwWXUHkHsRT9eX2KQUQ,"Ari Melber, Journalist & Attorney"
UCFp5BRhmXH4jgDg9OWW2BPQ,http://www.youtube.com/channel/UCFp5BRhmXH4jgDg9OWW2BPQ,BTR'z Entertainment Nam
UCFpHzdjsPFnhN-45ZCCI5rw,http://www.youtube.com/channel/UCFpHzdjsPFnhN-45ZCCI5rw,Foxmask
UCFpy37oq9p1MOVuJbGIcs7Q,http://www.youtube.com/channel/UCFpy37oq9p1MOVuJbGIcs7Q,Crumb
UCFqEKDbutGO6QBy6-2sqkHA,http://www.youtube.com/channel/UCFqEKDbutGO6QBy6-2sqkHA,Kormanx
UCFqK7hvn1llX36o7B99yPoA,http://www.youtube.com/channel/UCFqK7hvn1llX36o7B99yPoA,FoolishFrankie
UCFqQ_N_ronpqB3myrRn00nA,http://www.youtube.com/channel/UCFqQ_N_ronpqB3myrRn00nA,Filian Clips Fan Ch.
UCFqZ5Mob-pbAp2td92S2Z4Q,http://www.youtube.com/channel/UCFqZ5Mob-pbAp2td92S2Z4Q,Rob Level
UCFqzaF63dvR1fswl4sRzoWA,http://www.youtube.com/channel/UCFqzaF63dvR1fswl4sRzoWA,Litsky Pancakes
UCFsUH7Zyy0UXAfv6KQGq9eg,http://www.youtube.com/channel/UCFsUH7Zyy0UXAfv6KQGq9eg,Noggi
UCFtLEW1MMyqlMdzOWBQfCCg,http://www.youtube.com/channel/UCFtLEW1MMyqlMdzOWBQfCCg,LaidToFall
UCFtOX-21N1earf-K58C7HjQ,http://www.youtube.com/channel/UCFtOX-21N1earf-K58C7HjQ,Glarses
UCFtc3XdXgLFwhlDajMGK69w,http://www.youtube.com/channel/UCFtc3XdXgLFwhlDajMGK69w,NightHawkInLight
UCFtswsldq3ts7n4ftUFtYrg,http://www.youtube.com/channel/UCFtswsldq3ts7n4ftUFtYrg,B-WHERE
UCFuE5PdhKPAbt6nBjgpQcEw,http://www.youtube.com/channel/UCFuE5PdhKPAbt6nBjgpQcEw,SourceSus
UCFutKpeKq5sHDD7r27IcLxw,http://www.youtube.com/channel/UCFutKpeKq5sHDD7r27IcLxw,Oscar Byrne
UCFvmpZD_G5rX_vkpYwn_2RQ,http://www.youtube.com/channel/UCFvmpZD_G5rX_vkpYwn_2RQ,Plunger Papi
UCFy846QdKs3LbLgBpSqPcdg,http://www.youtube.com/channel/UCFy846QdKs3LbLgBpSqPcdg,The Kiffness
UCFyvgmIpNw45nqj1K44wP_Q,http://www.youtube.com/channel/UCFyvgmIpNw45nqj1K44wP_Q,Rogan
UCFzpLhfgdPPVJ_7YrVO-GSw,http://www.youtube.com/channel/UCFzpLhfgdPPVJ_7YrVO-GSw,Dad
UCG-RADPwO3-eOXs_jUCbUAw,http://www.youtube.com/channel/UCG-RADPwO3-eOXs_jUCbUAw,Nick Botic
UCG-c9gzs_zrB6jSXDnE-U8w,http://www.youtube.com/channel/UCG-c9gzs_zrB6jSXDnE-U8w,YORIMIYA
UCG-q5feiC_DhwJKWb8PEdeg,http://www.youtube.com/channel/UCG-q5feiC_DhwJKWb8PEdeg,Somera
UCG0JjC58DymfTH2rWh-J25A,http://www.youtube.com/channel/UCG0JjC58DymfTH2rWh-J25A,WellYeah
UCG2z5RqWkV49Vt2BuVkQ4dw,http://www.youtube.com/channel/UCG2z5RqWkV49Vt2BuVkQ4dw,Ben Carter
UCG3O77JDSRT6Kc-xM6Yk3Ig,http://www.youtube.com/channel/UCG3O77JDSRT6Kc-xM6Yk3Ig,Labora
UCG3aJElWBNn5E0y-NMP_Mgw,http://www.youtube.com/channel/UCG3aJElWBNn5E0y-NMP_Mgw,Reality Escape
UCG3ve6C-jOxa_uCG1KYHEBg,http://www.youtube.com/channel/UCG3ve6C-jOxa_uCG1KYHEBg,Mobile Games Network
UCG4N5CHUnJiDRTpc3QRKUbg,http://www.youtube.com/channel/UCG4N5CHUnJiDRTpc3QRKUbg,Hyper Droid
UCG4kBdTRTifz5UyIdoqLxpQ,http://www.youtube.com/channel/UCG4kBdTRTifz5UyIdoqLxpQ,Super_Shorts
UCG6wSbGRHOzK6RevHMy0-4g,http://www.youtube.com/channel/UCG6wSbGRHOzK6RevHMy0-4g,raysfire
UCG6zBb8GZKo1XZW4eHdg-0Q,http://www.youtube.com/channel/UCG6zBb8GZKo1XZW4eHdg-0Q,PointCrow
UCG70Zye1lZE5zUOhyFSe3ww,http://www.youtube.com/channel/UCG70Zye1lZE5zUOhyFSe3ww,Pixel Quest!
UCG7J20LhUeLl6y_Emi7OJrA,http://www.youtube.com/channel/UCG7J20LhUeLl6y_Emi7OJrA,The Studio
UCG8De8wIqLupte7INivWmLA,http://www.youtube.com/channel/UCG8De8wIqLupte7INivWmLA,Llamaman42
UCG8IoF7-9u6regXJMDYSkuQ,http://www.youtube.com/channel/UCG8IoF7-9u6regXJMDYSkuQ,Cristi123
UCG8Vk6ygBuafxsjYWIRPdEg,http://www.youtube.com/channel/UCG8Vk6ygBuafxsjYWIRPdEg,Jorge Davo JDS
UCG98ruDeyp55THxbpBCIv3g,http://www.youtube.com/channel/UCG98ruDeyp55THxbpBCIv3g,Duolingo
UCG9VVK4crzuWji_ukL4g1VQ,http://www.youtube.com/channel/UCG9VVK4crzuWji_ukL4g1VQ,Jarvis CoCo
UCG9Z2tm9WbRQmiZlNhgQe9g,http://www.youtube.com/channel/UCG9Z2tm9WbRQmiZlNhgQe9g,Cosmic
UCGA2OgjW608QEaGwxA7aRTg,http://www.youtube.com/channel/UCGA2OgjW608QEaGwxA7aRTg,Screen Culture
UCGAX1bhTzJb1T0jFLNAvZsg,http://www.youtube.com/channel/UCGAX1bhTzJb1T0jFLNAvZsg,moenaomii 萌 ナオミ 
UCGAZLCQYj9CWWrbJknJ8c4w,http://www.youtube.com/channel/UCGAZLCQYj9CWWrbJknJ8c4w,iSrg33
UCGAxIvybbU3PF_1fhHU6XFA,http://www.youtube.com/channel/UCGAxIvybbU3PF_1fhHU6XFA,ArbyTV
UCGBgbYd22Uu64_JO21L9bug,http://www.youtube.com/channel/UCGBgbYd22Uu64_JO21L9bug,CubeHub01
UCGBovGKM6jqG4cIQXqjo1Ig,http://www.youtube.com/channel/UCGBovGKM6jqG4cIQXqjo1Ig,sammyuri
UCGBpxWJr9FNOcFYA5GkKrMg,http://www.youtube.com/channel/UCGBpxWJr9FNOcFYA5GkKrMg,Boiler Room
UCGD1u51N8aoGSh1f_urcDrg,http://www.youtube.com/channel/UCGD1u51N8aoGSh1f_urcDrg,Trilemma
UCGD7CfG3JgZF52QpIRivV1Q,http://www.youtube.com/channel/UCGD7CfG3JgZF52QpIRivV1Q,Stevie Wonder
UCGDMcgLb89_NSbRFTQi1VgA,http://www.youtube.com/channel/UCGDMcgLb89_NSbRFTQi1VgA,Karat
UCGENTYBp0gPaFusxGXKk6_A,http://www.youtube.com/channel/UCGENTYBp0gPaFusxGXKk6_A,Paralogical
UCGGZ_POGmIWG1pQXTDzQv-g,http://www.youtube.com/channel/UCGGZ_POGmIWG1pQXTDzQv-g,Michelle Khare
UCGH4o7taGSE-4FB8ZzJxhkA,http://www.youtube.com/channel/UCGH4o7taGSE-4FB8ZzJxhkA,Bricks Made Simple
UCGHDQtN_vzFYJaq_Fx1eikg,http://www.youtube.com/channel/UCGHDQtN_vzFYJaq_Fx1eikg,Qxir
UCGILNwueVPFL-yj5LlqaRvg,http://www.youtube.com/channel/UCGILNwueVPFL-yj5LlqaRvg,Rob Thubron | RT Tech
UCGIY_O-8vW4rfX98KlMkvRg,http://www.youtube.com/channel/UCGIY_O-8vW4rfX98KlMkvRg,Nintendo of America
UCGJlAmlPIeGn5K9-yP4xzHA,http://www.youtube.com/channel/UCGJlAmlPIeGn5K9-yP4xzHA,IcarusDev
UCGKFUrz8Zb3xXgdWfZM6vow,http://www.youtube.com/channel/UCGKFUrz8Zb3xXgdWfZM6vow,Larpiplier
UCGKx5XhGuf09VERiw_QIemA,http://www.youtube.com/channel/UCGKx5XhGuf09VERiw_QIemA,HelloGamesTube
UCGLDtG2tl0uG8P0eNstbLUA,http://www.youtube.com/channel/UCGLDtG2tl0uG8P0eNstbLUA,Tool_Tips
UCGMcVCg3tHKmy9oaUCIw8xw,http://www.youtube.com/channel/UCGMcVCg3tHKmy9oaUCIw8xw,Apple India
UCGNm2vGRTPwbO0Q6u-X7MuA,http://www.youtube.com/channel/UCGNm2vGRTPwbO0Q6u-X7MuA,Morphcat Games
UCGODnMAAEhZeO0ROmB2EFBg,http://www.youtube.com/channel/UCGODnMAAEhZeO0ROmB2EFBg,Do3D.com
UCGPD_GaFVicDDuEwfa6ycMQ,http://www.youtube.com/channel/UCGPD_GaFVicDDuEwfa6ycMQ,smvb64
UCGPglgxYIUy-iC1QJ5wc-nw,http://www.youtube.com/channel/UCGPglgxYIUy-iC1QJ5wc-nw,Zed Again
UCGQ908SlrM-LLebHuqsXeGQ,http://www.youtube.com/channel/UCGQ908SlrM-LLebHuqsXeGQ,VicBoss
UCGQ_lL8gz98erB474kOb2bQ,http://www.youtube.com/channel/UCGQ_lL8gz98erB474kOb2bQ,BRIDGES Archive 
UCGQuxANW0HkiwR8xVZD_gxQ,http://www.youtube.com/channel/UCGQuxANW0HkiwR8xVZD_gxQ,scope_wad
UCGRD4cvxk-G57XPlCELwRRg,http://www.youtube.com/channel/UCGRD4cvxk-G57XPlCELwRRg,Stop Killing Games
UCGSIuF7l9yTiIrM7U-LtreQ,http://www.youtube.com/channel/UCGSIuF7l9yTiIrM7U-LtreQ,PieCreeper
UCGSg3iQgRQ5M9CpluqkMAZg,http://www.youtube.com/channel/UCGSg3iQgRQ5M9CpluqkMAZg,Digging The Greats
UCGSmKh0l_9oxXd2-MnN4muw,http://www.youtube.com/channel/UCGSmKh0l_9oxXd2-MnN4muw,SuburbanBiology
UCGTGafQOARn3x3ghvW3Xkbw,http://www.youtube.com/channel/UCGTGafQOARn3x3ghvW3Xkbw,Obi-Wan Kenobi
UCGU8LxafdOHKytza30jKemg,http://www.youtube.com/channel/UCGU8LxafdOHKytza30jKemg,CJL
UCGUZyT6tMrMyWRPw1su01Mg,http://www.youtube.com/channel/UCGUZyT6tMrMyWRPw1su01Mg,bmc
UCGW5zIEencf7p6IncKLFtuA,http://www.youtube.com/channel/UCGW5zIEencf7p6IncKLFtuA,Wunba
UCGWF1EUS5bKE3WuxmxyvdPg,http://www.youtube.com/channel/UCGWF1EUS5bKE3WuxmxyvdPg,Dubious Duckling
UCGWNy2Kj5ctaV_L-4AzKqRQ,http://www.youtube.com/channel/UCGWNy2Kj5ctaV_L-4AzKqRQ,JamesDC
UCGWlc47TPNb9brGq7i0Qy7g,http://www.youtube.com/channel/UCGWlc47TPNb9brGq7i0Qy7g,MonoCode
UCGXBNxKznlJimqqfEDT0u-g,http://www.youtube.com/channel/UCGXBNxKznlJimqqfEDT0u-g,makedartin
UCGXIMqsGoJ-szjG8jgwsK4g,http://www.youtube.com/channel/UCGXIMqsGoJ-szjG8jgwsK4g,Emi Thor
UCGZ0LgTmAJn9Banetdr_ZFg,http://www.youtube.com/channel/UCGZ0LgTmAJn9Banetdr_ZFg,Indy Mogul
UCG_nvdTLdijiAAuPKxtvBjA,http://www.youtube.com/channel/UCG_nvdTLdijiAAuPKxtvBjA,Filmento
UCGaVdbSav8xWuFWTadK6loA,http://www.youtube.com/channel/UCGaVdbSav8xWuFWTadK6loA,vlogbrothers
UCGagMyOSSAxhVosHf_w0XdA,http://www.youtube.com/channel/UCGagMyOSSAxhVosHf_w0XdA,SPICY FRUIT
UCGavzqwf_zanMWSp5ZmXlqQ,http://www.youtube.com/channel/UCGavzqwf_zanMWSp5ZmXlqQ,Vectinn
UCGbg3DjQdcqWwqOLHpYHXIg,http://www.youtube.com/channel/UCGbg3DjQdcqWwqOLHpYHXIg,The Yard
UCGbhQT2-WP43Mut_IkKnoag,http://www.youtube.com/channel/UCGbhQT2-WP43Mut_IkKnoag,Matt Maltese
UCGboPljHlCi7veLV1NB41bQ,http://www.youtube.com/channel/UCGboPljHlCi7veLV1NB41bQ,Thekeffisor21
UCGcm7NWqY-woE5H85OgMjKQ,http://www.youtube.com/channel/UCGcm7NWqY-woE5H85OgMjKQ,StreamerWorld
UCGdXQli4zD_va2erXMXF9qQ,http://www.youtube.com/channel/UCGdXQli4zD_va2erXMXF9qQ,HeyItsIzaak
UCGeABNLJrrNXhAVHnmIYVqQ,http://www.youtube.com/channel/UCGeABNLJrrNXhAVHnmIYVqQ,Th3Vale
UCGeIjGngCkErevSNHdZYD5Q,http://www.youtube.com/channel/UCGeIjGngCkErevSNHdZYD5Q,Expleened (Storymode)
UCGedS6c-ZGSc85ghaqZg3cA,http://www.youtube.com/channel/UCGedS6c-ZGSc85ghaqZg3cA,Conquer You!
UCGfv8UBMJqT8vJO0L-OqH_w,http://www.youtube.com/channel/UCGfv8UBMJqT8vJO0L-OqH_w,Makhir
UCGfxKPjVdBZpUi2oviubHaA,http://www.youtube.com/channel/UCGfxKPjVdBZpUi2oviubHaA,Danny Lum
UCGhyU4yIDM5SdD8YTQ5Zadg,http://www.youtube.com/channel/UCGhyU4yIDM5SdD8YTQ5Zadg,RenaruP
UCGiKF2Z9xBY2DF1JEhOWXEw,http://www.youtube.com/channel/UCGiKF2Z9xBY2DF1JEhOWXEw,Boio Boio
UCGie8GMlUo3kBKIopdvumVQ,http://www.youtube.com/channel/UCGie8GMlUo3kBKIopdvumVQ,Still Watching Netflix
UCGjCXKtSsj6Av2z0tWt2lMw,http://www.youtube.com/channel/UCGjCXKtSsj6Av2z0tWt2lMw,Text Chess
UCGkGbenEx4auPtB3e67o8SA,http://www.youtube.com/channel/UCGkGbenEx4auPtB3e67o8SA,Linny Tv
UCGkQCAeRjyP9BpNwVFMaJaw,http://www.youtube.com/channel/UCGkQCAeRjyP9BpNwVFMaJaw,WaterTower Music
UCGl3kbSLHfKb3QeOYG7pAuA,http://www.youtube.com/channel/UCGl3kbSLHfKb3QeOYG7pAuA,Universal Orlando Resort
UCGlxjALKTqOb6jTgews4Idg,http://www.youtube.com/channel/UCGlxjALKTqOb6jTgews4Idg,Tion
UCGmO0S4S-AunjRdmxA6TQYg,http://www.youtube.com/channel/UCGmO0S4S-AunjRdmxA6TQYg,DECO*27
UCGmUbmvJtDueoSSI3UlqMNQ,http://www.youtube.com/channel/UCGmUbmvJtDueoSSI3UlqMNQ,Mr. Cardamom
UCGmfsRVSM9FG5VIoxEmn-DQ,http://www.youtube.com/channel/UCGmfsRVSM9FG5VIoxEmn-DQ,Walt (oneminmicro)
UCGnZPnvIlHbfuh2ZJxgvWjQ,http://www.youtube.com/channel/UCGnZPnvIlHbfuh2ZJxgvWjQ,Flikey
UCGnftwtV3f7Ezh-x5xBj5Dw,http://www.youtube.com/channel/UCGnftwtV3f7Ezh-x5xBj5Dw,Overkill Gaming
UCGoSa4vQCEfEiQF6b9zebRg,http://www.youtube.com/channel/UCGoSa4vQCEfEiQF6b9zebRg,Choctopus
UCGorgiMQ_Ul6XUjECfuAcDQ,http://www.youtube.com/channel/UCGorgiMQ_Ul6XUjECfuAcDQ,In a Moist
UCGpC5tALOoJ8M7axkm9n9vQ,http://www.youtube.com/channel/UCGpC5tALOoJ8M7axkm9n9vQ,Perfectly Cromulent
UCGplD0ffWJh_3ilXbDJpcVQ,http://www.youtube.com/channel/UCGplD0ffWJh_3ilXbDJpcVQ,URODork
UCGprDqZlt5epQ6-fFbU-nmQ,http://www.youtube.com/channel/UCGprDqZlt5epQ6-fFbU-nmQ,Terrasteel
UCGqsOcmOzo3Cq3HnKDJpy6w,http://www.youtube.com/channel/UCGqsOcmOzo3Cq3HnKDJpy6w,Dankius M. Meme
UCGt7X90Au6BV8rf49BiM6Dg,http://www.youtube.com/channel/UCGt7X90Au6BV8rf49BiM6Dg,Ray William Johnson
UCGuHHhMeeTra-hziLXy7U9A,http://www.youtube.com/channel/UCGuHHhMeeTra-hziLXy7U9A,Albon
UCGudGqToOw9hWGR88W9Jutg,http://www.youtube.com/channel/UCGudGqToOw9hWGR88W9Jutg,Howtown
UCGuuPSmUAmAuOvWFjfPHFCQ,http://www.youtube.com/channel/UCGuuPSmUAmAuOvWFjfPHFCQ,All Things Lost
UCGvvNfdh36gY-akMwbQr-Og,http://www.youtube.com/channel/UCGvvNfdh36gY-akMwbQr-Og,The 1st Gamer
UCGwcH4qnJ2qM_ZJUSFcAMAA,http://www.youtube.com/channel/UCGwcH4qnJ2qM_ZJUSFcAMAA,JianHao Tan
UCGwu0nbY2wSkW8N-cghnLpA,http://www.youtube.com/channel/UCGwu0nbY2wSkW8N-cghnLpA,JaidenAnimations
UCGwyQM5eQOTxoeHOZaMwzSg,http://www.youtube.com/channel/UCGwyQM5eQOTxoeHOZaMwzSg,Track Star*
UCGxV55VbhBNJsHtvmPFzmwg,http://www.youtube.com/channel/UCGxV55VbhBNJsHtvmPFzmwg,What Might Grow
UCGxYHAR9f_leP1yXDXNNDsA,http://www.youtube.com/channel/UCGxYHAR9f_leP1yXDXNNDsA,Fir
UCGyJkJRkCVTPAhZYlLOIgRg,http://www.youtube.com/channel/UCGyJkJRkCVTPAhZYlLOIgRg,DannyIsDahBomb
UCGzNqX7PxoGPmlClgBOU85w,http://www.youtube.com/channel/UCGzNqX7PxoGPmlClgBOU85w,weichu
UCH-Uobgd_TrFNnxuphSnbeQ,http://www.youtube.com/channel/UCH-Uobgd_TrFNnxuphSnbeQ,Tenacious D
UCH-g5AQbCdDMtEmBtGXLXNQ,http://www.youtube.com/channel/UCH-g5AQbCdDMtEmBtGXLXNQ,thebeekid
UCH09O7Xp8SnwIlijQcevshg,http://www.youtube.com/channel/UCH09O7Xp8SnwIlijQcevshg,Primz
UCH1dpzjCEiGAt8CXkryhkZg,http://www.youtube.com/channel/UCH1dpzjCEiGAt8CXkryhkZg,Bernie Sanders
UCH38g-gz33OwqtyvqvwAmnA,http://www.youtube.com/channel/UCH38g-gz33OwqtyvqvwAmnA,Downtown Zuzu
UCH3ML9C2wbUFJvX61kBcxkQ,http://www.youtube.com/channel/UCH3ML9C2wbUFJvX61kBcxkQ,Seal
UCH3XS-yJ40dxiDKUMU7S2ag,http://www.youtube.com/channel/UCH3XS-yJ40dxiDKUMU7S2ag,Viz
UCH3fVIVRfyqnCz7HBVWw_Bg,http://www.youtube.com/channel/UCH3fVIVRfyqnCz7HBVWw_Bg,Ligolith Lillith
UCH45phx_o8pNt9PwbjxWhcA,http://www.youtube.com/channel/UCH45phx_o8pNt9PwbjxWhcA,RoadsideFlix
UCH4BNI0-FOK2dMXoFtViWHw,http://www.youtube.com/channel/UCH4BNI0-FOK2dMXoFtViWHw,Be Smart
UCH4Ej_Fi0J4bIgZV_-6F70Q,http://www.youtube.com/channel/UCH4Ej_Fi0J4bIgZV_-6F70Q,Dark
UCH4arcm3fsaSZKnU_IEizTg,http://www.youtube.com/channel/UCH4arcm3fsaSZKnU_IEizTg,Castical
UCH4doeCJGzR_Rx-B9S5HlRA,http://www.youtube.com/channel/UCH4doeCJGzR_Rx-B9S5HlRA,FreshChris
UCH4kzCPqY8cbL0KdMlzNyXA,http://www.youtube.com/channel/UCH4kzCPqY8cbL0KdMlzNyXA,market
UCH68J99cLNAuCO_O9XT3Y4Q,http://www.youtube.com/channel/UCH68J99cLNAuCO_O9XT3Y4Q,bytedozer
UCH6SuGzubg7OM5RKsDTTYfQ,http://www.youtube.com/channel/UCH6SuGzubg7OM5RKsDTTYfQ,Moonrise Rocks
UCH6Xtt4GpcQXjOq0_PTDhAw,http://www.youtube.com/channel/UCH6Xtt4GpcQXjOq0_PTDhAw,Dan Povenmire
UCH7gmEjOXoP48yinS908UVw,http://www.youtube.com/channel/UCH7gmEjOXoP48yinS908UVw,Film Junkie
UCH8BSvW0yKoEn2LzlpZJZ4w,http://www.youtube.com/channel/UCH8BSvW0yKoEn2LzlpZJZ4w,Shagrots Cave 
UCH8HuHNC8c8y0InHsPVcifg,http://www.youtube.com/channel/UCH8HuHNC8c8y0InHsPVcifg,Memematode
UCHAUlULA0quOmHvX5uGNcHA,http://www.youtube.com/channel/UCHAUlULA0quOmHvX5uGNcHA,Gal Lahat
UCHAiieQmQBS38_AUkPf-7iQ,http://www.youtube.com/channel/UCHAiieQmQBS38_AUkPf-7iQ,Project JDM
UCHB8fIpAKZy6UVz4Q_c4cRg,http://www.youtube.com/channel/UCHB8fIpAKZy6UVz4Q_c4cRg,thejunglebadger
UCHBKmTf3_kueSi1GkoDTJtw,http://www.youtube.com/channel/UCHBKmTf3_kueSi1GkoDTJtw,RaffiNGO
UCHC4G4X-OR5WkY-IquRGa3Q,http://www.youtube.com/channel/UCHC4G4X-OR5WkY-IquRGa3Q,Tom Scott plus
UCHCph-_jLba_9atyCZJPLQQ,http://www.youtube.com/channel/UCHCph-_jLba_9atyCZJPLQQ,How It Should Have Ended
UCHDFEsDQ8dKjEBEVCbAPZZw,http://www.youtube.com/channel/UCHDFEsDQ8dKjEBEVCbAPZZw,Smart Penguins
UCHDbULMG7rqQxHtEFPyz3UQ,http://www.youtube.com/channel/UCHDbULMG7rqQxHtEFPyz3UQ,bigfatfrown
UCHDxYLv8iovIbhrfl16CNyg,http://www.youtube.com/channel/UCHDxYLv8iovIbhrfl16CNyg,GameLinked
UCHF0LnznV3h05fkHVEq3MaA,http://www.youtube.com/channel/UCHF0LnznV3h05fkHVEq3MaA,DevBanana
UCHF66aWLOxBW4l6VkSrS3cQ,http://www.youtube.com/channel/UCHF66aWLOxBW4l6VkSrS3cQ,Coachella
UCHGaNib4_2dSeCLa1fzOecQ,http://www.youtube.com/channel/UCHGaNib4_2dSeCLa1fzOecQ,Kewbix
UCHGoBVge1WvoB7sbo5iNyEQ,http://www.youtube.com/channel/UCHGoBVge1WvoB7sbo5iNyEQ,ByteBlox
UCHH_3lX8QShJnhHVA422OCQ,http://www.youtube.com/channel/UCHH_3lX8QShJnhHVA422OCQ,JJ Shankles
UCHHwud3sNT0FNNHeN_ROEAg,http://www.youtube.com/channel/UCHHwud3sNT0FNNHeN_ROEAg,GKI
UCHICwjMycxl9htsCuByAczg,http://www.youtube.com/channel/UCHICwjMycxl9htsCuByAczg,Ludo
UCHJ-uHuHKm4xUJTkD4H3_aw,http://www.youtube.com/channel/UCHJ-uHuHKm4xUJTkD4H3_aw,Ros Mo
UCHJuQZuzapBh-CuhRYxIZrg,http://www.youtube.com/channel/UCHJuQZuzapBh-CuhRYxIZrg,Insider
UCHKWU-76pvTwlpVMBDZHqdg,http://www.youtube.com/channel/UCHKWU-76pvTwlpVMBDZHqdg,Shane Fan
UCHLZn441zJjhvwdcbSSoKog,http://www.youtube.com/channel/UCHLZn441zJjhvwdcbSSoKog,DMPUNK
UCHMLXT0wc0jCQba_uuEcB0w,http://www.youtube.com/channel/UCHMLXT0wc0jCQba_uuEcB0w,MO2
UCHMaWSgPAVlLohSt1MSZ1ag,http://www.youtube.com/channel/UCHMaWSgPAVlLohSt1MSZ1ag,Dejojotheawsome
UCHMnsOPDgrjWvjHXZp-xvqg,http://www.youtube.com/channel/UCHMnsOPDgrjWvjHXZp-xvqg,IWinToLose Gaming
UCHMyJmk7LeN2nNq5zZIP3zA,http://www.youtube.com/channel/UCHMyJmk7LeN2nNq5zZIP3zA,justmehabibi
UCHO8RprUu13-LoA60kVjp5A,http://www.youtube.com/channel/UCHO8RprUu13-LoA60kVjp5A,Wibbly Lever II
UCHOjus2xFrvo9ORfw3aHLWg,http://www.youtube.com/channel/UCHOjus2xFrvo9ORfw3aHLWg,CJ DEATHBOT
UCHPiFxl2ErMjFK0i5HieG2w,http://www.youtube.com/channel/UCHPiFxl2ErMjFK0i5HieG2w,Roony
UCHQtc9lClLOCdZ5dP-0jukA,http://www.youtube.com/channel/UCHQtc9lClLOCdZ5dP-0jukA,VIRTUAL BRO
UCHR8JTnxVOMW31DnkEPpRfQ,http://www.youtube.com/channel/UCHR8JTnxVOMW31DnkEPpRfQ,DruupLongs
UCHRTfR2r0Ss3UjFyw7gSA-A,http://www.youtube.com/channel/UCHRTfR2r0Ss3UjFyw7gSA-A,Ryguyrocky
UCHRq4oQTee04u1uM0u1A8ag,http://www.youtube.com/channel/UCHRq4oQTee04u1uM0u1A8ag,Persona Soundtracks Compendium
UCHSD8YSrWjRmSYfh9JseOFQ,http://www.youtube.com/channel/UCHSD8YSrWjRmSYfh9JseOFQ,H5 Domino Community
UCHThDeTRIF1fI60PJvvLInQ,http://www.youtube.com/channel/UCHThDeTRIF1fI60PJvvLInQ,MorganVA
UCHTnEwQKNwm49CQeCVZogMw,http://www.youtube.com/channel/UCHTnEwQKNwm49CQeCVZogMw,Boundary Break
UCHTyJ3httJ0pGXj4Vd9Mwbg,http://www.youtube.com/channel/UCHTyJ3httJ0pGXj4Vd9Mwbg,Game Evolutions
UCHUUspUYOaSJSGmm6QDI2qg,http://www.youtube.com/channel/UCHUUspUYOaSJSGmm6QDI2qg,espidev
UCHUbS_UKnPBjJndXpTff4Sg,http://www.youtube.com/channel/UCHUbS_UKnPBjJndXpTff4Sg,Woodsbound Outdoors
UCHUp19nJMUs_nQRChmeHUTw,http://www.youtube.com/channel/UCHUp19nJMUs_nQRChmeHUTw,Rekson
UCHVjLgJdm2bY91z-RJNroPw,http://www.youtube.com/channel/UCHVjLgJdm2bY91z-RJNroPw,ToffeeBun
UCHWZDzWXskDuhAxjh2yE3_g,http://www.youtube.com/channel/UCHWZDzWXskDuhAxjh2yE3_g,Ben Echo
UCHXGhhgwoIPTBf_dh2X2cbw,http://www.youtube.com/channel/UCHXGhhgwoIPTBf_dh2X2cbw,moeimyadavid
UCHXXj0KkMdqW8SDOSoftesg,http://www.youtube.com/channel/UCHXXj0KkMdqW8SDOSoftesg,GroovyGavin
UCHXbod8ysoBSp4WPbdzgqNw,http://www.youtube.com/channel/UCHXbod8ysoBSp4WPbdzgqNw,MJIB Michael Jackson In Black
UCHY6Vj0cYnCRFREJ-oRARYg,http://www.youtube.com/channel/UCHY6Vj0cYnCRFREJ-oRARYg,Erman
UCHY7vF1gWBVi9wKowlosIXA,http://www.youtube.com/channel/UCHY7vF1gWBVi9wKowlosIXA,Carter Semrad
UCHYoe8kQ-7Gn9ASOlmI0k6Q,http://www.youtube.com/channel/UCHYoe8kQ-7Gn9ASOlmI0k6Q,The Food Theorists
UCHZ986wm_sJT6wntdDTIIcw,http://www.youtube.com/channel/UCHZ986wm_sJT6wntdDTIIcw,FitMC
UCHZEH3XF375ZsfpRb7kGoVw,http://www.youtube.com/channel/UCHZEH3XF375ZsfpRb7kGoVw,Mr Rubik
UCHZGQC3Zed6OKgFmu8ZGuMw,http://www.youtube.com/channel/UCHZGQC3Zed6OKgFmu8ZGuMw,Smashed Tomatoes
UCHZfd9QFgqX1vJl8U7fSmKA,http://www.youtube.com/channel/UCHZfd9QFgqX1vJl8U7fSmKA,Dagnel
UCHZi3ksgqMQoEvZWxaNBrNQ,http://www.youtube.com/channel/UCHZi3ksgqMQoEvZWxaNBrNQ,TwoQuickOnes
UCHZuvlqrvf49WrEnq88Johw,http://www.youtube.com/channel/UCHZuvlqrvf49WrEnq88Johw,Gubby
UCH_7doiCkWeq0v3ycWE5lDw,http://www.youtube.com/channel/UCH_7doiCkWeq0v3ycWE5lDw,Any Austin
UCH_LkjuedJPpcwO-ipA3FBQ,http://www.youtube.com/channel/UCH_LkjuedJPpcwO-ipA3FBQ,Jokes Expert
UCH_bIW5QR2kH8EZNei7fKBA,http://www.youtube.com/channel/UCH_bIW5QR2kH8EZNei7fKBA,StubVidMedia
UCHa0jpbaRolbOOCAMhP54pQ,http://www.youtube.com/channel/UCHa0jpbaRolbOOCAMhP54pQ,INTER
UCHcfYAFmCn122v9ejXq6IPg,http://www.youtube.com/channel/UCHcfYAFmCn122v9ejXq6IPg,robie317
UCHd5yPx-ANWkqirZJ5u541Q,http://www.youtube.com/channel/UCHd5yPx-ANWkqirZJ5u541Q,Pseudo
UCHd62-u_v4DvJ8TCFtpi4GA,http://www.youtube.com/channel/UCHd62-u_v4DvJ8TCFtpi4GA,Washington Post
UCHdYJ4QBqguyJpCGKNAV-iQ,http://www.youtube.com/channel/UCHdYJ4QBqguyJpCGKNAV-iQ,leurt wilderness
UCHdos0HAIEhIMqUc9L3vh1w,http://www.youtube.com/channel/UCHdos0HAIEhIMqUc9L3vh1w,Dorkly
UCHdpnvKJDijKNe2caIasnww,http://www.youtube.com/channel/UCHdpnvKJDijKNe2caIasnww,Garbage Time
UCHfA-QLkYsSz5o1b_yb-U1Q,http://www.youtube.com/channel/UCHfA-QLkYsSz5o1b_yb-U1Q,MJJ Records
UCHgDHM1lmkadG-uYhPfrbdw,http://www.youtube.com/channel/UCHgDHM1lmkadG-uYhPfrbdw,Charles Aznavour
UCHgjLXVWKYoKoC-Xsqib5Jw,http://www.youtube.com/channel/UCHgjLXVWKYoKoC-Xsqib5Jw,Jinky Wilson
UCHhaGTJK_js9BRd5UEiTFwg,http://www.youtube.com/channel/UCHhaGTJK_js9BRd5UEiTFwg,Prism
UCHiFp_0Pab4G9AEDmq1bEAQ,http://www.youtube.com/channel/UCHiFp_0Pab4G9AEDmq1bEAQ,ePiaeon
UCHiJHOoJkjGr28MQb7TzYcg,http://www.youtube.com/channel/UCHiJHOoJkjGr28MQb7TzYcg,Paige Saunders
UCHihootMqyGz175gqOPahtw,http://www.youtube.com/channel/UCHihootMqyGz175gqOPahtw,CrossMind Studio
UCHk0IYEDJxQGQ-nbd3yP_KA,http://www.youtube.com/channel/UCHk0IYEDJxQGQ-nbd3yP_KA,Joel Creates
UCHk2rgIgHyMbUBrsj_R6iFg,http://www.youtube.com/channel/UCHk2rgIgHyMbUBrsj_R6iFg,Hide
UCHk8Nf3_e7dzMO7049ZQ6-Q,http://www.youtube.com/channel/UCHk8Nf3_e7dzMO7049ZQ6-Q,Yiisu
UCHlRgHgdrNXPWR3SZQIFfOw,http://www.youtube.com/channel/UCHlRgHgdrNXPWR3SZQIFfOw,philippine television out of context
UCHmDySLF9yQVC1oTwZKWtSQ,http://www.youtube.com/channel/UCHmDySLF9yQVC1oTwZKWtSQ,Alex Webb
UCHmFRLJ6doSk5pi1JVOlhLA,http://www.youtube.com/channel/UCHmFRLJ6doSk5pi1JVOlhLA,jukedoo
UCHmfkG9csMwS605i4awHRrw,http://www.youtube.com/channel/UCHmfkG9csMwS605i4awHRrw,Braden Tech
UCHmy41anV3muOHhptn5vyYw,http://www.youtube.com/channel/UCHmy41anV3muOHhptn5vyYw,Glow
UCHnj59g7jezwTy5GeL8EA_g,http://www.youtube.com/channel/UCHnj59g7jezwTy5GeL8EA_g,MindYourDecisions
UCHnyfMqiRRG1u-2MsSQLbXA,http://www.youtube.com/channel/UCHnyfMqiRRG1u-2MsSQLbXA,Veritasium
UCHoBE2-QbfleRWg_6BfgGIA,http://www.youtube.com/channel/UCHoBE2-QbfleRWg_6BfgGIA,GunnarTV
UCHoRvL_JN1_pqRmMlgfUVsQ,http://www.youtube.com/channel/UCHoRvL_JN1_pqRmMlgfUVsQ,Chill Fuel
UCHqDTfIX-0DGaHlWvv6JZCw,http://www.youtube.com/channel/UCHqDTfIX-0DGaHlWvv6JZCw,Lateral with Tom Scott
UCHqQruhGENdmWy_oeH1f8QA,http://www.youtube.com/channel/UCHqQruhGENdmWy_oeH1f8QA,Michael Bublé
UCHqrz4PtkZdnC9nsQrE7MRw,http://www.youtube.com/channel/UCHqrz4PtkZdnC9nsQrE7MRw,Acou Co.
UCHrN1RY7oGPCsqRq8q66p8Q,http://www.youtube.com/channel/UCHrN1RY7oGPCsqRq8q66p8Q,Steeles
UCHrflonyo2lMtH1NVYIVcKA,http://www.youtube.com/channel/UCHrflonyo2lMtH1NVYIVcKA,Mike Clum 2
UCHsRtomD4twRf5WVHHk-cMw,http://www.youtube.com/channel/UCHsRtomD4twRf5WVHHk-cMw,TierZoo
UCHtxInPA-cTGi9XEfVVvwpA,http://www.youtube.com/channel/UCHtxInPA-cTGi9XEfVVvwpA,Vtuber Clips
UCHuiy8bXnmK5nisYHUd1J5g,http://www.youtube.com/channel/UCHuiy8bXnmK5nisYHUd1J5g,NVIDIA
UCHv4SRQIE2AC1I6NR0jnVVA,http://www.youtube.com/channel/UCHv4SRQIE2AC1I6NR0jnVVA,ThatOneTyler
UCHvWg7U8Igl8ICRERgJYLmQ,http://www.youtube.com/channel/UCHvWg7U8Igl8ICRERgJYLmQ,Stuff You Actually Need
UCHw4_ZrSV85--O7XZmmDQjw,http://www.youtube.com/channel/UCHw4_ZrSV85--O7XZmmDQjw,Jess Less
UCHw6-Tni_p2-ExJH6XcN2Rw,http://www.youtube.com/channel/UCHw6-Tni_p2-ExJH6XcN2Rw,infinitesolutions
UCHwpDpLoyJgtFXoAaaSut4Q,http://www.youtube.com/channel/UCHwpDpLoyJgtFXoAaaSut4Q,Lionfield
UCHxGT79pOGFK80IvBJSp-mw,http://www.youtube.com/channel/UCHxGT79pOGFK80IvBJSp-mw,Guruu
UCHy--e2ieRj786WY5rWXOBg,http://www.youtube.com/channel/UCHy--e2ieRj786WY5rWXOBg,Lets Test Laurence
UCHyMNXj5l7eTTQefXzT3MdQ,http://www.youtube.com/channel/UCHyMNXj5l7eTTQefXzT3MdQ,Joe Caine
UCHyptQKq5lxkSHlyOk6bubA,http://www.youtube.com/channel/UCHyptQKq5lxkSHlyOk6bubA,SIRIUS
UCI-08Dwjqods2xFAzFEDtCQ,http://www.youtube.com/channel/UCI-08Dwjqods2xFAzFEDtCQ,Smosh.lover_
UCI-K3cqRc7whDl_DAC_trYw,http://www.youtube.com/channel/UCI-K3cqRc7whDl_DAC_trYw,hwikky
UCI-nzv3L-nGAuO62GGRGKAg,http://www.youtube.com/channel/UCI-nzv3L-nGAuO62GGRGKAg,Water CS2
UCI0ID2m2N-kKswd7x9AeCgw,http://www.youtube.com/channel/UCI0ID2m2N-kKswd7x9AeCgw,Muni Long
UCI0xqzZrJdNlnsmzD_Fliiw,http://www.youtube.com/channel/UCI0xqzZrJdNlnsmzD_Fliiw,Jo Koy
UCI1d2iv6BewGHKNAmZfPVjw,http://www.youtube.com/channel/UCI1d2iv6BewGHKNAmZfPVjw,テラ / TERA
UCI1jpoCHuiHmooTbT26TQ7g,http://www.youtube.com/channel/UCI1jpoCHuiHmooTbT26TQ7g,English Journey
UCI2rf72yXtVFLueOrDIJy8g,http://www.youtube.com/channel/UCI2rf72yXtVFLueOrDIJy8g,Justicul
UCI3-NzrXWEAYrbPX4Uxk8qA,http://www.youtube.com/channel/UCI3-NzrXWEAYrbPX4Uxk8qA,Hannah & Regal
UCI3DTtB-a3fJPjKtQ5kYHfA,http://www.youtube.com/channel/UCI3DTtB-a3fJPjKtQ5kYHfA,Games Done Quick
UCI3yTtc0kShZ-S_Qsd5VTSQ,http://www.youtube.com/channel/UCI3yTtc0kShZ-S_Qsd5VTSQ,prestongoes
UCI4fJYWKcGa8MvnvLw0qysQ,http://www.youtube.com/channel/UCI4fJYWKcGa8MvnvLw0qysQ,WORLD ORDER
UCI4kahy_vOpM6yvykXCcpOA,http://www.youtube.com/channel/UCI4kahy_vOpM6yvykXCcpOA,Brandon Shepherd
UCI500pbAehNhTb3kUdv68pw,http://www.youtube.com/channel/UCI500pbAehNhTb3kUdv68pw,Actions & Stuff
UCI5qWAMf5PHLNcM13R8pfiQ,http://www.youtube.com/channel/UCI5qWAMf5PHLNcM13R8pfiQ,Dolan Darker
UCI6WJaBNpIkRhG1gxKVC9Sg,http://www.youtube.com/channel/UCI6WJaBNpIkRhG1gxKVC9Sg,NIJUUGO*A
UCI6uojLUMMuHqPKUd7SL8Jw,http://www.youtube.com/channel/UCI6uojLUMMuHqPKUd7SL8Jw,ChrisQuitsReality
UCI7a3YdacmYKhnOTDflvdqg,http://www.youtube.com/channel/UCI7a3YdacmYKhnOTDflvdqg,Jon & Kendra
UCIAGThmCk98ZnwS79EUcNjg,http://www.youtube.com/channel/UCIAGThmCk98ZnwS79EUcNjg,AnimeQuota
UCIBJU0VHwZbEFl32GfRgZMQ,http://www.youtube.com/channel/UCIBJU0VHwZbEFl32GfRgZMQ,Del Walker
UCIBwX0d4qyhoSJ2dl8NVczA,http://www.youtube.com/channel/UCIBwX0d4qyhoSJ2dl8NVczA,Smartness
UCICiZl0IRinmgAG3cB3psbQ,http://www.youtube.com/channel/UCICiZl0IRinmgAG3cB3psbQ,Aspecticor
UCIDJH27tBTlA7jjMI5wnibA,http://www.youtube.com/channel/UCIDJH27tBTlA7jjMI5wnibA,FromSergio
UCIDQSqdVuNwtfRMKqfX-o7g,http://www.youtube.com/channel/UCIDQSqdVuNwtfRMKqfX-o7g,Sipover
UCIDT3cj3WcgjFreG9_x-gMg,http://www.youtube.com/channel/UCIDT3cj3WcgjFreG9_x-gMg,Holiblox
UCIECT3oBEgNfjKa8NoDgr8A,http://www.youtube.com/channel/UCIECT3oBEgNfjKa8NoDgr8A,Grow Now! Games
UCIEcomD6jGjTMD4UCIx1dGQ,http://www.youtube.com/channel/UCIEcomD6jGjTMD4UCIx1dGQ,David Rule
UCIEeqidkdryeIOMCW64ukqQ,http://www.youtube.com/channel/UCIEeqidkdryeIOMCW64ukqQ,ressurection coming soon
UCIF0xzv21o6cNQ0UeGFvRIQ,http://www.youtube.com/channel/UCIF0xzv21o6cNQ0UeGFvRIQ,Newbie Indie Game Dev
UCIFL7sEtSMy98uLbSv9ybsg,http://www.youtube.com/channel/UCIFL7sEtSMy98uLbSv9ybsg,Unofficial NL VODs
UCIGIk1wN10aAPHusfE7AEPA,http://www.youtube.com/channel/UCIGIk1wN10aAPHusfE7AEPA,Séan Garnier World freestyle football champion
UCIGcNlKQTDKyL7aZoqbR4bw,http://www.youtube.com/channel/UCIGcNlKQTDKyL7aZoqbR4bw,swiftor
UCIGl_6GmKR7fPRBBDDRcR0Q,http://www.youtube.com/channel/UCIGl_6GmKR7fPRBBDDRcR0Q,Rainimator
UCIGvDR2H_GRMdTfc1P8bTig,http://www.youtube.com/channel/UCIGvDR2H_GRMdTfc1P8bTig,Kharrii
UCII0hP2Ycmhh5j8lS4cexBQ,http://www.youtube.com/channel/UCII0hP2Ycmhh5j8lS4cexBQ,Rooster Teeth Animation
UCIJC0XjREJDO7ZTb9Nx7zfw,http://www.youtube.com/channel/UCIJC0XjREJDO7ZTb9Nx7zfw,Discogs
UCILeen7hCqbM8kEwCWDcZ9Q,http://www.youtube.com/channel/UCILeen7hCqbM8kEwCWDcZ9Q,Frost Ops
UCIMWs9iJ_MB1e_XDiCLldeg,http://www.youtube.com/channel/UCIMWs9iJ_MB1e_XDiCLldeg,hanub
UCINK0NQc18vYefCcZy4GRWA,http://www.youtube.com/channel/UCINK0NQc18vYefCcZy4GRWA,Knarb Makes
UCINb0wqPz-A0dV9nARjJlOQ,http://www.youtube.com/channel/UCINb0wqPz-A0dV9nARjJlOQ,The Dodo
UCIOGCEG14rj9GpIFhszkWoQ,http://www.youtube.com/channel/UCIOGCEG14rj9GpIFhszkWoQ,Edwin Sarkissian
UCIP3QaQuiMDu_zKR-alcMOQ,http://www.youtube.com/channel/UCIP3QaQuiMDu_zKR-alcMOQ,LarpTubers Sing
UCIPPMRA040LQr5QPyJEbmXA,http://www.youtube.com/channel/UCIPPMRA040LQr5QPyJEbmXA,MrBeast Gaming
UCIPT_mWxS6QU6KJxLa_aZTA,http://www.youtube.com/channel/UCIPT_mWxS6QU6KJxLa_aZTA,Places
UCIRAdIK5MBuAyPjLVVAeuIg,http://www.youtube.com/channel/UCIRAdIK5MBuAyPjLVVAeuIg,NewKiddo
UCIUcaFkvBjO-MgNGxubz1mw,http://www.youtube.com/channel/UCIUcaFkvBjO-MgNGxubz1mw,Zibartas
UCIVqvhyo8ttjYOmMJuhq_YQ,http://www.youtube.com/channel/UCIVqvhyo8ttjYOmMJuhq_YQ,RADWIMPS
UCIWEHR8n8GiLMWY8v7IP0Gg,http://www.youtube.com/channel/UCIWEHR8n8GiLMWY8v7IP0Gg,Mikasacus
UCIWRaf6SYL0HLv6E5pdWv_g,http://www.youtube.com/channel/UCIWRaf6SYL0HLv6E5pdWv_g,Joel Sunny
UCIYI7DDUMDgJLODyyjM2SWQ,http://www.youtube.com/channel/UCIYI7DDUMDgJLODyyjM2SWQ,LockDownLife
UCIYfPXTi4hp4RwXDyGzieDg,http://www.youtube.com/channel/UCIYfPXTi4hp4RwXDyGzieDg,ChadMemes69
UCIZq0DxcWbS1MY8QblZa6XQ,http://www.youtube.com/channel/UCIZq0DxcWbS1MY8QblZa6XQ,Cabaret Grand
UCI_EXjUIOC1caoKECKrOT7Q,http://www.youtube.com/channel/UCI_EXjUIOC1caoKECKrOT7Q,Chinese with Jessie
UCI_fpX9w-Wi0jqsyz338SUw,http://www.youtube.com/channel/UCI_fpX9w-Wi0jqsyz338SUw,iSola7ion
UCI_qtvSi11eZWL83QazuyUA,http://www.youtube.com/channel/UCI_qtvSi11eZWL83QazuyUA,How To Guru
UCIabPXjvT5BVTxRDPCBBOOQ,http://www.youtube.com/channel/UCIabPXjvT5BVTxRDPCBBOOQ,Dani
UCIajM7KQQ8wjOJ-aMnFealQ,http://www.youtube.com/channel/UCIajM7KQQ8wjOJ-aMnFealQ,Snooplax
UCIak6JLVOjqhStxrL1Lcytw,http://www.youtube.com/channel/UCIak6JLVOjqhStxrL1Lcytw,Guns N' Roses
UCIbNDrc0mYBd6Jcaho_utgQ,http://www.youtube.com/channel/UCIbNDrc0mYBd6Jcaho_utgQ,The Wilsons
UCIbWY7F7npvG1-KqI047NHQ,http://www.youtube.com/channel/UCIbWY7F7npvG1-KqI047NHQ,Brother Polo
UCIbmZD21ptlnFyFPAk3j5CA,http://www.youtube.com/channel/UCIbmZD21ptlnFyFPAk3j5CA,Fan The Deck
UCIcGc8tDHYZ3vY3NcS8JXaQ,http://www.youtube.com/channel/UCIcGc8tDHYZ3vY3NcS8JXaQ,b2studios
UCIcR5StUvA7_pPHoAFLmZaA,http://www.youtube.com/channel/UCIcR5StUvA7_pPHoAFLmZaA,oddheader
UCIgdnh4Y00-zDFsU0G4016g,http://www.youtube.com/channel/UCIgdnh4Y00-zDFsU0G4016g,The Frame Smith
UCIgp9Z_202rBZ7ztTM63-yw,http://www.youtube.com/channel/UCIgp9Z_202rBZ7ztTM63-yw,CyVoltage
UCIiFcQ3Yo_ApFqZ-SKLFMYQ,http://www.youtube.com/channel/UCIiFcQ3Yo_ApFqZ-SKLFMYQ,James Barnard
UCIiPdOL4bq9HSOZKzrxtWzw,http://www.youtube.com/channel/UCIiPdOL4bq9HSOZKzrxtWzw,Munchkin
UCIio2vjtFenXn7Gc4U2lcNg,http://www.youtube.com/channel/UCIio2vjtFenXn7Gc4U2lcNg,MJWE
UCIiu3VznvR_JL4GLtTVHQgw,http://www.youtube.com/channel/UCIiu3VznvR_JL4GLtTVHQgw,Noah Kane
UCIjAdT-bbVRxewGkkXPFocQ,http://www.youtube.com/channel/UCIjAdT-bbVRxewGkkXPFocQ,Girls Archives.
UCIjUIjWig0r5DIixQrt6A3A,http://www.youtube.com/channel/UCIjUIjWig0r5DIixQrt6A3A,t3ssel8r
UCIjYZWfTnm5O1wHHtCyH2dg,http://www.youtube.com/channel/UCIjYZWfTnm5O1wHHtCyH2dg,xkiki94x
UCIjir7KQe_KjRVCh0mrZlNw,http://www.youtube.com/channel/UCIjir7KQe_KjRVCh0mrZlNw,STATIC
UCIlU5KDHKFSaebYviKfOidw,http://www.youtube.com/channel/UCIlU5KDHKFSaebYviKfOidw,Newsthink
UCIlr7gYkjlC8UbINlq0vpng,http://www.youtube.com/channel/UCIlr7gYkjlC8UbINlq0vpng,Andy Morris
UCIlwIUzgQz7wEJAXwZf73lg,http://www.youtube.com/channel/UCIlwIUzgQz7wEJAXwZf73lg,Landfall
UCIm1gcT-tA9epF9kBK0QfdA,http://www.youtube.com/channel/UCIm1gcT-tA9epF9kBK0QfdA,Ezzy React
UCImBPn6NjKInP56G4Gu1ukA,http://www.youtube.com/channel/UCImBPn6NjKInP56G4Gu1ukA,Dirt Rod
UCImGV6dGTY9F0SwY6qwVWjg,http://www.youtube.com/channel/UCImGV6dGTY9F0SwY6qwVWjg,Kosmic
UCImNlosEljXafiqau_SjcoQ,http://www.youtube.com/channel/UCImNlosEljXafiqau_SjcoQ,PitFall
UCIme5MLt0mM4t-54tOwyXkQ,http://www.youtube.com/channel/UCIme5MLt0mM4t-54tOwyXkQ,David Johnson
UCIn1EsSr4rgSznqrKtteQgA,http://www.youtube.com/channel/UCIn1EsSr4rgSznqrKtteQgA,TheAnimeMen
UCInlt29Pfx8-QuPIctNlyyQ,http://www.youtube.com/channel/UCInlt29Pfx8-QuPIctNlyyQ,Charlie 
UCIoDNWuAq3wPv11BXbr5xMg,http://www.youtube.com/channel/UCIoDNWuAq3wPv11BXbr5xMg,SkyCorp Home Video
UCIpWkWwHYbZEEgW4TAzVGKg,http://www.youtube.com/channel/UCIpWkWwHYbZEEgW4TAzVGKg,Elegant Horse Studios
UCIpzK37_fLyOR2hsmct0MjQ,http://www.youtube.com/channel/UCIpzK37_fLyOR2hsmct0MjQ,Mentality Madness
UCIqEGGObYp4PmkmKSXdDSfg,http://www.youtube.com/channel/UCIqEGGObYp4PmkmKSXdDSfg,Jerry’s Takes Plus
UCIqQa0Kkv7ZhvTFpRu5bw_g,http://www.youtube.com/channel/UCIqQa0Kkv7ZhvTFpRu5bw_g,TØXIC Animations
UCIsbLox_y9dCIMLd8tdC6qg,http://www.youtube.com/channel/UCIsbLox_y9dCIMLd8tdC6qg,Vanity Fair
UCIuzcm6gNjTySgvEd2fS_Vw,http://www.youtube.com/channel/UCIuzcm6gNjTySgvEd2fS_Vw,turtles23
UCIvCdtlI9a-Ahk6Pl4MMHeA,http://www.youtube.com/channel/UCIvCdtlI9a-Ahk6Pl4MMHeA,Crazy Takes
UCIvSPEgORqnXmcwJ8mTt2dA,http://www.youtube.com/channel/UCIvSPEgORqnXmcwJ8mTt2dA,Celyn Haf
UCIvbV-a0t2tU6LsKSZz7r-w,http://www.youtube.com/channel/UCIvbV-a0t2tU6LsKSZz7r-w,Sacred
UCIw4ioKLP_tg_4QLrVO97qw,http://www.youtube.com/channel/UCIw4ioKLP_tg_4QLrVO97qw,F1nn5terLIVE
UCIxLxlan8q9WA7sjuq6LdTQ,http://www.youtube.com/channel/UCIxLxlan8q9WA7sjuq6LdTQ,Hayls World
UCIy-a0UH1iKTS5wBdwVkTXw,http://www.youtube.com/channel/UCIy-a0UH1iKTS5wBdwVkTXw,Vokuro
UCIy8QgsVS2QHrYBwEOOtArQ,http://www.youtube.com/channel/UCIy8QgsVS2QHrYBwEOOtArQ,Explore With Jeven Dovey
UCIySeFc0rD9_WK5CRCuB_oA,http://www.youtube.com/channel/UCIySeFc0rD9_WK5CRCuB_oA,The Golden Bolt
UCIyZiiHXIH7KkqfaDvBmG-Q,http://www.youtube.com/channel/UCIyZiiHXIH7KkqfaDvBmG-Q,EZScape
UCIyiYafu01VolDwZVBRQlAA,http://www.youtube.com/channel/UCIyiYafu01VolDwZVBRQlAA,Minibrick
UCIzGv8Jk0j3AcNDgOoc8bjw,http://www.youtube.com/channel/UCIzGv8Jk0j3AcNDgOoc8bjw,Ina Yu
UCIz_qVi34hwkduq-Pyy0_MQ,http://www.youtube.com/channel/UCIz_qVi34hwkduq-Pyy0_MQ,Brickford
UCIzgH6rujNw1F6YyECfKrjQ,http://www.youtube.com/channel/UCIzgH6rujNw1F6YyECfKrjQ,Layzzz
UCJ-A-ZKu5DMQARZabqIZJiQ,http://www.youtube.com/channel/UCJ-A-ZKu5DMQARZabqIZJiQ,Stapleview
UCJ-LunB8gABk22qZCmsCN7w,http://www.youtube.com/channel/UCJ-LunB8gABk22qZCmsCN7w,Minnesota Airsoft
UCJ-XlEIQOvqnDlkN4WkzJAw,http://www.youtube.com/channel/UCJ-XlEIQOvqnDlkN4WkzJAw,SkyFall
UCJ-pIR_9fKsS-qKuiJLHj2Q,http://www.youtube.com/channel/UCJ-pIR_9fKsS-qKuiJLHj2Q,HmmYesVery
UCJ0-OtVpF0wOKEqT2Z1HEtA,http://www.youtube.com/channel/UCJ0-OtVpF0wOKEqT2Z1HEtA,ElectroBOOM
UCJ0JF0rs4LggMtKfMDhakFg,http://www.youtube.com/channel/UCJ0JF0rs4LggMtKfMDhakFg,Kynthos
UCJ0KNAe12aaSSzE6_0puXGA,http://www.youtube.com/channel/UCJ0KNAe12aaSSzE6_0puXGA,Team FOLON
UCJ0kahbGTnqv1qUFi8jGumw,http://www.youtube.com/channel/UCJ0kahbGTnqv1qUFi8jGumw,BC Productions
UCJ0uqCI0Vqr2Rrt1HseGirg,http://www.youtube.com/channel/UCJ0uqCI0Vqr2Rrt1HseGirg,The Late Late Show with James Corden
UCJ1qjVgb5E72QOSgVmRP1og,http://www.youtube.com/channel/UCJ1qjVgb5E72QOSgVmRP1og,Gabbsby
UCJ2GvhrAJ2GQVPZ0auza4vw,http://www.youtube.com/channel/UCJ2GvhrAJ2GQVPZ0auza4vw,The B3
UCJ2ZDzMRgSrxmwphstrm8Ww,http://www.youtube.com/channel/UCJ2ZDzMRgSrxmwphstrm8Ww,Smosh Games
UCJ30MSFqkPl4QvCrURg8EHw,http://www.youtube.com/channel/UCJ30MSFqkPl4QvCrURg8EHw,2000McNuggets
UCJ4QcHWn8VAndXkjT3OAAfQ,http://www.youtube.com/channel/UCJ4QcHWn8VAndXkjT3OAAfQ,Frog Vibes
UCJ6HGCXqOg_l2CIvFnIlzjA,http://www.youtube.com/channel/UCJ6HGCXqOg_l2CIvFnIlzjA,CharlieBarley
UCJ6KZTTnkE-s2XFJJmoTAkw,http://www.youtube.com/channel/UCJ6KZTTnkE-s2XFJJmoTAkw,Accursed Farms
UCJ6_MfZdW5nuWyQHblEXj-g,http://www.youtube.com/channel/UCJ6_MfZdW5nuWyQHblEXj-g,Cedrus Builds
UCJ6nMHaJPZvsJ-HmUmj1SeA,http://www.youtube.com/channel/UCJ6nMHaJPZvsJ-HmUmj1SeA,Lionsgate Movies
UCJ7C1MmBG-COOhxz2B9nXtQ,http://www.youtube.com/channel/UCJ7C1MmBG-COOhxz2B9nXtQ,AIDailyShift
UCJ7ikgcuqbBQ-mfO4BIgReA,http://www.youtube.com/channel/UCJ7ikgcuqbBQ-mfO4BIgReA,EzPz
UCJ8zVLSfxczG8en_lVXzElg,http://www.youtube.com/channel/UCJ8zVLSfxczG8en_lVXzElg,thestarfishy
UCJ9UfLyoLSREW_4Nnv9fs6A,http://www.youtube.com/channel/UCJ9UfLyoLSREW_4Nnv9fs6A,EngineeringFun
UCJ9sur7y0ZGAu15Oe8qV8PA,http://www.youtube.com/channel/UCJ9sur7y0ZGAu15Oe8qV8PA,ian zhang
UCJAh9Zc2fWF-N1b1CmpjQXA,http://www.youtube.com/channel/UCJAh9Zc2fWF-N1b1CmpjQXA,From Tora
UCJB0-F02N-mL3G-FrQfb4CQ,http://www.youtube.com/channel/UCJB0-F02N-mL3G-FrQfb4CQ,InstrumentManiac
UCJBwNlcld62e9K5s5dqNInQ,http://www.youtube.com/channel/UCJBwNlcld62e9K5s5dqNInQ,RGC Exists
UCJDGrRplcfRlsNSjF2l2ViA,http://www.youtube.com/channel/UCJDGrRplcfRlsNSjF2l2ViA,Swordking090
UCJDIGW0ywWw9Kh9_vtwqxXA,http://www.youtube.com/channel/UCJDIGW0ywWw9Kh9_vtwqxXA,William Spaniel
UCJEGMEX_fDbkyQi73VoUz8A,http://www.youtube.com/channel/UCJEGMEX_fDbkyQi73VoUz8A,Hakoubi
UCJEKhB4zRTBthjqfccVbEDw,http://www.youtube.com/channel/UCJEKhB4zRTBthjqfccVbEDw,Yuvivi Music
UCJFGFsECyWh0iHRVW2QQSkA,http://www.youtube.com/channel/UCJFGFsECyWh0iHRVW2QQSkA,cookingWITHfred
UCJFkvWedyRV4-t2E5OJ7Kcw,http://www.youtube.com/channel/UCJFkvWedyRV4-t2E5OJ7Kcw,modlessflash
UCJGgP4txIUr_7JTDvOGVQrA,http://www.youtube.com/channel/UCJGgP4txIUr_7JTDvOGVQrA,Ted Nivison
UCJHJBWNtaO2r77YEk-mhBCQ,http://www.youtube.com/channel/UCJHJBWNtaO2r77YEk-mhBCQ,Nate From the Internet
UCJHU9MzjBBacNG-E1zM4feA,http://www.youtube.com/channel/UCJHU9MzjBBacNG-E1zM4feA,DurtaeeGaming
UCJItVsRQFszkgqcv0zxZsPg,http://www.youtube.com/channel/UCJItVsRQFszkgqcv0zxZsPg,PeepIsAwesome
UCJJap_3RGZ2UxqLTLz0K39g,http://www.youtube.com/channel/UCJJap_3RGZ2UxqLTLz0K39g,Sony Pictures Releasing UK
UCJLMgbkFVh-uv6vasvoUfFw,http://www.youtube.com/channel/UCJLMgbkFVh-uv6vasvoUfFw,Frank Niu
UCJLZe_NoiG0hT7QCX_9vmqw,http://www.youtube.com/channel/UCJLZe_NoiG0hT7QCX_9vmqw,I did a thing
UCJLiLff4-TOFD-RR4-Ue_dA,http://www.youtube.com/channel/UCJLiLff4-TOFD-RR4-Ue_dA,FairyPrincessLucy
UCJMuGLys8MyLRpHmNoRZLCw,http://www.youtube.com/channel/UCJMuGLys8MyLRpHmNoRZLCw,kiddest rohan
UCJN8qUaNK6M6WG-Kz5SjI9A,http://www.youtube.com/channel/UCJN8qUaNK6M6WG-Kz5SjI9A,The Johnson Brothers
UCJNTU296O13Xy4ovLSNVACw,http://www.youtube.com/channel/UCJNTU296O13Xy4ovLSNVACw,Astraios
UCJO31lXn1Uo924ha6nO8XlA,http://www.youtube.com/channel/UCJO31lXn1Uo924ha6nO8XlA,Dolan Darkest
UCJOh5FKisc0hUlEeWFBlD-w,http://www.youtube.com/channel/UCJOh5FKisc0hUlEeWFBlD-w,jan Misali
UCJPJY80HRBNJwK_DGAxEyGw,http://www.youtube.com/channel/UCJPJY80HRBNJwK_DGAxEyGw,Atoga
UCJQSy6oyrMiPZ-dp0EOSf7A,http://www.youtube.com/channel/UCJQSy6oyrMiPZ-dp0EOSf7A,Aru Reviews
UCJV1EC8Mf87PpQYo9eUfd3Q,http://www.youtube.com/channel/UCJV1EC8Mf87PpQYo9eUfd3Q,Paul Whitewick
UCJVU1UGN-YtwnAartLDdpIw,http://www.youtube.com/channel/UCJVU1UGN-YtwnAartLDdpIw,Nonstop
UCJVXj8BvHykEklEeKjFwaXQ,http://www.youtube.com/channel/UCJVXj8BvHykEklEeKjFwaXQ,Micro
UCJVnko6tQ56PYB5BNNChPGg,http://www.youtube.com/channel/UCJVnko6tQ56PYB5BNNChPGg,ibx2cat
UCJVxF7nrRZS_cdc-pHhgSOQ,http://www.youtube.com/channel/UCJVxF7nrRZS_cdc-pHhgSOQ,SHADE .
UCJW0LKesaIjIM_7GC3wxjZg,http://www.youtube.com/channel/UCJW0LKesaIjIM_7GC3wxjZg,Evan Zhou
UCJWdIshy58RFXq9kpm_wCLg,http://www.youtube.com/channel/UCJWdIshy58RFXq9kpm_wCLg,Cutshort
UCJXStYs9HacwzyFUOEtRxbw,http://www.youtube.com/channel/UCJXStYs9HacwzyFUOEtRxbw,CheaterBuster
UCJXa3_WNNmIpewOtCHf3B0g,http://www.youtube.com/channel/UCJXa3_WNNmIpewOtCHf3B0g,LaurieWired
UCJXrkhzPWmj3spakQKvYAiw,http://www.youtube.com/channel/UCJXrkhzPWmj3spakQKvYAiw,THE LINE
UCJY99Kt7cpA1XlPhaonGtvQ,http://www.youtube.com/channel/UCJY99Kt7cpA1XlPhaonGtvQ,Jesus Christ
UCJYJgj7rzsn0vdR7fkgjuIA,http://www.youtube.com/channel/UCJYJgj7rzsn0vdR7fkgjuIA,styropyro
UCJYhVWm6jTxwdcwUPXxBOlA,http://www.youtube.com/channel/UCJYhVWm6jTxwdcwUPXxBOlA,Theorymus
UCJZ0pbf29b2nrLde-a-LuDQ,http://www.youtube.com/channel/UCJZ0pbf29b2nrLde-a-LuDQ,Streetcraft
UCJZQpP2KsrF4yAwY8foE3ng,http://www.youtube.com/channel/UCJZQpP2KsrF4yAwY8foE3ng,Blur
UCJZj3q_2pHasvlILdU1huHA,http://www.youtube.com/channel/UCJZj3q_2pHasvlILdU1huHA,MR. ILLUSTRATED
UCJZtxZyMmB0E919ZhkAKW8A,http://www.youtube.com/channel/UCJZtxZyMmB0E919ZhkAKW8A,HintShot
UCJ_2hNMxOzNjviJBiLWHMqg,http://www.youtube.com/channel/UCJ_2hNMxOzNjviJBiLWHMqg,DamiLee
UCJ_U_N4ehqEW-s3BTtj3Taw,http://www.youtube.com/channel/UCJ_U_N4ehqEW-s3BTtj3Taw,Arcade Cafe
UCJ_jwWjf8u5mdtac71Be8QA,http://www.youtube.com/channel/UCJ_jwWjf8u5mdtac71Be8QA,Hildegard von Blingin'
UCJa14zeVf8p6clixTOIOVyQ,http://www.youtube.com/channel/UCJa14zeVf8p6clixTOIOVyQ,jakkuh
UCJbg_yirB5vm9VKn5yLGCKw,http://www.youtube.com/channel/UCJbg_yirB5vm9VKn5yLGCKw,Andymation
UCJcIzM2G2MzbiF3JfADIj5Q,http://www.youtube.com/channel/UCJcIzM2G2MzbiF3JfADIj5Q,Midlife Crisis
UCJdxdc4MqvZRD9oFYoCl7wQ,http://www.youtube.com/channel/UCJdxdc4MqvZRD9oFYoCl7wQ,Tom Simons
UCJeFpHh_GaNzEGvneb3XNkQ,http://www.youtube.com/channel/UCJeFpHh_GaNzEGvneb3XNkQ,ProtoOfSnagem
UCJeVsqNr9kWzeqeV_8qPL2w,http://www.youtube.com/channel/UCJeVsqNr9kWzeqeV_8qPL2w,Wazzy
UCJf75w2HR16-MrqcG3xdHyQ,http://www.youtube.com/channel/UCJf75w2HR16-MrqcG3xdHyQ,Echo Of Truth
UCJfJWct8jN1RpCuVWk3zHTA,http://www.youtube.com/channel/UCJfJWct8jN1RpCuVWk3zHTA,Daryl Talks Games
UCJhTTqtsvThK99_IbNDtwSw,http://www.youtube.com/channel/UCJhTTqtsvThK99_IbNDtwSw,FundyLIVE
UCJiFgnnYpwlnadzTzhMnX_Q,http://www.youtube.com/channel/UCJiFgnnYpwlnadzTzhMnX_Q,TheMisterEpic
UCJiM3x8i42N1xDxqikJ0fwA,http://www.youtube.com/channel/UCJiM3x8i42N1xDxqikJ0fwA,Just a Spy
UCJjSDX-jUChzOEyok9XYRJQ,http://www.youtube.com/channel/UCJjSDX-jUChzOEyok9XYRJQ,Jubilee
UCJjjxrjyjMMKFzq23xsaK-Q,http://www.youtube.com/channel/UCJjjxrjyjMMKFzq23xsaK-Q,"CSAA Insurance Group, a AAA Insurer"
UCJjyTjG42ws8jsxNn6dm16w,http://www.youtube.com/channel/UCJjyTjG42ws8jsxNn6dm16w,Alphaweb
UCJk3wsIuHRzCTdKUZykIK8A,http://www.youtube.com/channel/UCJk3wsIuHRzCTdKUZykIK8A,Layah Heilpern
UCJke1NMLwxaEUQ5h_0dP8rQ,http://www.youtube.com/channel/UCJke1NMLwxaEUQ5h_0dP8rQ,Randoman
UCJl0X8q94xURNcjIIlzSvMg,http://www.youtube.com/channel/UCJl0X8q94xURNcjIIlzSvMg,Kudda
UCJlFR2FBCJbcomrA37sd2YA,http://www.youtube.com/channel/UCJlFR2FBCJbcomrA37sd2YA,mjhanks
UCJlzBu5zlUrI5SxFa337XWw,http://www.youtube.com/channel/UCJlzBu5zlUrI5SxFa337XWw,camman18 LIVE
UCJm2TgUqtK1_NLBrjNQ1P-w,http://www.youtube.com/channel/UCJm2TgUqtK1_NLBrjNQ1P-w,Second Thought
UCJm8Zrooq9qsgefMlVRtzRg,http://www.youtube.com/channel/UCJm8Zrooq9qsgefMlVRtzRg,DistantKingdom
UCJnM6Tt64dSBcQ8d3rZjJTg,http://www.youtube.com/channel/UCJnM6Tt64dSBcQ8d3rZjJTg,Hard Drive Mag
UCJnOqGEBCqKw-IDbbTSrMNw,http://www.youtube.com/channel/UCJnOqGEBCqKw-IDbbTSrMNw,Calobi Productions
UCJnQ-tksWyfY7MoMFHmiDug,http://www.youtube.com/channel/UCJnQ-tksWyfY7MoMFHmiDug,The Daily Zentreya
UCJor4y7rj80m_LoLVR1Sueg,http://www.youtube.com/channel/UCJor4y7rj80m_LoLVR1Sueg,Ajackster
UCJpPsisHCCMHxEHZz8pcpXg,http://www.youtube.com/channel/UCJpPsisHCCMHxEHZz8pcpXg,Supreme Value
UCJqHlpOyD3mQZpET_4PPpGQ,http://www.youtube.com/channel/UCJqHlpOyD3mQZpET_4PPpGQ,Blg425
UCJqHzQQ2871t4sNBKUWh9nw,http://www.youtube.com/channel/UCJqHzQQ2871t4sNBKUWh9nw,Pygmalion
UCJqJkskGqj3zUJt1ClCn2zQ,http://www.youtube.com/channel/UCJqJkskGqj3zUJt1ClCn2zQ,Scooby Snacc
UCJqLWTqtq9aE16OPe6rBnaA,http://www.youtube.com/channel/UCJqLWTqtq9aE16OPe6rBnaA,Gratis
UCJrOtniJ0-NWz37R30urifQ,http://www.youtube.com/channel/UCJrOtniJ0-NWz37R30urifQ,Alan Walker
UCJrpV9wPcKyoSjZ1p-tkaCw,http://www.youtube.com/channel/UCJrpV9wPcKyoSjZ1p-tkaCw,はっかく - hakkaku
UCJrpmsZ9PZ-EFa_c63YfQaQ,http://www.youtube.com/channel/UCJrpmsZ9PZ-EFa_c63YfQaQ,aconofficial
UCJsUvAqDzczYv2UpFmu4PcA,http://www.youtube.com/channel/UCJsUvAqDzczYv2UpFmu4PcA,Nas Daily
UCJswRv22oiUgmT1FuFeUekw,http://www.youtube.com/channel/UCJswRv22oiUgmT1FuFeUekw,I am MoBo
UCJsy87hEfsSaAG9LDFoKOmg,http://www.youtube.com/channel/UCJsy87hEfsSaAG9LDFoKOmg,Arts and Dreams
UCJt3R5PMPmQhWuPeRrRBX9w,http://www.youtube.com/channel/UCJt3R5PMPmQhWuPeRrRBX9w,BayStateHistory
UCJtvg6ZFwzdFdtcHBqetvwg,http://www.youtube.com/channel/UCJtvg6ZFwzdFdtcHBqetvwg,Frank Sinatra
UCJuvv_prm0heVBC7xEy5izw,http://www.youtube.com/channel/UCJuvv_prm0heVBC7xEy5izw,Samuel Heinrich
UCJvBXBYPWE1aIlrM0r1Ilhw,http://www.youtube.com/channel/UCJvBXBYPWE1aIlrM0r1Ilhw,Greenskull AI
UCJvHPFCABk-MPEgp4ZkNnAQ,http://www.youtube.com/channel/UCJvHPFCABk-MPEgp4ZkNnAQ,ActuallyVen
UCJvcWOTistqk7sWzzxWSy2A,http://www.youtube.com/channel/UCJvcWOTistqk7sWzzxWSy2A,LionBricks
UCJwGWV914kBlV4dKRn7AEFA,http://www.youtube.com/channel/UCJwGWV914kBlV4dKRn7AEFA,Hatsune Miku
UCJx-_oz5OvC7uQWhad2wODg,http://www.youtube.com/channel/UCJx-_oz5OvC7uQWhad2wODg,Jarek4
UCJx5KP-pCUmL9eZUv-mIcNw,http://www.youtube.com/channel/UCJx5KP-pCUmL9eZUv-mIcNw,GameTrailers
UCJxdHNImzpfk2AXxVMI1ZHg,http://www.youtube.com/channel/UCJxdHNImzpfk2AXxVMI1ZHg,lukegerr
UCJyV7YEJlNU4921lzK645rg,http://www.youtube.com/channel/UCJyV7YEJlNU4921lzK645rg,waneella
UCJylGQ0bMCM1nhdRGZsZDgw,http://www.youtube.com/channel/UCJylGQ0bMCM1nhdRGZsZDgw,NotVeryAndy
UCJypXWkKkJZOhUnkkboSjVA,http://www.youtube.com/channel/UCJypXWkKkJZOhUnkkboSjVA,h.hue
UCK2-BDVp6_Y8eGM02yM0b6A,http://www.youtube.com/channel/UCK2-BDVp6_Y8eGM02yM0b6A,Crank Lucas
UCK376qNDlNZZDNHsnaWuTeg,http://www.youtube.com/channel/UCK376qNDlNZZDNHsnaWuTeg,AntVenom
UCK3eoeo-HGHH11Pevo1MzfQ,http://www.youtube.com/channel/UCK3eoeo-HGHH11Pevo1MzfQ,Blitz
UCK4qB18nDgz17UZZV8wonBw,http://www.youtube.com/channel/UCK4qB18nDgz17UZZV8wonBw,Framed Pictures
UCK4vkBdxcbBo4dFjN46J4hg,http://www.youtube.com/channel/UCK4vkBdxcbBo4dFjN46J4hg,Zesty Jesus
UCK5qYUaM9QYabDHQv7jIiLQ,http://www.youtube.com/channel/UCK5qYUaM9QYabDHQv7jIiLQ,Just_RipChord
UCK6hhqTTTHWoub9SStsdFYg,http://www.youtube.com/channel/UCK6hhqTTTHWoub9SStsdFYg,Layers of Dylan
UCK70H_67YRgeA513ZHA2TIg,http://www.youtube.com/channel/UCK70H_67YRgeA513ZHA2TIg,JaDropping Science
UCK7tptUDHh-RYDsdxO1-5QQ,http://www.youtube.com/channel/UCK7tptUDHh-RYDsdxO1-5QQ,The Wall Street Journal
UCK8sQmJBp8GCxrOtXWBpyEA,http://www.youtube.com/channel/UCK8sQmJBp8GCxrOtXWBpyEA,Google
UCKADMlbPeJqyhLzZaftvl6w,http://www.youtube.com/channel/UCKADMlbPeJqyhLzZaftvl6w,schark27
UCKB96A7eayr1L5hg60qcgLw,http://www.youtube.com/channel/UCKB96A7eayr1L5hg60qcgLw,The Basement
UCKBCsmU53MBzCm_wNZY7hLA,http://www.youtube.com/channel/UCKBCsmU53MBzCm_wNZY7hLA,TDT
UCKBglnzX51P42TFA03wmLWg,http://www.youtube.com/channel/UCKBglnzX51P42TFA03wmLWg,Katranji & Nemeth DDS
UCKF5151a6yAooOILrYTvfJg,http://www.youtube.com/channel/UCKF5151a6yAooOILrYTvfJg,Taki Udon
UCKFF8kqywNslDmP1RQvL_tw,http://www.youtube.com/channel/UCKFF8kqywNslDmP1RQvL_tw,Choco Lanai
UCKFaMBPEhRgCE7EZisyRc-Q,http://www.youtube.com/channel/UCKFaMBPEhRgCE7EZisyRc-Q,David King
UCKGD-OQIHWoE0tnPHWGEadg,http://www.youtube.com/channel/UCKGD-OQIHWoE0tnPHWGEadg,PrimateSheep
UCKGDI5zc2wxIinJ-GS8v1_w,http://www.youtube.com/channel/UCKGDI5zc2wxIinJ-GS8v1_w,CaragBTW
UCKGMHVipEvuZudhHD05FOYA,http://www.youtube.com/channel/UCKGMHVipEvuZudhHD05FOYA,Simplicissimus
UCKGiWHAbNqbr5rTISCXEFaA,http://www.youtube.com/channel/UCKGiWHAbNqbr5rTISCXEFaA,Engween
UCKH3nSb0WtEvz6FEuOPqZXw,http://www.youtube.com/channel/UCKH3nSb0WtEvz6FEuOPqZXw,KrisFreeman
UCKIDvfZD1ZhY4_hhbotf7wA,http://www.youtube.com/channel/UCKIDvfZD1ZhY4_hhbotf7wA,Godot Engine
UCKITqkzJUzMapMMnVW3WXgg,http://www.youtube.com/channel/UCKITqkzJUzMapMMnVW3WXgg,Esquad Productions
UCKId6RnTJAV26cTLaHSVRaw,http://www.youtube.com/channel/UCKId6RnTJAV26cTLaHSVRaw,Caught on Tape
UCKJg5mkBn18dtRFWUy_v1mw,http://www.youtube.com/channel/UCKJg5mkBn18dtRFWUy_v1mw,Daniel Caesar
UCKJhXUDjNLFqgHZN-JybY4A,http://www.youtube.com/channel/UCKJhXUDjNLFqgHZN-JybY4A,Slåttergubben 
UCKKKYE55BVswHgKihx5YXew,http://www.youtube.com/channel/UCKKKYE55BVswHgKihx5YXew,Porter Robinson
UCKKXBbKDDk7b4VhD6SKmTUw,http://www.youtube.com/channel/UCKKXBbKDDk7b4VhD6SKmTUw,SKY
UCKKf2Tvw0Xqz6RfzTI2dTpQ,http://www.youtube.com/channel/UCKKf2Tvw0Xqz6RfzTI2dTpQ,Lyanna Kea
UCKKulaP5iONYDplhcneCX_w,http://www.youtube.com/channel/UCKKulaP5iONYDplhcneCX_w,Income Infinity
UCKMOPIcOjbNbhUgJyvHc5DQ,http://www.youtube.com/channel/UCKMOPIcOjbNbhUgJyvHc5DQ,The Commands Man
UCKNjrUadSHvb66MDWDHYAjw,http://www.youtube.com/channel/UCKNjrUadSHvb66MDWDHYAjw,RyanMC
UCKNmTQLBSTWetB7pMyvQaNQ,http://www.youtube.com/channel/UCKNmTQLBSTWetB7pMyvQaNQ,Evil Pinely 
UCKOC97dViudby0DiPnbOQLw,http://www.youtube.com/channel/UCKOC97dViudby0DiPnbOQLw,mys2cat
UCKOvOaJv4GK-oDqx-sj7VVg,http://www.youtube.com/channel/UCKOvOaJv4GK-oDqx-sj7VVg,Chubbyemu
UCKPL1uGA_mvbCHJrP_vpGpw,http://www.youtube.com/channel/UCKPL1uGA_mvbCHJrP_vpGpw,Aydin_makes_things
UCKPbdP7hWp7qzB5shHxJdqg,http://www.youtube.com/channel/UCKPbdP7hWp7qzB5shHxJdqg,baby hecker
UCKQ-wPmXFMgbBz1aVecz2og,http://www.youtube.com/channel/UCKQ-wPmXFMgbBz1aVecz2og,Rick 
UCKRmEkR4sHSYBI-A18GWHTA,http://www.youtube.com/channel/UCKRmEkR4sHSYBI-A18GWHTA,DR MAOMMAIZEINNG
UCKRzGWNq-FPWWXvbpUuzXBg,http://www.youtube.com/channel/UCKRzGWNq-FPWWXvbpUuzXBg,Myosotis V. Clover
UCKSIZmKOOewjkbCjOz70vOQ,http://www.youtube.com/channel/UCKSIZmKOOewjkbCjOz70vOQ,Yukiko
UCKSVUHI9rbbkXhvAXK-2uxA,http://www.youtube.com/channel/UCKSVUHI9rbbkXhvAXK-2uxA,Supercar Blondie
UCKSbq7Xq8UWeWx4lv7MdG2A,http://www.youtube.com/channel/UCKSbq7Xq8UWeWx4lv7MdG2A,BadGameDev
UCKSxNv7X_ewMbXgs134rCJA,http://www.youtube.com/channel/UCKSxNv7X_ewMbXgs134rCJA,Who Wants To Be A Millionaire?
UCKU7oz0NZLOml3dzGOjPfXg,http://www.youtube.com/channel/UCKU7oz0NZLOml3dzGOjPfXg,Ben Makes Everything
UCKUnB5P0cdfnufPCKkGecqQ,http://www.youtube.com/channel/UCKUnB5P0cdfnufPCKkGecqQ,ParashockX
UCKVSCGrSf8ihBvXmjEZVzoA,http://www.youtube.com/channel/UCKVSCGrSf8ihBvXmjEZVzoA,GoldBox
UCKWYPid3U8jJ2JD0lOtkCzQ,http://www.youtube.com/channel/UCKWYPid3U8jJ2JD0lOtkCzQ,HeyPalski
UCKWagcq_gZ8Ox9f2jlQ4_HA,http://www.youtube.com/channel/UCKWagcq_gZ8Ox9f2jlQ4_HA,Movie Evolutions
UCKX-Widxmokt8VyIblzdN3w,http://www.youtube.com/channel/UCKX-Widxmokt8VyIblzdN3w,Monster Maze
UCKXVMgnF-u3_TCKIfL_fNvQ,http://www.youtube.com/channel/UCKXVMgnF-u3_TCKIfL_fNvQ,Supercarab 
UCKYAF49Fs8VLwhHWYTE9KyQ,http://www.youtube.com/channel/UCKYAF49Fs8VLwhHWYTE9KyQ,Inzomnia
UCKZ4RXNcv0Vn4MoYjAGpa8A,http://www.youtube.com/channel/UCKZ4RXNcv0Vn4MoYjAGpa8A,Santi Can't
UCKZue4bYHQ1X46WMcZTPfXA,http://www.youtube.com/channel/UCKZue4bYHQ1X46WMcZTPfXA,choopo
UCK_8UoKJNYcQE9OdW5v-Ueg,http://www.youtube.com/channel/UCK_8UoKJNYcQE9OdW5v-Ueg,Daniel Thrasher Plus
UCK_Wyeecgdb8xWuOcJchE_A,http://www.youtube.com/channel/UCK_Wyeecgdb8xWuOcJchE_A,PJ technical Gamer
UCK_nHZxJACgT-HvA_0MX5xg,http://www.youtube.com/channel/UCK_nHZxJACgT-HvA_0MX5xg,Baconnwaffles0
UCKaN3mt53ATqRjzalb2ALFQ,http://www.youtube.com/channel/UCKaN3mt53ATqRjzalb2ALFQ,Trash Taste After Dark
UCKaWD4ZM7ixlot6ysBVKP_g,http://www.youtube.com/channel/UCKaWD4ZM7ixlot6ysBVKP_g,Justice Buys
UCKaZS1SnhKbN4JuuBrmFwKQ,http://www.youtube.com/channel/UCKaZS1SnhKbN4JuuBrmFwKQ,Bryce Kurashige
UCKcqW93Ta2yAWtSN3JSf17Q,http://www.youtube.com/channel/UCKcqW93Ta2yAWtSN3JSf17Q,Jack Cai
UCKe604U4n_ZZnyFiqao46Xw,http://www.youtube.com/channel/UCKe604U4n_ZZnyFiqao46Xw,PenPlays
UCKeHU0eCkf17RdeCHB45JMw,http://www.youtube.com/channel/UCKeHU0eCkf17RdeCHB45JMw,Ryan Hale Shorts
UCKeTCCYBg0CFrFHm2nxx_rQ,http://www.youtube.com/channel/UCKeTCCYBg0CFrFHm2nxx_rQ,Japhy Riddle
UCKfqgNMgSPy1F4sUcpe56-g,http://www.youtube.com/channel/UCKfqgNMgSPy1F4sUcpe56-g,STAY WISE
UCKi1b5ZE-atgJCHEwibT00Q,http://www.youtube.com/channel/UCKi1b5ZE-atgJCHEwibT00Q,Crazy Squad Reactions
UCKj6BxXKPa35o3CqhjSXkJw,http://www.youtube.com/channel/UCKj6BxXKPa35o3CqhjSXkJw,Satumi The Neet
UCKjU3KzdbJE1EFcHVqXC3_g,http://www.youtube.com/channel/UCKjU3KzdbJE1EFcHVqXC3_g,CBC News: The National
UCKk076mm-7JjLxJcFSXIPJA,http://www.youtube.com/channel/UCKk076mm-7JjLxJcFSXIPJA,outsidexbox
UCKlXleL5uZDJstnRaT-OYew,http://www.youtube.com/channel/UCKlXleL5uZDJstnRaT-OYew,JB
UCKlhpmbHGxBE6uw9B_uLeqQ,http://www.youtube.com/channel/UCKlhpmbHGxBE6uw9B_uLeqQ,Sky Does Everything
UCKmmERguliWTynG9OIoDhDw,http://www.youtube.com/channel/UCKmmERguliWTynG9OIoDhDw,Law By Mike
UCKo4ahOEp2Eu0CpXxFCFwOg,http://www.youtube.com/channel/UCKo4ahOEp2Eu0CpXxFCFwOg,Magentium
UCKo61AAaRD00ibCWJZ321MQ,http://www.youtube.com/channel/UCKo61AAaRD00ibCWJZ321MQ,SoKrispyMedia
UCKp9xVIZcNjX6NslG-exoHw,http://www.youtube.com/channel/UCKp9xVIZcNjX6NslG-exoHw,LaurenTheorist
UCKq3tXnvXnA0feJYmOx9MPw,http://www.youtube.com/channel/UCKq3tXnvXnA0feJYmOx9MPw,The Wildlife Homestead
UCKqDJVtZ0XmiolCagCwJ-Fg,http://www.youtube.com/channel/UCKqDJVtZ0XmiolCagCwJ-Fg,Disciple of Jesus 
UCKqH_9mk1waLgBiL2vT5b9g,http://www.youtube.com/channel/UCKqH_9mk1waLgBiL2vT5b9g,VanossGaming
UCKqOpQWGc1xBzlhGEFe4EsA,http://www.youtube.com/channel/UCKqOpQWGc1xBzlhGEFe4EsA,Kardiner
UCKr0RAl4snaKO0vspEJSvoA,http://www.youtube.com/channel/UCKr0RAl4snaKO0vspEJSvoA,DigitoSIM
UCKrCHwR3b7-LKpn7MPMTYDg,http://www.youtube.com/channel/UCKrCHwR3b7-LKpn7MPMTYDg,Trinks
UCKt6UNcaVIS258z9Gujeirw,http://www.youtube.com/channel/UCKt6UNcaVIS258z9Gujeirw,Crispy Concords
UCKtW4czIzn-LW9IzG1h5kwA,http://www.youtube.com/channel/UCKtW4czIzn-LW9IzG1h5kwA,@ballplayers
UCKtix2xNNXdcEfEFnoOnvMw,http://www.youtube.com/channel/UCKtix2xNNXdcEfEFnoOnvMw,Aliensrock
UCKuI2VapWQjkMz2DDrLvLKw,http://www.youtube.com/channel/UCKuI2VapWQjkMz2DDrLvLKw,Innersloth
UCKwB0Vu_MxUViJwgD2lam6A,http://www.youtube.com/channel/UCKwB0Vu_MxUViJwgD2lam6A,Neve
UCKwO175PWiGN-EE0-3TJwqQ,http://www.youtube.com/channel/UCKwO175PWiGN-EE0-3TJwqQ,Andrew Labit
UCKxQmKgrkUv4S7P5w0pLayw,http://www.youtube.com/channel/UCKxQmKgrkUv4S7P5w0pLayw,Comics Explained
UCKxSX0lXj6GbEhWK6xjuNLA,http://www.youtube.com/channel/UCKxSX0lXj6GbEhWK6xjuNLA,PapiBlueBird
UCKxy8u01KVqi28TiCKRzf8w,http://www.youtube.com/channel/UCKxy8u01KVqi28TiCKRzf8w,Monty
UCKy1dAqELo0zrOtPkf0eTMw,http://www.youtube.com/channel/UCKy1dAqELo0zrOtPkf0eTMw,IGN
UCKyg9hM4ltITESLkJVS1_sA,http://www.youtube.com/channel/UCKyg9hM4ltITESLkJVS1_sA,Foam
UCKzJFdi57J53Vr_BkTfN3uQ,http://www.youtube.com/channel/UCKzJFdi57J53Vr_BkTfN3uQ,Primer
UCKzPYt5wDgZdRCWCNRhA-SQ,http://www.youtube.com/channel/UCKzPYt5wDgZdRCWCNRhA-SQ,Sea Maggie
UCKzaFqpSVNmFxiOLTqZmv9Q,http://www.youtube.com/channel/UCKzaFqpSVNmFxiOLTqZmv9Q,MVVblog
UCL-g3eGJi1omSDSz48AML-g,http://www.youtube.com/channel/UCL-g3eGJi1omSDSz48AML-g,NVIDIA GeForce
UCL-xX4gQk3Fp9X-0wGx6jeA,http://www.youtube.com/channel/UCL-xX4gQk3Fp9X-0wGx6jeA,WESN
UCL0FT83RjTWCmc6n9lLojmQ,http://www.youtube.com/channel/UCL0FT83RjTWCmc6n9lLojmQ,Tyler Bell
UCL1GIBvUue3EGvis5afDqFA,http://www.youtube.com/channel/UCL1GIBvUue3EGvis5afDqFA,RelaxAlaxLive
UCL2hNy_BqwMgxZLHvjam_cw,http://www.youtube.com/channel/UCL2hNy_BqwMgxZLHvjam_cw,Chasing Sage
UCL5RKbiAPqSC_mUIjCpx3xg,http://www.youtube.com/channel/UCL5RKbiAPqSC_mUIjCpx3xg,Tyler McVicker
UCL5_yRx9ujWPqH2lwD5d5_w,http://www.youtube.com/channel/UCL5_yRx9ujWPqH2lwD5d5_w,kylie boggly
UCL7FCx3MrwKGYFEs91Lz0yg,http://www.youtube.com/channel/UCL7FCx3MrwKGYFEs91Lz0yg,Icoso
UCL8h3ri2WN_-IbviBlWtUcQ,http://www.youtube.com/channel/UCL8h3ri2WN_-IbviBlWtUcQ,CinemaWins
UCL9l0kMsiO5DHs3nNpPbtAg,http://www.youtube.com/channel/UCL9l0kMsiO5DHs3nNpPbtAg,bill
UCLAKwOuaw7ZxOiJ-bTdhYMA,http://www.youtube.com/channel/UCLAKwOuaw7ZxOiJ-bTdhYMA,XRアカペラグループ「亜歌」
UCLA_DiR1FfKNvjuUpBHmylQ,http://www.youtube.com/channel/UCLA_DiR1FfKNvjuUpBHmylQ,NASA
UCLAcXzgtYqnqoJ3M8v3DXxw,http://www.youtube.com/channel/UCLAcXzgtYqnqoJ3M8v3DXxw,LateZ Animations
UCLB4e-4vO2ioj7350YeE6-g,http://www.youtube.com/channel/UCLB4e-4vO2ioj7350YeE6-g,John Liang
UCLBd3f1XBnyQsZ1EnABg5vw,http://www.youtube.com/channel/UCLBd3f1XBnyQsZ1EnABg5vw,Quabl
UCLD2ZkdEkAKhDETsK6QeDnA,http://www.youtube.com/channel/UCLD2ZkdEkAKhDETsK6QeDnA,Farrell McGuire
UCLEecVqhorgsgAm_OmrMaww,http://www.youtube.com/channel/UCLEecVqhorgsgAm_OmrMaww,Junior_Djjr - MixMods
UCLFXk9J3O-hhOk0msOjKYdQ,http://www.youtube.com/channel/UCLFXk9J3O-hhOk0msOjKYdQ,TerminalMontage
UCLH9jJetAPs9rKOnx7eWc5g,http://www.youtube.com/channel/UCLH9jJetAPs9rKOnx7eWc5g,Matty Jordan - Antarctica
UCLHObAbEB_SCro0NPLgGeZQ,http://www.youtube.com/channel/UCLHObAbEB_SCro0NPLgGeZQ,crawdad105
UCLHmLrj4pHHg3-iBJn_CqxA,http://www.youtube.com/channel/UCLHmLrj4pHHg3-iBJn_CqxA,Neuro-sama
UCLJ1eAlpJnU_EE8oH53huAw,http://www.youtube.com/channel/UCLJ1eAlpJnU_EE8oH53huAw,The Whole Shebang!
UCLJXxGMPiV0o-jfCgOZU-BQ,http://www.youtube.com/channel/UCLJXxGMPiV0o-jfCgOZU-BQ,HustlerBiz
UCLJim4yG4cQhg1lIKoL4p6Q,http://www.youtube.com/channel/UCLJim4yG4cQhg1lIKoL4p6Q,victorlambo
UCLJnBT-U0CI_ldF2E-FpwdQ,http://www.youtube.com/channel/UCLJnBT-U0CI_ldF2E-FpwdQ,cecilily
UCLJzHgmWZXlFBOZNh3bFHqw,http://www.youtube.com/channel/UCLJzHgmWZXlFBOZNh3bFHqw,AreYouNotEntertained?
UCLLB-R796xzVKwIzts0dXAA,http://www.youtube.com/channel/UCLLB-R796xzVKwIzts0dXAA,Elioth
UCLMVehWkOvFlGMeIetyFIxg,http://www.youtube.com/channel/UCLMVehWkOvFlGMeIetyFIxg,Helynt
UCLNCLOa1ChRr0fJlxMFNaUg,http://www.youtube.com/channel/UCLNCLOa1ChRr0fJlxMFNaUg,deejus
UCLNGY9N9Xmnc2kUpHoSJ5ng,http://www.youtube.com/channel/UCLNGY9N9Xmnc2kUpHoSJ5ng,Dr. Zye
UCLNoXf8gq6vhwsrYp-l0J-Q,http://www.youtube.com/channel/UCLNoXf8gq6vhwsrYp-l0J-Q,Xiaomanyc 小马在纽约
UCLO_c9nyLCwohHqovjlmpDw,http://www.youtube.com/channel/UCLO_c9nyLCwohHqovjlmpDw,BenBonk
UCLOi9fGe5EdPfquSe1RS5aA,http://www.youtube.com/channel/UCLOi9fGe5EdPfquSe1RS5aA,IMAX
UCLOwKVD0bYHxaDZxXkK4piw,http://www.youtube.com/channel/UCLOwKVD0bYHxaDZxXkK4piw,Kento Bento
UCLQODIAYFRsLw_qC2Y0iPbw,http://www.youtube.com/channel/UCLQODIAYFRsLw_qC2Y0iPbw,Mr Headcannon
UCLQPinZNWKlLBF7C_m2YP3g,http://www.youtube.com/channel/UCLQPinZNWKlLBF7C_m2YP3g,Yung Gravy
UCLQjCyJCibwtA9dMjgkimbQ,http://www.youtube.com/channel/UCLQjCyJCibwtA9dMjgkimbQ,Funny Bunny
UCLR-F5dfNZQCuLE2ID_kSZQ,http://www.youtube.com/channel/UCLR-F5dfNZQCuLE2ID_kSZQ,Shiromi
UCLRVx7pLwmn64i_mSUVV4oA,http://www.youtube.com/channel/UCLRVx7pLwmn64i_mSUVV4oA,Numerical
UCLRXpLVsiBNHT0iPazLYDgw,http://www.youtube.com/channel/UCLRXpLVsiBNHT0iPazLYDgw,Owen Talks Tech
UCLS1ahNPeY5iGSI7PzzZdRQ,http://www.youtube.com/channel/UCLS1ahNPeY5iGSI7PzzZdRQ,Claw Quest
UCLSRffnNNqWn6juq5PsBRIA,http://www.youtube.com/channel/UCLSRffnNNqWn6juq5PsBRIA,Tom Calton
UCLTHTEsJ8NlFjDiIYjiiO6g,http://www.youtube.com/channel/UCLTHTEsJ8NlFjDiIYjiiO6g,Cloak
UCLTIKTjP5jpH969G-BjeCNQ,http://www.youtube.com/channel/UCLTIKTjP5jpH969G-BjeCNQ,Disambi
UCLUMle3RiedOPO7C8BNlVWA,http://www.youtube.com/channel/UCLUMle3RiedOPO7C8BNlVWA,RocaBusiness
UCLWLnEsx8W3ISVef6Y6x8gw,http://www.youtube.com/channel/UCLWLnEsx8W3ISVef6Y6x8gw,kedsarama
UCLWhjdcnGgn6E5WeG5Q7wvQ,http://www.youtube.com/channel/UCLWhjdcnGgn6E5WeG5Q7wvQ,Vicetone
UCLXo7UDZvByw2ixzpQCufnA,http://www.youtube.com/channel/UCLXo7UDZvByw2ixzpQCufnA,Vox
UCLXyo5gk45cCAnBPx5SL6zw,http://www.youtube.com/channel/UCLXyo5gk45cCAnBPx5SL6zw,Daily Dose Of Vedal And Neuro Fanz
UCLXzqg_ahPgFCU0JFGnsiqA,http://www.youtube.com/channel/UCLXzqg_ahPgFCU0JFGnsiqA,Robbin Rams
UCLYISDpCPwnxK7HqhQNUcLA,http://www.youtube.com/channel/UCLYISDpCPwnxK7HqhQNUcLA,Pitbroy
UCLZnFlEl_FgKKy01icOAxoQ,http://www.youtube.com/channel/UCLZnFlEl_FgKKy01icOAxoQ,SmokeeBee
UCLZwcFwkb2ZpFlC1SIxyqpw,http://www.youtube.com/channel/UCLZwcFwkb2ZpFlC1SIxyqpw,Femtanyl
UCL_qhgtOy0dy1Agp8vkySQg,http://www.youtube.com/channel/UCL_qhgtOy0dy1Agp8vkySQg,Mori Calliope Ch. hololive
UCLaNmnyI0NouL6U9Qd2VoQA,http://www.youtube.com/channel/UCLaNmnyI0NouL6U9Qd2VoQA,SiliconFX
UCLarQrbhD2GCco9gkaIYqHg,http://www.youtube.com/channel/UCLarQrbhD2GCco9gkaIYqHg,VTuber Clipfarm - by fruitpanda
UCLbv0aHZUK5TuAuAiRjU5Eg,http://www.youtube.com/channel/UCLbv0aHZUK5TuAuAiRjU5Eg,Panel Gap
UCLc0RtDhB3seOGiBY5G4PDQ,http://www.youtube.com/channel/UCLc0RtDhB3seOGiBY5G4PDQ,Freezing Bear
UCLcG5N9edS_ZZazHLk7vbLg,http://www.youtube.com/channel/UCLcG5N9edS_ZZazHLk7vbLg,Amy ⭐︎
UCLcNgMhMi7cFpc4KPkr-Xpg,http://www.youtube.com/channel/UCLcNgMhMi7cFpc4KPkr-Xpg,Team Earth ‘45
UCLcQm-Awn023GpPT8bXb5Bw,http://www.youtube.com/channel/UCLcQm-Awn023GpPT8bXb5Bw,Adrian
UCLdPUOIBv-O0mTWtUBaQNtg,http://www.youtube.com/channel/UCLdPUOIBv-O0mTWtUBaQNtg,JuiceHead
UCLdQc5zUbFpM4Y0iKfESDTA,http://www.youtube.com/channel/UCLdQc5zUbFpM4Y0iKfESDTA,Shulkercraft
UCLeb1O5HwHu86C3IdAYhL5g,http://www.youtube.com/channel/UCLeb1O5HwHu86C3IdAYhL5g,Equalo
UCLfMBXNGU6PwSUcn7y-_yeg,http://www.youtube.com/channel/UCLfMBXNGU6PwSUcn7y-_yeg,isthishowyougoviral
UCLgJfpEHzxJtfJN1OTv4xdA,http://www.youtube.com/channel/UCLgJfpEHzxJtfJN1OTv4xdA,Retro
UCLgglKiyoG47LKsRqPD_tQA,http://www.youtube.com/channel/UCLgglKiyoG47LKsRqPD_tQA,RiNNE
UCLgsoaMazqFNUhQou7tjDYQ,http://www.youtube.com/channel/UCLgsoaMazqFNUhQou7tjDYQ,PM. Films
UCLhAl8quyukWV77j8uOwjhQ,http://www.youtube.com/channel/UCLhAl8quyukWV77j8uOwjhQ,TimeDeo
UCLhk6owOdODHPFWy9RKVljA,http://www.youtube.com/channel/UCLhk6owOdODHPFWy9RKVljA,Barnes
UCLhonv8Gc4v_sFLdzEHYINw,http://www.youtube.com/channel/UCLhonv8Gc4v_sFLdzEHYINw,SCREENX
UCLilMqEwhFqUx_corgskdfA,http://www.youtube.com/channel/UCLilMqEwhFqUx_corgskdfA,TFConnect
UCLix96hoeYciWmRJ2R--AXw,http://www.youtube.com/channel/UCLix96hoeYciWmRJ2R--AXw,Deyui | デユイ
UCLkS3mF4224iINB6-mUtLCA,http://www.youtube.com/channel/UCLkS3mF4224iINB6-mUtLCA,StarlightDaryl
UCLkTF30pU2c32zxHqPKYQLg,http://www.youtube.com/channel/UCLkTF30pU2c32zxHqPKYQLg,Triple-Q
UCLkxbtUqIudgGSOl8XAdCfA,http://www.youtube.com/channel/UCLkxbtUqIudgGSOl8XAdCfA,Meychan
UCLljd6N-rtKnW5aZ4jBgzSQ,http://www.youtube.com/channel/UCLljd6N-rtKnW5aZ4jBgzSQ,Lycel
UCLmXX3HhYg7ybBL9izaFFgQ,http://www.youtube.com/channel/UCLmXX3HhYg7ybBL9izaFFgQ,Lottielab
UCLmgD9bQ6q9okrWrfx9i56g,http://www.youtube.com/channel/UCLmgD9bQ6q9okrWrfx9i56g,stampylongnose
UCLmltEyJ0zBsKnL8bWSdn3A,http://www.youtube.com/channel/UCLmltEyJ0zBsKnL8bWSdn3A,wehatethecold
UCLmy1GveOuJsfOj0xgUJ2MQ,http://www.youtube.com/channel/UCLmy1GveOuJsfOj0xgUJ2MQ,Bit of Business
UCLnLBQw3kiMA6BKfLro2DKQ,http://www.youtube.com/channel/UCLnLBQw3kiMA6BKfLro2DKQ,SpikeAnimations
UCLnTcASkvbFLQI2Jeo50HdA,http://www.youtube.com/channel/UCLnTcASkvbFLQI2Jeo50HdA,LSToast
UCLottc09gyZHxaEsyuM6EIg,http://www.youtube.com/channel/UCLottc09gyZHxaEsyuM6EIg,dns
UCLotuYbsh5BG1Z1yfP4gzhQ,http://www.youtube.com/channel/UCLotuYbsh5BG1Z1yfP4gzhQ,Game Dash
UCLqCXYchUf09mTpUArevbLQ,http://www.youtube.com/channel/UCLqCXYchUf09mTpUArevbLQ,TedwaTeddySIM
UCLr-jDLpn25_hLKg4l0OQ8Q,http://www.youtube.com/channel/UCLr-jDLpn25_hLKg4l0OQ8Q,Biglow Woodcraft
UCLrFkxvjgerjWxFLgTmkMVA,http://www.youtube.com/channel/UCLrFkxvjgerjWxFLgTmkMVA,Kirin J Callinan
UCLsJV3jQb7C63OLmsuPGuTQ,http://www.youtube.com/channel/UCLsJV3jQb7C63OLmsuPGuTQ,Snifferish
UCLsa8DNovbTWCH2kaVXGpqA,http://www.youtube.com/channel/UCLsa8DNovbTWCH2kaVXGpqA,Cameron Neal
UCLtOpyx344v-l0kreCSUEFg,http://www.youtube.com/channel/UCLtOpyx344v-l0kreCSUEFg,AstroSam
UCLtSNxtLXu61XvIa0TpwP2w,http://www.youtube.com/channel/UCLtSNxtLXu61XvIa0TpwP2w,FaZe Esports
UCLtlyIi8CzA980s3yMf2UpQ,http://www.youtube.com/channel/UCLtlyIi8CzA980s3yMf2UpQ,Nutritional Gaming
UCLwtPuoaFMEWGxTr0mtHjBQ,http://www.youtube.com/channel/UCLwtPuoaFMEWGxTr0mtHjBQ,alexa hare
UCLx053rWZxCiYWsBETgdKrQ,http://www.youtube.com/channel/UCLx053rWZxCiYWsBETgdKrQ,LGR
UCLxI-k46jwtLvrAcQL7GipA,http://www.youtube.com/channel/UCLxI-k46jwtLvrAcQL7GipA,ykwone
UCLxZ5uCxBfJo9NueRX4ZcwA,http://www.youtube.com/channel/UCLxZ5uCxBfJo9NueRX4ZcwA,Jarred Jermaine
UCLxpvEHi22zim8PqIwPmUog,http://www.youtube.com/channel/UCLxpvEHi22zim8PqIwPmUog,Jack Gordon
UCLzWDILf6tZPlgBHU9nhYWA,http://www.youtube.com/channel/UCLzWDILf6tZPlgBHU9nhYWA,Kat ê 沙觳仔 / Kat's Sandbox
UCM-griDiY16_LqjS647XgRg,http://www.youtube.com/channel/UCM-griDiY16_LqjS647XgRg,Fru
UCM03mg8TqJ8RSIIVdDDx8Jw,http://www.youtube.com/channel/UCM03mg8TqJ8RSIIVdDDx8Jw,Cool Songs Covers
UCM0HWvRJF_yZyywP3HL3b3Q,http://www.youtube.com/channel/UCM0HWvRJF_yZyywP3HL3b3Q,SoLus BR
UCM0ddPebWKgzAo0TzEegPwA,http://www.youtube.com/channel/UCM0ddPebWKgzAo0TzEegPwA,DaniClips
UCM0rrCyFyd1YmPZkN2fXo2w,http://www.youtube.com/channel/UCM0rrCyFyd1YmPZkN2fXo2w,Hushvy
UCM15YNy8g-CaJ15YZCbq0Iw,http://www.youtube.com/channel/UCM15YNy8g-CaJ15YZCbq0Iw,North of the Border
UCM21ET9Gj56p0tZ6MLR4UMw,http://www.youtube.com/channel/UCM21ET9Gj56p0tZ6MLR4UMw,Clipscastage
UCM2K9ZILEPo_wKJel3pvY9A,http://www.youtube.com/channel/UCM2K9ZILEPo_wKJel3pvY9A,MAD MAXY
UCM2lGRFWdCCnxe_QNrVZ-gA,http://www.youtube.com/channel/UCM2lGRFWdCCnxe_QNrVZ-gA,windowledge
UCM2o7xdOAoPw3UpHpLsBEpw,http://www.youtube.com/channel/UCM2o7xdOAoPw3UpHpLsBEpw,Royall
UCM2tRqmjPK62qTNPCzVMDMA,http://www.youtube.com/channel/UCM2tRqmjPK62qTNPCzVMDMA,Jacc
UCM4FwhxLYLHlOSPnfxmxSQw,http://www.youtube.com/channel/UCM4FwhxLYLHlOSPnfxmxSQw,株式会社カラー khara inc.official
UCM55RjebjSevVWPnj2LEymw,http://www.youtube.com/channel/UCM55RjebjSevVWPnj2LEymw,viyaura
UCM5WPJP2HmYwOUeoWNhsqeQ,http://www.youtube.com/channel/UCM5WPJP2HmYwOUeoWNhsqeQ,Kid Cudi’s Son 
UCM6Ld_dNSaUQ2uwjJ4Gq9FA,http://www.youtube.com/channel/UCM6Ld_dNSaUQ2uwjJ4Gq9FA,Buffpup
UCM6SkZKAqzVUe6F7fW2I3zg,http://www.youtube.com/channel/UCM6SkZKAqzVUe6F7fW2I3zg,EndermineYT
UCM7I_NC8mIyNLlslSi129ow,http://www.youtube.com/channel/UCM7I_NC8mIyNLlslSi129ow,You Betcha
UCM9lKYm2OX3NEL0rW79AMOw,http://www.youtube.com/channel/UCM9lKYm2OX3NEL0rW79AMOw,MrNexis
UCM9vnKXuYClzwP_7zHKhAJA,http://www.youtube.com/channel/UCM9vnKXuYClzwP_7zHKhAJA,inDevelopment
UCMAAOw1cq5z2xX5QZaIPQaw,http://www.youtube.com/channel/UCMAAOw1cq5z2xX5QZaIPQaw,Eevee Bork the Shiba
UCMBOY8SB75iImsg5UlIomNg,http://www.youtube.com/channel/UCMBOY8SB75iImsg5UlIomNg,Mister Technodad
UCMBmwfaemvLEUzwe965OqhA,http://www.youtube.com/channel/UCMBmwfaemvLEUzwe965OqhA,Mashpoe
UCMBnSGZLpY4dIERb9AnFuoA,http://www.youtube.com/channel/UCMBnSGZLpY4dIERb9AnFuoA,CinchPlaysMC
UCMDBOH2Lmp2M9KRqayjhE-w,http://www.youtube.com/channel/UCMDBOH2Lmp2M9KRqayjhE-w,Souljayking
UCMEKIloLcEmtdW7PpvGhGwQ,http://www.youtube.com/channel/UCMEKIloLcEmtdW7PpvGhGwQ,Yahiamice
UCMEiVH_QsxyEdMao2w0j7Yw,http://www.youtube.com/channel/UCMEiVH_QsxyEdMao2w0j7Yw,Michaelmcchill
UCMFHRnCcniyiU7XACuOPfjQ,http://www.youtube.com/channel/UCMFHRnCcniyiU7XACuOPfjQ,unburied
UCMFiDr8Mtp2qcbsMcApPxlA,http://www.youtube.com/channel/UCMFiDr8Mtp2qcbsMcApPxlA,Aggressive Bungee
UCMG5uQag6BoG4w4rH7iGt4w,http://www.youtube.com/channel/UCMG5uQag6BoG4w4rH7iGt4w,Alex Boucher
UCMHhxLTASePAiYCRmr9cLyA,http://www.youtube.com/channel/UCMHhxLTASePAiYCRmr9cLyA,dense clips
UCMJ4sH-xTNTQMcXKb9qmYcA,http://www.youtube.com/channel/UCMJ4sH-xTNTQMcXKb9qmYcA,KianKSG
UCMJechD0asQfE3QSmMUWnUA,http://www.youtube.com/channel/UCMJechD0asQfE3QSmMUWnUA,Russ Wagner
UCMKWk9SdiAo3lsZ2QbfA7Wg,http://www.youtube.com/channel/UCMKWk9SdiAo3lsZ2QbfA7Wg,nolan7c2
UCMKjGnBiR9JXxQHazyjuDeQ,http://www.youtube.com/channel/UCMKjGnBiR9JXxQHazyjuDeQ,Sonarix
UCMLJ_TROV89ll587opuuY4w,http://www.youtube.com/channel/UCMLJ_TROV89ll587opuuY4w,Saultoons
UCMMYpCFKYv0q8jQO53-vs1g,http://www.youtube.com/channel/UCMMYpCFKYv0q8jQO53-vs1g,ADOCLIPS
UCMMtwRlu5U9I01WOtjTWOMg,http://www.youtube.com/channel/UCMMtwRlu5U9I01WOtjTWOMg,Maxtube
UCMMvOC4J26Dn6TDHIoxwFkA,http://www.youtube.com/channel/UCMMvOC4J26Dn6TDHIoxwFkA,Animation Hustle
UCMNCxq9m6LJ5LitDuq2XeyA,http://www.youtube.com/channel/UCMNCxq9m6LJ5LitDuq2XeyA,Pixel Pug Games
UCMO4g-TnurtY5ZNFLi1Dtqg,http://www.youtube.com/channel/UCMO4g-TnurtY5ZNFLi1Dtqg,KIT999
UCMOEMrHA9pSj2SpvXNVb-MQ,http://www.youtube.com/channel/UCMOEMrHA9pSj2SpvXNVb-MQ,Saltine
UCMOLiZpKXp-w5CNfqJObQUw,http://www.youtube.com/channel/UCMOLiZpKXp-w5CNfqJObQUw,KEEMOKAZI
UCMOxMR7fx18HRhod3aBzaJw,http://www.youtube.com/channel/UCMOxMR7fx18HRhod3aBzaJw,Zoren364
UCMP4maiqiY6D8pVTLApCDVw,http://www.youtube.com/channel/UCMP4maiqiY6D8pVTLApCDVw,DigiKnighty
UCMPGiQ8gwDXFYpwQhX6kK9A,http://www.youtube.com/channel/UCMPGiQ8gwDXFYpwQhX6kK9A,bizlychannel
UCMPtzN8fnhHLpihCT1QvFZw,http://www.youtube.com/channel/UCMPtzN8fnhHLpihCT1QvFZw,cam shand
UCMQ5aHEgMzPI2PU2m7EjPsA,http://www.youtube.com/channel/UCMQ5aHEgMzPI2PU2m7EjPsA,Lola Holliday
UCMQzYwPk64SY9tipROg52iQ,http://www.youtube.com/channel/UCMQzYwPk64SY9tipROg52iQ,karaoke SESH
UCMR5qS7_BlPM2zSb9sh6WmA,http://www.youtube.com/channel/UCMR5qS7_BlPM2zSb9sh6WmA,Mali Makes Games
UCMRkk0ZIUYI2G8Qtyd8O48Q,http://www.youtube.com/channel/UCMRkk0ZIUYI2G8Qtyd8O48Q,starlightof
UCMT1Aw4R4nf_sFNDeuJqc6w,http://www.youtube.com/channel/UCMT1Aw4R4nf_sFNDeuJqc6w,AI Warehouse
UCMUyG01MXNeiTykIlvWwIRQ,http://www.youtube.com/channel/UCMUyG01MXNeiTykIlvWwIRQ,JJJacksfilms
UCMVAJ-7MRdWEFkDunSvRCzw,http://www.youtube.com/channel/UCMVAJ-7MRdWEFkDunSvRCzw,Rerim
UCMVU2DyquYoUsw41pKiXKlw,http://www.youtube.com/channel/UCMVU2DyquYoUsw41pKiXKlw,brandnewchannel
UCMVcXc4UykffXNSKqJEdCwA,http://www.youtube.com/channel/UCMVcXc4UykffXNSKqJEdCwA,Jokeypokey
UCMWjLzDBPG0qi1OyF-c210w,http://www.youtube.com/channel/UCMWjLzDBPG0qi1OyF-c210w,Nizzler
UCMWvGsHgzWtgyJvoKEQl-Bw,http://www.youtube.com/channel/UCMWvGsHgzWtgyJvoKEQl-Bw,DocJade
UCMX31RavkfUHJvw03RbUZnA,http://www.youtube.com/channel/UCMX31RavkfUHJvw03RbUZnA,Nick Crowley
UCMXEgKuLHef2T09_kexMz0Q,http://www.youtube.com/channel/UCMXEgKuLHef2T09_kexMz0Q,Jesse Martin
UCMZi9Rjb-zv33XFpswSw9Rg,http://www.youtube.com/channel/UCMZi9Rjb-zv33XFpswSw9Rg,yapmaster
UCMZz3jJszMVtxvpRqzJHg9A,http://www.youtube.com/channel/UCMZz3jJszMVtxvpRqzJHg9A,CrabBar
UCMazXyPhgtknzl2YE_utTDg,http://www.youtube.com/channel/UCMazXyPhgtknzl2YE_utTDg,Manar Simulator 
UCMcKMXSgmGSGFTdGJeQO7aQ,http://www.youtube.com/channel/UCMcKMXSgmGSGFTdGJeQO7aQ,yoshinaoよしながき
UCMd71G1wzsCMjpr6VLw8psg,http://www.youtube.com/channel/UCMd71G1wzsCMjpr6VLw8psg,Dana Paulene
UCMdElTwiU4JrDUkuI_eqPJg,http://www.youtube.com/channel/UCMdElTwiU4JrDUkuI_eqPJg,Sandeep Singh
UCMe3rSv4KNnJz1JJX29EiCQ,http://www.youtube.com/channel/UCMe3rSv4KNnJz1JJX29EiCQ,Tobyn Jacobs
UCMe9cUcIgIbOFUJkV1Cjdgw,http://www.youtube.com/channel/UCMe9cUcIgIbOFUJkV1Cjdgw,TheOliveOli
UCMeRgqzTfC5ja40B6kM6pdg,http://www.youtube.com/channel/UCMeRgqzTfC5ja40B6kM6pdg,osu!
UCMf5H2IgwK1IjfcP2rfISzw,http://www.youtube.com/channel/UCMf5H2IgwK1IjfcP2rfISzw,The Basics
UCMg_A9ynasfmTPrYuYVH81w,http://www.youtube.com/channel/UCMg_A9ynasfmTPrYuYVH81w,HazorKK
UCMhe8jmac-tWKU0Vj_OXDvA,http://www.youtube.com/channel/UCMhe8jmac-tWKU0Vj_OXDvA,enes Luciano
UCMiJRAwDNSNzuYeN2uWa0pA,http://www.youtube.com/channel/UCMiJRAwDNSNzuYeN2uWa0pA,Mrwhosetheboss
UCMj4YareOFuEfxUBbncWF9w,http://www.youtube.com/channel/UCMj4YareOFuEfxUBbncWF9w,Sora The Troll
UCMjaLhAWIhbWAZATkcSMr_A,http://www.youtube.com/channel/UCMjaLhAWIhbWAZATkcSMr_A,Callum's Cards
UCMk2R5nz4dO55z4maJ-gmrw,http://www.youtube.com/channel/UCMk2R5nz4dO55z4maJ-gmrw,David “Ferris” Kartozia | What The F Show
UCMki_UkHb4qSc0qyEcOHHJw,http://www.youtube.com/channel/UCMki_UkHb4qSc0qyEcOHHJw,NewJeans
UCMlQoGKlyYgKcHYf4-6TCNw,http://www.youtube.com/channel/UCMlQoGKlyYgKcHYf4-6TCNw,Nirvain
UCMm211NGh4Ls5SAMZJF7E8A,http://www.youtube.com/channel/UCMm211NGh4Ls5SAMZJF7E8A,pannenkoek2012
UCMn-zv1SE-2y6vyewscfFqw,http://www.youtube.com/channel/UCMn-zv1SE-2y6vyewscfFqw,CrackerMilk
UCMn6YkMP4vKOkf6B1X6p8WA,http://www.youtube.com/channel/UCMn6YkMP4vKOkf6B1X6p8WA,The Reverie
UCMnJuJs9pBAYgY-3NPuWnbA,http://www.youtube.com/channel/UCMnJuJs9pBAYgY-3NPuWnbA,youtwoTV
UCMnQ3Ss4TBPDX-lH85Z0k7w,http://www.youtube.com/channel/UCMnQ3Ss4TBPDX-lH85Z0k7w,Its BSD
UCMoeFiuxY3l45RFjso3E3vw,http://www.youtube.com/channel/UCMoeFiuxY3l45RFjso3E3vw,Kael Schoerlin
UCMogCSEyT2n92V8uDJa1Pcg,http://www.youtube.com/channel/UCMogCSEyT2n92V8uDJa1Pcg,차커 Chaco
UCMpDolTeTDB9EUrZ_erPHZQ,http://www.youtube.com/channel/UCMpDolTeTDB9EUrZ_erPHZQ,Crafting History
UCMr1lqB1oN3-cYf6cj6-v-A,http://www.youtube.com/channel/UCMr1lqB1oN3-cYf6cj6-v-A,Degenerocity
UCMrrA4mjaYpt2FH6QnEP8nw,http://www.youtube.com/channel/UCMrrA4mjaYpt2FH6QnEP8nw,JohnMichaelHowell
UCMrvLMUITAImCHMOhX88PYQ,http://www.youtube.com/channel/UCMrvLMUITAImCHMOhX88PYQ,PiXimperfect
UCMsQdrzt1oyVC5KF6N98wFw,http://www.youtube.com/channel/UCMsQdrzt1oyVC5KF6N98wFw,PetersPasta
UCMsjv3927wo521GwHxvi_Mw,http://www.youtube.com/channel/UCMsjv3927wo521GwHxvi_Mw,luyubliyana
UCMtEZ-f6mI9yRXrh2NzX9cw,http://www.youtube.com/channel/UCMtEZ-f6mI9yRXrh2NzX9cw,Mental Health Treatment
UCMtFAi84ehTSYSE9XoHefig,http://www.youtube.com/channel/UCMtFAi84ehTSYSE9XoHefig,The Late Show with Stephen Colbert
UCMu0kCEd-pXGOHJi1hL3Vyg,http://www.youtube.com/channel/UCMu0kCEd-pXGOHJi1hL3Vyg,Rima Evenstar
UCMu5gPmKp5av0QCAajKTMhw,http://www.youtube.com/channel/UCMu5gPmKp5av0QCAajKTMhw,ERB
UCMukc7CHOZzTZG7mRBwRpaQ,http://www.youtube.com/channel/UCMukc7CHOZzTZG7mRBwRpaQ,RHYTHMMASTER
UCMvIuB27C3IxeNLlOxuzYuA,http://www.youtube.com/channel/UCMvIuB27C3IxeNLlOxuzYuA,Ash Capulong
UCMvNnP9oAQl5IApL8XBQIkQ,http://www.youtube.com/channel/UCMvNnP9oAQl5IApL8XBQIkQ,MihaiDesigns
UCMwJJL5FJFuTRT55ksbQ4GQ,http://www.youtube.com/channel/UCMwJJL5FJFuTRT55ksbQ4GQ,Asmongold Clips
UCMwLVepB4YOgpyo48iyg7HA,http://www.youtube.com/channel/UCMwLVepB4YOgpyo48iyg7HA,Vercidium
UCMwthtk1Kkm6jBruDHKAI_A,http://www.youtube.com/channel/UCMwthtk1Kkm6jBruDHKAI_A,JHawk
UCMwwbBx_nyOubLgidM46jXg,http://www.youtube.com/channel/UCMwwbBx_nyOubLgidM46jXg,Mr. Citron’s Gum Wrapper Wall
UCMyBhv-cmavCHY-JDMXhAVA,http://www.youtube.com/channel/UCMyBhv-cmavCHY-JDMXhAVA,kylesthenix
UCMyOj6fhvKFMjxUCp3b_3gA,http://www.youtube.com/channel/UCMyOj6fhvKFMjxUCp3b_3gA,Nick DiGiovanni
UCMyjM9bXqk7Fa-uCaWv3KuA,http://www.youtube.com/channel/UCMyjM9bXqk7Fa-uCaWv3KuA,Milk Man Steve
UCMyyDNC3GFx_lhCAmwj5GOA,http://www.youtube.com/channel/UCMyyDNC3GFx_lhCAmwj5GOA,Skweed
UCN-qGJtXJCiG0mMXR2fga6A,http://www.youtube.com/channel/UCN-qGJtXJCiG0mMXR2fga6A,Jaiden
UCN1eb7zSNKx1HzEZkNa46PQ,http://www.youtube.com/channel/UCN1eb7zSNKx1HzEZkNa46PQ,CaptainOwl
UCN28hfhSgilZIe1e1JrqOJQ,http://www.youtube.com/channel/UCN28hfhSgilZIe1e1JrqOJQ,Keelvin
UCN2R4A4J2M_VlohhH3Upt8w,http://www.youtube.com/channel/UCN2R4A4J2M_VlohhH3Upt8w,SamMobile
UCN4R9zbm-TU8lNuzcZmH7Vg,http://www.youtube.com/channel/UCN4R9zbm-TU8lNuzcZmH7Vg,razaplays / Raza Bhutto
UCN4ir0ucoWYSWjXybR4iUww,http://www.youtube.com/channel/UCN4ir0ucoWYSWjXybR4iUww,NoWaitI'mConfused
UCN4zdJ89ku8qVuKEHp2Ly0A,http://www.youtube.com/channel/UCN4zdJ89ku8qVuKEHp2Ly0A,Objectsided
UCN5OG7Ovcp5iB10m8ddvGpA,http://www.youtube.com/channel/UCN5OG7Ovcp5iB10m8ddvGpA,u
UCN5xN8gIljvWYnsj06V8WbQ,http://www.youtube.com/channel/UCN5xN8gIljvWYnsj06V8WbQ,Pyrocynical
UCN7exSR03IdMf6sD6Fug6YA,http://www.youtube.com/channel/UCN7exSR03IdMf6sD6Fug6YA,Specoolar
UCN8HycBautJaOGKS6vApQYg,http://www.youtube.com/channel/UCN8HycBautJaOGKS6vApQYg,qyuetx
UCN8qJCZUjfKGR6Mdv1BLTrA,http://www.youtube.com/channel/UCN8qJCZUjfKGR6Mdv1BLTrA,EliteG
UCNAlgpseNh7xKg4qsBI0teg,http://www.youtube.com/channel/UCNAlgpseNh7xKg4qsBI0teg,The Checkmate Corner
UCNCa-Jp--Ei6AcvoV5vdILQ,http://www.youtube.com/channel/UCNCa-Jp--Ei6AcvoV5vdILQ,Andrew's Tech Shenanigans
UCND3bk_Mfykr4tN8xTqxJqA,http://www.youtube.com/channel/UCND3bk_Mfykr4tN8xTqxJqA,Abd Simsek
UCNDc7yHmNBwejBJHQEflk4A,http://www.youtube.com/channel/UCNDc7yHmNBwejBJHQEflk4A,FireBreathMan
UCNE12Avqho69UIse-RonCVQ,http://www.youtube.com/channel/UCNE12Avqho69UIse-RonCVQ,New England Reptile
UCNFAQk2EvarfCfYzHjml7fg,http://www.youtube.com/channel/UCNFAQk2EvarfCfYzHjml7fg,3GI
UCNFIblFNYyl7TvkUzdyYy8Q,http://www.youtube.com/channel/UCNFIblFNYyl7TvkUzdyYy8Q,big things.
UCNIuvl7V8zACPpTmmNIqP2A,http://www.youtube.com/channel/UCNIuvl7V8zACPpTmmNIqP2A,OverSimplified
UCNK813T2BNBwcfDPDTPeMPA,http://www.youtube.com/channel/UCNK813T2BNBwcfDPDTPeMPA,Level UP
UCNL1ZadSjHpjm4q9j2sVtOA,http://www.youtube.com/channel/UCNL1ZadSjHpjm4q9j2sVtOA,Lady Gaga
UCNLJd7YD8ysETf5zAfJObjA,http://www.youtube.com/channel/UCNLJd7YD8ysETf5zAfJObjA,Tech Yesterday
UCNLjRiychUaaCU0uJTYDUYA,http://www.youtube.com/channel/UCNLjRiychUaaCU0uJTYDUYA,Freshy Kanal
UCNM3W16DLgPc6NR1xHs5xbw,http://www.youtube.com/channel/UCNM3W16DLgPc6NR1xHs5xbw,Charborg
UCNMG8dXjgqxS94dHljP9duQ,http://www.youtube.com/channel/UCNMG8dXjgqxS94dHljP9duQ,鈴木ゆゆうた
UCNMSCL9rDJJez6mP5gSpAPQ,http://www.youtube.com/channel/UCNMSCL9rDJJez6mP5gSpAPQ,BedBananas
UCNMyoMaXJZITZaRKCz7G23Q,http://www.youtube.com/channel/UCNMyoMaXJZITZaRKCz7G23Q,Peter Knetter
UCNO66UYt0xSeEMw9d5v-37w,http://www.youtube.com/channel/UCNO66UYt0xSeEMw9d5v-37w,Nine Degrees North
UCNOVwMpD-5A1xzcQGbIHNeA,http://www.youtube.com/channel/UCNOVwMpD-5A1xzcQGbIHNeA,Design Doc
UCNOjM0GYNG6F3kGFy2o_W4w,http://www.youtube.com/channel/UCNOjM0GYNG6F3kGFy2o_W4w,maowfin
UCNPaP0X_S9C-N3Je1k4B8-Q,http://www.youtube.com/channel/UCNPaP0X_S9C-N3Je1k4B8-Q,Proxidist
UCNSALjqNWL81Kp2KxrEdt2Q,http://www.youtube.com/channel/UCNSALjqNWL81Kp2KxrEdt2Q,O Moinho Grego
UCNSeDrWRGxx5p2l3tj7RWQw,http://www.youtube.com/channel/UCNSeDrWRGxx5p2l3tj7RWQw,Corridor Cast
UCNT-Bp3ng39TMvvEPiDZtdw,http://www.youtube.com/channel/UCNT-Bp3ng39TMvvEPiDZtdw,My Channel
UCNT9_G9lMgToVfKoLJwn-Dw,http://www.youtube.com/channel/UCNT9_G9lMgToVfKoLJwn-Dw,Abyssal Observer
UCNTJLT1E9AmBcj_mKL3K0nw,http://www.youtube.com/channel/UCNTJLT1E9AmBcj_mKL3K0nw,Ryan
UCNTVwUMdfE9eYfrzEixm0bg,http://www.youtube.com/channel/UCNTVwUMdfE9eYfrzEixm0bg,JimBoat
UCNTuVMv2WRVnYcgJx7DjNPQ,http://www.youtube.com/channel/UCNTuVMv2WRVnYcgJx7DjNPQ,Adventures With Purpose
UCNU5PFDXZA3KzlwRU7t4Esg,http://www.youtube.com/channel/UCNU5PFDXZA3KzlwRU7t4Esg,Superlative Conspiracy 
UCNUbNl2U6Hg8J0Zem6hzC2g,http://www.youtube.com/channel/UCNUbNl2U6Hg8J0Zem6hzC2g,Pharrell Williams
UCNUvHRlFMK3w40sMDg-bKsg,http://www.youtube.com/channel/UCNUvHRlFMK3w40sMDg-bKsg,Noise Gaming
UCNWepL_K7oDj8MLU5ROItZQ,http://www.youtube.com/channel/UCNWepL_K7oDj8MLU5ROItZQ,RedJoker
UCNXwYatveIWFTg8zsqx67Mw,http://www.youtube.com/channel/UCNXwYatveIWFTg8zsqx67Mw,suitNtie
UCNYMO1aXCCJjhKb2mH0f1gQ,http://www.youtube.com/channel/UCNYMO1aXCCJjhKb2mH0f1gQ,Harvard Din & Tonics
UCNYi_zGmR519r5gYdOKLTjQ,http://www.youtube.com/channel/UCNYi_zGmR519r5gYdOKLTjQ,JENNIE
UCNZndGgLxXmCoCI0w9FJxmQ,http://www.youtube.com/channel/UCNZndGgLxXmCoCI0w9FJxmQ,Megamanny
UCNa1ed1lokPf6rk0PxoEVvg,http://www.youtube.com/channel/UCNa1ed1lokPf6rk0PxoEVvg,Elliptical
UCNaVctpTSr3WkOtnfkwpABQ,http://www.youtube.com/channel/UCNaVctpTSr3WkOtnfkwpABQ,Mason Branstrator
UCNbmHYDw3KBGfsiq3nCb_GA,http://www.youtube.com/channel/UCNbmHYDw3KBGfsiq3nCb_GA,scrdsx 
UCNc4tCp8kB3bm8tDKzjsC1Q,http://www.youtube.com/channel/UCNc4tCp8kB3bm8tDKzjsC1Q,Micro Center
UCNc7A4g0KIjWnjGki7v2Ddw,http://www.youtube.com/channel/UCNc7A4g0KIjWnjGki7v2Ddw,BenLockZel
UCNcDir5VInAShbCBQ4QM9eg,http://www.youtube.com/channel/UCNcDir5VInAShbCBQ4QM9eg,Sageless
UCNcly5aQ5mGiFfgejYWY4oA,http://www.youtube.com/channel/UCNcly5aQ5mGiFfgejYWY4oA,jay
UCNde08_9uySPzrl3ncIWF2g,http://www.youtube.com/channel/UCNde08_9uySPzrl3ncIWF2g,Monocle
UCNewVdGLNcTjHiam1jKMaBA,http://www.youtube.com/channel/UCNewVdGLNcTjHiam1jKMaBA,LMKAnime
UCNfI8gP0OByAWRAG96CzOJQ,http://www.youtube.com/channel/UCNfI8gP0OByAWRAG96CzOJQ,Maestro Ziikos
UCNfTbxFqaPTMs9-2X_LxeBg,http://www.youtube.com/channel/UCNfTbxFqaPTMs9-2X_LxeBg,Joey Engelman
UCNg-JWlhlL8HOvHoGCfB4mg,http://www.youtube.com/channel/UCNg-JWlhlL8HOvHoGCfB4mg,Angry Gay Grandpa
UCNhTppTPvD2qox0ni9lR_Lg,http://www.youtube.com/channel/UCNhTppTPvD2qox0ni9lR_Lg,Detective Void
UCNhX3WQEkraW3VHPyup8jkQ,http://www.youtube.com/channel/UCNhX3WQEkraW3VHPyup8jkQ,Langfocus
UCNhcopSj1dbR6nm3QEA5arQ,http://www.youtube.com/channel/UCNhcopSj1dbR6nm3QEA5arQ,Full Squad 
UCNi90sZODnYhdGWeVgE-idA,http://www.youtube.com/channel/UCNi90sZODnYhdGWeVgE-idA,Cynthia Kao
UCNk3-2yT366I69GodZhFuBA,http://www.youtube.com/channel/UCNk3-2yT366I69GodZhFuBA,Miyu Tells Tales
UCNlFp6P-YImsz_gPkEkTx1g,http://www.youtube.com/channel/UCNlFp6P-YImsz_gPkEkTx1g,Seibas
UCNmJnAkKIn5ce2QLHIKk3aw,http://www.youtube.com/channel/UCNmJnAkKIn5ce2QLHIKk3aw,Wolfgang Poker
UCNmpU_UVOCu5nw6NEYUfKPA,http://www.youtube.com/channel/UCNmpU_UVOCu5nw6NEYUfKPA,Oblicative
UCNmsYKEeov8ovQ66kbzEf4Q,http://www.youtube.com/channel/UCNmsYKEeov8ovQ66kbzEf4Q,Kiddy Kene
UCNnYaoXfEcBt3SdRKPpDrxQ,http://www.youtube.com/channel/UCNnYaoXfEcBt3SdRKPpDrxQ,Henwy
UCNo5Ctu5xClpu5pPuviyDeQ,http://www.youtube.com/channel/UCNo5Ctu5xClpu5pPuviyDeQ,Just Knate
UCNo5PGwGmfnEprEUUb9AGgw,http://www.youtube.com/channel/UCNo5PGwGmfnEprEUUb9AGgw,AaronsAnimals
UCNoGPh6-xT7afBoudgrx56Q,http://www.youtube.com/channel/UCNoGPh6-xT7afBoudgrx56Q,The Mysticle
UCNoWXuKq6bVdUH5W6sYb2uA,http://www.youtube.com/channel/UCNoWXuKq6bVdUH5W6sYb2uA,beanzard64
UCNorHyg3UZYJq5jJY9ZSt-w,http://www.youtube.com/channel/UCNorHyg3UZYJq5jJY9ZSt-w,Ryan-Thomas
UCNp5GjI27XSpV3Ja83j_j3Q,http://www.youtube.com/channel/UCNp5GjI27XSpV3Ja83j_j3Q,Sideowip
UCNpkJ9sQUkmXoFrXBwi7XxA,http://www.youtube.com/channel/UCNpkJ9sQUkmXoFrXBwi7XxA,The Sin Squad
UCNq1BjOvgnPx596ddBE3wZQ,http://www.youtube.com/channel/UCNq1BjOvgnPx596ddBE3wZQ,sirrandalot
UCNqtXVFdKEy6lXMKAnoQN0g,http://www.youtube.com/channel/UCNqtXVFdKEy6lXMKAnoQN0g,Skill Check
UCNr7S01O7oyzq_TORWLqLXA,http://www.youtube.com/channel/UCNr7S01O7oyzq_TORWLqLXA,Quadrillage
UCNrdR2m8fxDBNbxJDBFPFNQ,http://www.youtube.com/channel/UCNrdR2m8fxDBNbxJDBFPFNQ,『超かぐや姫 ! 』公式
UCNrgxgOGCEJbuFB5id4KMAQ,http://www.youtube.com/channel/UCNrgxgOGCEJbuFB5id4KMAQ,7th Beat Games
UCNsDUgqGW_iw5togfnhQBog,http://www.youtube.com/channel/UCNsDUgqGW_iw5togfnhQBog,TVアニメ「とんがり帽子のアトリエ」公式
UCNtJsYacH6gmzu3e0LNMFLA,http://www.youtube.com/channel/UCNtJsYacH6gmzu3e0LNMFLA,Uesama
UCNtThoaq14pIorP2OmArt5w,http://www.youtube.com/channel/UCNtThoaq14pIorP2OmArt5w,human1011
UCNuqoVgGeiD7erArM7tuctQ,http://www.youtube.com/channel/UCNuqoVgGeiD7erArM7tuctQ,A-Drew
UCNv3OEMI1W3DLNxSB8jSWyA,http://www.youtube.com/channel/UCNv3OEMI1W3DLNxSB8jSWyA,Treehouse Detective
UCNvAdbMJ5wjzKG3Iub1Q7GA,http://www.youtube.com/channel/UCNvAdbMJ5wjzKG3Iub1Q7GA,Zackary Smigel
UCNvQg1hCmbXrFVXyxZFN7ew,http://www.youtube.com/channel/UCNvQg1hCmbXrFVXyxZFN7ew,Adam Isiah
UCNvsIonJdJ5E4EXMa65VYpA,http://www.youtube.com/channel/UCNvsIonJdJ5E4EXMa65VYpA,ContraPoints
UCNvzD7Z-g64bPXxGzaQaa4g,http://www.youtube.com/channel/UCNvzD7Z-g64bPXxGzaQaa4g,gameranx
UCNw6qQNg-uRFurHBeRmlUMA,http://www.youtube.com/channel/UCNw6qQNg-uRFurHBeRmlUMA,Xantis
UCNwGa76xVVwdEVToRZBIUIg,http://www.youtube.com/channel/UCNwGa76xVVwdEVToRZBIUIg,DenshiVideo
UCNwXTnp7D0DwNYx4uXcrOTA,http://www.youtube.com/channel/UCNwXTnp7D0DwNYx4uXcrOTA,Riotron
UCNwxZoU9bBq-UI3viJZ84FQ,http://www.youtube.com/channel/UCNwxZoU9bBq-UI3viJZ84FQ,that's a bad idea
UCNxeXSPfdL5TQLSwHvT-Nfw,http://www.youtube.com/channel/UCNxeXSPfdL5TQLSwHvT-Nfw,arithemonkey
UCNyI-B3q9TC8rFYr65EhTsQ,http://www.youtube.com/channel/UCNyI-B3q9TC8rFYr65EhTsQ,midori
UCNz6d2Dx4ak9yYJKZJhL9sQ,http://www.youtube.com/channel/UCNz6d2Dx4ak9yYJKZJhL9sQ,Penguinie
UCNzFhleZyCHPeIgmp-McMmQ,http://www.youtube.com/channel/UCNzFhleZyCHPeIgmp-McMmQ,Japan Eat
UCNzUK1d6k1AVdoZIVC1r5cQ,http://www.youtube.com/channel/UCNzUK1d6k1AVdoZIVC1r5cQ,Stevie Mackey
UCNzWXFAoIfJIieaymW6kSfA,http://www.youtube.com/channel/UCNzWXFAoIfJIieaymW6kSfA,MzMz
UCNzszbnvQeFzObW0ghk0Ckw,http://www.youtube.com/channel/UCNzszbnvQeFzObW0ghk0Ckw,Dave's Garage
UCO-FiCptVLHRkR11_E-9KGw,http://www.youtube.com/channel/UCO-FiCptVLHRkR11_E-9KGw,Mike Dvořák
UCO-IcArByC7EHYygjiN_9_g,http://www.youtube.com/channel/UCO-IcArByC7EHYygjiN_9_g,Mini
UCO-KlzrUGhZACLpcBWfQ-2g,http://www.youtube.com/channel/UCO-KlzrUGhZACLpcBWfQ-2g,Devon Rodriguez
UCO-QKGeuQP17GstKQcVxM_w,http://www.youtube.com/channel/UCO-QKGeuQP17GstKQcVxM_w,Thirstyy
UCO-fR0Fn04ByAiOxNYfi30A,http://www.youtube.com/channel/UCO-fR0Fn04ByAiOxNYfi30A,James Seo
UCO0LHiCyts0shTM4IjobBVA,http://www.youtube.com/channel/UCO0LHiCyts0shTM4IjobBVA,ymirony
UCO0XQBkcMpM1BmBRJgXd-AA,http://www.youtube.com/channel/UCO0XQBkcMpM1BmBRJgXd-AA,tommy.
UCO1DM31tcSGoIlwJ24OsYYw,http://www.youtube.com/channel/UCO1DM31tcSGoIlwJ24OsYYw,Shimmer
UCO1IVstah63He2lrXbBxwIw,http://www.youtube.com/channel/UCO1IVstah63He2lrXbBxwIw,evqvIs
UCO2HshFTjdjiepA8hoIhXtg,http://www.youtube.com/channel/UCO2HshFTjdjiepA8hoIhXtg,hyoseong
UCO2IS2WFPRxYstgDc6TxZsA,http://www.youtube.com/channel/UCO2IS2WFPRxYstgDc6TxZsA,broplays_YT
UCO2x-p9gg9TLKneXlibGR7w,http://www.youtube.com/channel/UCO2x-p9gg9TLKneXlibGR7w,Snazzy Labs
UCO39Y30rZQC1CiEYeOwlx4g,http://www.youtube.com/channel/UCO39Y30rZQC1CiEYeOwlx4g,Brandon FM
UCO5IQ70V7l-XpHW40HwaGsw,http://www.youtube.com/channel/UCO5IQ70V7l-XpHW40HwaGsw,SZA
UCO5Jvsc_sKuZi3MhnJxrlzQ,http://www.youtube.com/channel/UCO5Jvsc_sKuZi3MhnJxrlzQ,Nyanners
UCO5QSoES5yn2Dw7YixDYT5Q,http://www.youtube.com/channel/UCO5QSoES5yn2Dw7YixDYT5Q,Aperture
UCO6FVut5jsM1m380UM4iqvA,http://www.youtube.com/channel/UCO6FVut5jsM1m380UM4iqvA,Steve Natto Sneaker Reviews
UCO6ZY1m1o__DOlBFQlR3Lvw,http://www.youtube.com/channel/UCO6ZY1m1o__DOlBFQlR3Lvw,The Kardasim Podcast
UCO6l-qNXHinxYnyINo993Cg,http://www.youtube.com/channel/UCO6l-qNXHinxYnyINo993Cg,FirstScout
UCO6qv_XXO1GhuUkqVuwZv-g,http://www.youtube.com/channel/UCO6qv_XXO1GhuUkqVuwZv-g,• Crystal Astrophel •
UCO7XVLiv_5iVIaxAsnEIiLA,http://www.youtube.com/channel/UCO7XVLiv_5iVIaxAsnEIiLA,Block Facts
UCO7dBj4bwaDOMoX-kKYF2Ww,http://www.youtube.com/channel/UCO7dBj4bwaDOMoX-kKYF2Ww,Atozy
UCO8DQrSp5yEP937qNqTooOw,http://www.youtube.com/channel/UCO8DQrSp5yEP937qNqTooOw,Strange Parts
UCO8lgagfl3hp_Q1x9HPdfqw,http://www.youtube.com/channel/UCO8lgagfl3hp_Q1x9HPdfqw,Dillon Francis
UCO9kIeDrtsX0j83HbVljzSQ,http://www.youtube.com/channel/UCO9kIeDrtsX0j83HbVljzSQ,CodeMiko
UCO9pX03BtyeX0_ZiHLuazrw,http://www.youtube.com/channel/UCO9pX03BtyeX0_ZiHLuazrw,WarpingFist!
UCOAHgaVjyUjFtxhgCAQ_vAg,http://www.youtube.com/channel/UCOAHgaVjyUjFtxhgCAQ_vAg,SideQuest Drew
UCOANBFFv52hM9Pi2qVE5LAg,http://www.youtube.com/channel/UCOANBFFv52hM9Pi2qVE5LAg,Seanie Too
UCOAU9kcG5_jM-wOlzOOYlnQ,http://www.youtube.com/channel/UCOAU9kcG5_jM-wOlzOOYlnQ,The Container Guy
UCOAUz4d1NUNxSHh_SOJtdGQ,http://www.youtube.com/channel/UCOAUz4d1NUNxSHh_SOJtdGQ,GetMadz
UCOCZxe0gNRA7c3PGWPGoiGg,http://www.youtube.com/channel/UCOCZxe0gNRA7c3PGWPGoiGg,James Brown
UCODHrzPMGbNv67e84WDZhQQ,http://www.youtube.com/channel/UCODHrzPMGbNv67e84WDZhQQ,fern
UCODr9HUJ90xtWD-0Xoz4vPw,http://www.youtube.com/channel/UCODr9HUJ90xtWD-0Xoz4vPw,Hamish Hodder
UCOGfnQiALJ2WZ9vbu9VaQcQ,http://www.youtube.com/channel/UCOGfnQiALJ2WZ9vbu9VaQcQ,EmperorLime
UCOHGgnSXDYOreGhGHH_FsrQ,http://www.youtube.com/channel/UCOHGgnSXDYOreGhGHH_FsrQ,Studio Cimosa
UCOHH6jLUxbtHv3otrbwVmJA,http://www.youtube.com/channel/UCOHH6jLUxbtHv3otrbwVmJA,Sam
UCOJ_YvIEunV0EcvWPf0VEjg,http://www.youtube.com/channel/UCOJ_YvIEunV0EcvWPf0VEjg,AbLE Clips
UCOJcThk6NapqZjs8l9_He-A,http://www.youtube.com/channel/UCOJcThk6NapqZjs8l9_He-A,Creative Mindstorms
UCOL5fJSkYNBQwk9SNVNekvw,http://www.youtube.com/channel/UCOL5fJSkYNBQwk9SNVNekvw,fireguy1919
UCOLzlESMCkCbNog8VWojJNQ,http://www.youtube.com/channel/UCOLzlESMCkCbNog8VWojJNQ,iosefka
UCOMGlMmjH2ZpDAtf6cEGN8g,http://www.youtube.com/channel/UCOMGlMmjH2ZpDAtf6cEGN8g,CashCrunt
UCOMrUmOTPD_AnSivjxptxpA,http://www.youtube.com/channel/UCOMrUmOTPD_AnSivjxptxpA,Louis Weisz
UCOMyvChDhKil0KvJoIHyx6Q,http://www.youtube.com/channel/UCOMyvChDhKil0KvJoIHyx6Q,ogafroman
UCOOMgoGO9PwAb65v6Zyj43w,http://www.youtube.com/channel/UCOOMgoGO9PwAb65v6Zyj43w,NikTek
UCOOw_13nkOTxEv-ZI3Hg0SQ,http://www.youtube.com/channel/UCOOw_13nkOTxEv-ZI3Hg0SQ,Bob Reese
UCOPLfC8oFeg3h2t58aQ7h2w,http://www.youtube.com/channel/UCOPLfC8oFeg3h2t58aQ7h2w,Stream
UCOPut8WEF0gfug69O3bVEcw,http://www.youtube.com/channel/UCOPut8WEF0gfug69O3bVEcw,brickstudios
UCOQS-y5WI7HvRuYvrg5N0-A,http://www.youtube.com/channel/UCOQS-y5WI7HvRuYvrg5N0-A,Balancogic Wonders
UCORaUhZVpg7yhxJeaPSTGmQ,http://www.youtube.com/channel/UCORaUhZVpg7yhxJeaPSTGmQ,Pontypants
UCORkUj9eaM2aDJM1VYyDDTA,http://www.youtube.com/channel/UCORkUj9eaM2aDJM1VYyDDTA,Sam Hogan
UCOS4PEHAGsuOjczYlNV8Pfw,http://www.youtube.com/channel/UCOS4PEHAGsuOjczYlNV8Pfw,Sophia Tung
UCOSweeosgqQb3MEVvSsa1_A,http://www.youtube.com/channel/UCOSweeosgqQb3MEVvSsa1_A,Marlow
UCOT2iLov0V7Re7ku_3UBtcQ,http://www.youtube.com/channel/UCOT2iLov0V7Re7ku_3UBtcQ,Hank Green
UCOTA1_oiKnz8po1Rm3nDJPg,http://www.youtube.com/channel/UCOTA1_oiKnz8po1Rm3nDJPg,Live Science
UCOTGROdZj7JWQaIiolUhzlg,http://www.youtube.com/channel/UCOTGROdZj7JWQaIiolUhzlg,Tinker Man Mick
UCOTiOsMISuYcYV7aV-4z-Rw,http://www.youtube.com/channel/UCOTiOsMISuYcYV7aV-4z-Rw,LordMinion777
UCOTvG8GRkiteKcea98JxirQ,http://www.youtube.com/channel/UCOTvG8GRkiteKcea98JxirQ,Don't Turn Around
UCOU2hSAlY784NOGZoApHD9w,http://www.youtube.com/channel/UCOU2hSAlY784NOGZoApHD9w,FaulesGaming
UCOUIup47pTBCMn5mVwxo2fw,http://www.youtube.com/channel/UCOUIup47pTBCMn5mVwxo2fw,The STEAMist
UCOVTTjN8BndrmcamYQ8MWxg,http://www.youtube.com/channel/UCOVTTjN8BndrmcamYQ8MWxg,Carvs
UCOVfq3NNYjlYCz1iou69FwQ,http://www.youtube.com/channel/UCOVfq3NNYjlYCz1iou69FwQ,Anna Cramling
UCOWiglIK2SQ9eRdr6p-dXwA,http://www.youtube.com/channel/UCOWiglIK2SQ9eRdr6p-dXwA,UsmanDev
UCOXVVQhOm1TduEnzIM-0Tcg,http://www.youtube.com/channel/UCOXVVQhOm1TduEnzIM-0Tcg,BoxBlair
UCOY6nAvXpLem0XczOq3wYQA,http://www.youtube.com/channel/UCOY6nAvXpLem0XczOq3wYQA,Du Cinema
UCOYW619ccMqPJsw4kodpx8w,http://www.youtube.com/channel/UCOYW619ccMqPJsw4kodpx8w,DamonMinion
UCOZ-HufSERlLN3USTLTy8Ng,http://www.youtube.com/channel/UCOZ-HufSERlLN3USTLTy8Ng,Fyroah
UCOZ1DOigSJUzLnuvLFJs2CQ,http://www.youtube.com/channel/UCOZ1DOigSJUzLnuvLFJs2CQ,AVNJ
UCO_aKKYxn4tvrqPjcTzZ6EQ,http://www.youtube.com/channel/UCO_aKKYxn4tvrqPjcTzZ6EQ,Ceres Fauna Ch. hololive-EN
UCOaRubZEnETg85GTrkjl84Q,http://www.youtube.com/channel/UCOaRubZEnETg85GTrkjl84Q,Mikayla J. Laird
UCObk_g1hQBy0RKKriVX_zOQ,http://www.youtube.com/channel/UCObk_g1hQBy0RKKriVX_zOQ,Netflix Is A Joke
UCOc6s_M_mByYrwj7HsYmqqQ,http://www.youtube.com/channel/UCOc6s_M_mByYrwj7HsYmqqQ,Zyphon
UCOeOIqIZWoilNxHpw2gPMfA,http://www.youtube.com/channel/UCOeOIqIZWoilNxHpw2gPMfA,MythrodakOST
UCOf8df7o7_a8rteTxQpBwMQ,http://www.youtube.com/channel/UCOf8df7o7_a8rteTxQpBwMQ,Abyss-Shorts
UCOfSkSZm5xdB_Jz9qGjXCpg,http://www.youtube.com/channel/UCOfSkSZm5xdB_Jz9qGjXCpg,Hazem
UCOgYKDhC3S4sN0yKyhshBUQ,http://www.youtube.com/channel/UCOgYKDhC3S4sN0yKyhshBUQ,Elixir Elf's fan
UCOgkxrsM0zwtKJOl8cvQGPQ,http://www.youtube.com/channel/UCOgkxrsM0zwtKJOl8cvQGPQ,Ryan Films Animation
UCOjb5R0-CUcO1N67FliTKtg,http://www.youtube.com/channel/UCOjb5R0-CUcO1N67FliTKtg,Garbage Flavour
UCOjkMd7A78-tZk_ftmmSelQ,http://www.youtube.com/channel/UCOjkMd7A78-tZk_ftmmSelQ,XLint
UCOjuZWNr4m8p8gP0qamfEMw,http://www.youtube.com/channel/UCOjuZWNr4m8p8gP0qamfEMw,Pierce Peterson
UCOleFxzITrarQXoizKhBT1A,http://www.youtube.com/channel/UCOleFxzITrarQXoizKhBT1A,Set the Edge
UCOo3MqszYbzuNXCTi3RF0ow,http://www.youtube.com/channel/UCOo3MqszYbzuNXCTi3RF0ow,ThatNukemGuy
UCOpgvpnGyZw4IRT_kuebiWA,http://www.youtube.com/channel/UCOpgvpnGyZw4IRT_kuebiWA,SpaceflightSimulator - Official
UCOqIFSs725xyiBd5G3rxWjg,http://www.youtube.com/channel/UCOqIFSs725xyiBd5G3rxWjg,kitt
UCOqJToM4xrE1DNFWK_03_GA,http://www.youtube.com/channel/UCOqJToM4xrE1DNFWK_03_GA,jake verda
UCOrCugMRzX49mVUjM2jEu9w,http://www.youtube.com/channel/UCOrCugMRzX49mVUjM2jEu9w,Chef Rush
UCOrE6g6E4HwdUWaZeITOAaQ,http://www.youtube.com/channel/UCOrE6g6E4HwdUWaZeITOAaQ,CALEB SIMPSON
UCOrXMAf9_V7QPdNL9ECQbvw,http://www.youtube.com/channel/UCOrXMAf9_V7QPdNL9ECQbvw,rambutch
UCOt_5nPXS3C6HE0kc8mDYbA,http://www.youtube.com/channel/UCOt_5nPXS3C6HE0kc8mDYbA,OnADock
UCOu0QfI_KQdBMcS-I-hequg,http://www.youtube.com/channel/UCOu0QfI_KQdBMcS-I-hequg,MustyGuitar
UCOu47CE1nZUoBOxqlDpa66A,http://www.youtube.com/channel/UCOu47CE1nZUoBOxqlDpa66A,Golden_Winged
UCOuRQp0XrYecdeKLqvwDtVw,http://www.youtube.com/channel/UCOuRQp0XrYecdeKLqvwDtVw,Jeremy Goldman
UCOuWeOkMrq84u5LY6apWQ8Q,http://www.youtube.com/channel/UCOuWeOkMrq84u5LY6apWQ8Q,TREY the Explainer
UCOuddH5GyBXp-_tv_ASdp_A,http://www.youtube.com/channel/UCOuddH5GyBXp-_tv_ASdp_A,Nick Robinson (Babylonian)
UCOujgO5S-Zn8DqpFrvzeIqA,http://www.youtube.com/channel/UCOujgO5S-Zn8DqpFrvzeIqA,wow_mao
UCOvEMf00DnwdkpOCRWdc6uA,http://www.youtube.com/channel/UCOvEMf00DnwdkpOCRWdc6uA,Charli xcx
UCOviddY6sOmpNqldkq3eGCw,http://www.youtube.com/channel/UCOviddY6sOmpNqldkq3eGCw,Brody's Christmas Lights for Charity
UCOwic_5Ww3TRXV8Ut_8EXeg,http://www.youtube.com/channel/UCOwic_5Ww3TRXV8Ut_8EXeg,Miclee
UCP0_k4INXrwPS6HhIyYqsTg,http://www.youtube.com/channel/UCP0_k4INXrwPS6HhIyYqsTg,Steven He
UCP1iRaFlS5EYjJBryFV9JPw,http://www.youtube.com/channel/UCP1iRaFlS5EYjJBryFV9JPw,Looper
UCP2FPkHsjojo2OJmXqSUk9Q,http://www.youtube.com/channel/UCP2FPkHsjojo2OJmXqSUk9Q,blakens
UCP2aFLxoZ2bU81KwiJuh_Cw,http://www.youtube.com/channel/UCP2aFLxoZ2bU81KwiJuh_Cw,Llami
UCP2cNcC-2pqDRCFeFO4JLLw,http://www.youtube.com/channel/UCP2cNcC-2pqDRCFeFO4JLLw,MrGreenGuy
UCP2mYGClL3KjKzSrMgLytfw,http://www.youtube.com/channel/UCP2mYGClL3KjKzSrMgLytfw,Seed
UCP2oqfGw33ZKBlTcPNSOcHQ,http://www.youtube.com/channel/UCP2oqfGw33ZKBlTcPNSOcHQ,Farcr
UCP5tjEmvPItGyLhmjdwP7Ww,http://www.youtube.com/channel/UCP5tjEmvPItGyLhmjdwP7Ww,RealLifeLore
UCP6Np_iMYhBQBAcYlDf97iw,http://www.youtube.com/channel/UCP6Np_iMYhBQBAcYlDf97iw,DoodletmeGO
UCP94AfI3w-ftkmwhaexOfGw,http://www.youtube.com/channel/UCP94AfI3w-ftkmwhaexOfGw,jack
UCP9r8eOft7CqlIXzfmYKoww,http://www.youtube.com/channel/UCP9r8eOft7CqlIXzfmYKoww,CraftyBoss
UCPABRFT_WXLdx3oP_gZ5QbA,http://www.youtube.com/channel/UCPABRFT_WXLdx3oP_gZ5QbA,oldmikeyluvs
UCPCwkVLJL4E5PWiKtxoakoA,http://www.youtube.com/channel/UCPCwkVLJL4E5PWiKtxoakoA,In the Kimdom
UCPDXXXJj9nax0fr0Wfc048g,http://www.youtube.com/channel/UCPDXXXJj9nax0fr0Wfc048g,Dropout
UCPD_bxCRGpmmeQcbe2kpPaA,http://www.youtube.com/channel/UCPD_bxCRGpmmeQcbe2kpPaA,First We Feast
UCPDsFLz__FgJPKXdLdoDPlQ,http://www.youtube.com/channel/UCPDsFLz__FgJPKXdLdoDPlQ,Barneee
UCPG-kUxVpjZWFAJeCwS4cQw,http://www.youtube.com/channel/UCPG-kUxVpjZWFAJeCwS4cQw,Blatant Reviews
UCPGpDwKpKj9vcoFAOxSbr7A,http://www.youtube.com/channel/UCPGpDwKpKj9vcoFAOxSbr7A,Team USA
UCPH8reopwHndpXJ3tD3FPYg,http://www.youtube.com/channel/UCPH8reopwHndpXJ3tD3FPYg,Mayhem Chess
UCPHKMJbis1c0R7d7WJQ35tA,http://www.youtube.com/channel/UCPHKMJbis1c0R7d7WJQ35tA,Overtime
UCPHeAtHSXnymNh8b_Kkj2rw,http://www.youtube.com/channel/UCPHeAtHSXnymNh8b_Kkj2rw,Cherdleys
UCPHsA2eQaYq_GN_vvs-NsAw,http://www.youtube.com/channel/UCPHsA2eQaYq_GN_vvs-NsAw,MrCube6
UCPHzFk9kQgdGgU-sdsGsJtw,http://www.youtube.com/channel/UCPHzFk9kQgdGgU-sdsGsJtw,Toy Story 3 IRL
UCPI7Xvy57W6QQWWiXCdXxcA,http://www.youtube.com/channel/UCPI7Xvy57W6QQWWiXCdXxcA,Jester
UCPI8BwGKJE0a1cNJ3hsXikA,http://www.youtube.com/channel/UCPI8BwGKJE0a1cNJ3hsXikA,Schmozzle
UCPIalkf1gx1JUMpYNXxfk1w,http://www.youtube.com/channel/UCPIalkf1gx1JUMpYNXxfk1w,Frankie Lapenna
UCPJ4OP3Q_Sx-EIRSQSjgzxg,http://www.youtube.com/channel/UCPJ4OP3Q_Sx-EIRSQSjgzxg,Connor Higgins
UCPJHQ5_DLtxZ1gzBvZE99_g,http://www.youtube.com/channel/UCPJHQ5_DLtxZ1gzBvZE99_g,Smosh Alike
UCPJRZ_qVkepqX8OKqs7hDFg,http://www.youtube.com/channel/UCPJRZ_qVkepqX8OKqs7hDFg,TXTMEBACK
UCPJVs54XcE8RrdA_uW-lfUw,http://www.youtube.com/channel/UCPJVs54XcE8RrdA_uW-lfUw,Shane McGillicuddy
UCPK5G4jeoVEbUp5crKJl6CQ,http://www.youtube.com/channel/UCPK5G4jeoVEbUp5crKJl6CQ,ZedaphPlays
UCPKVNqfbunZCkbvjBgf6CdA,http://www.youtube.com/channel/UCPKVNqfbunZCkbvjBgf6CdA,GeoGlobeTales
UCPKWE1H6xhxwPlqUlKgHb_w,http://www.youtube.com/channel/UCPKWE1H6xhxwPlqUlKgHb_w,Sabrina Carpenter
UCPKXP7qYYIGJHZ3VY2uCOyw,http://www.youtube.com/channel/UCPKXP7qYYIGJHZ3VY2uCOyw,y
UCPLBq99aY7WXSm29DDSTopg,http://www.youtube.com/channel/UCPLBq99aY7WXSm29DDSTopg,Hambrix
UCPLMPHT-d8GZOqL_AHJFdQQ,http://www.youtube.com/channel/UCPLMPHT-d8GZOqL_AHJFdQQ,Parrot
UCPN6irtK3KIT2xUdQYQmh5Q,http://www.youtube.com/channel/UCPN6irtK3KIT2xUdQYQmh5Q,Jason Maher
UCPN9BybQ7B_DnYTdUoyt4GQ,http://www.youtube.com/channel/UCPN9BybQ7B_DnYTdUoyt4GQ,Anti-Social Entertainment
UCPNPU0cCldjmvRGshUxSVpA,http://www.youtube.com/channel/UCPNPU0cCldjmvRGshUxSVpA,Toasterz
UCPNpSg6Tmej0kYIoI4VFOoA,http://www.youtube.com/channel/UCPNpSg6Tmej0kYIoI4VFOoA,Sauanime 
UCPNpWbJonN_3pyeYATJb_bg,http://www.youtube.com/channel/UCPNpWbJonN_3pyeYATJb_bg,Goose Boose
UCPO6-nB91pULf0z6h66jU8g,http://www.youtube.com/channel/UCPO6-nB91pULf0z6h66jU8g,aizon
UCPPjuJTt9jiOZNHScvEmvRg,http://www.youtube.com/channel/UCPPjuJTt9jiOZNHScvEmvRg,seDUCKtive
UCPR6qFG_Jf7z-oZ_mrqOHuA,http://www.youtube.com/channel/UCPR6qFG_Jf7z-oZ_mrqOHuA,NotNotBrock
UCPS3hxx_mOvuHQI29Td-2qg,http://www.youtube.com/channel/UCPS3hxx_mOvuHQI29Td-2qg,Crash Bandito NL
UCPUDh9wfhkQKe4tf-4qfL5A,http://www.youtube.com/channel/UCPUDh9wfhkQKe4tf-4qfL5A,Thrawan
UCPUe9uOcp1UMpVi6Vll60Jw,http://www.youtube.com/channel/UCPUe9uOcp1UMpVi6Vll60Jw,Garbaj
UCPVYjnkZ111N8_t6WakYb3w,http://www.youtube.com/channel/UCPVYjnkZ111N8_t6WakYb3w,semiwork
UCPWDTXx6AlYrGOjJyIDX_dg,http://www.youtube.com/channel/UCPWDTXx6AlYrGOjJyIDX_dg,〚Mild Conviction〛
UCPWEIH_IfcGqbWV89o84afA,http://www.youtube.com/channel/UCPWEIH_IfcGqbWV89o84afA,Smokin' Silicon
UCPX22eBpVB8bDVOb6BbhrlQ,http://www.youtube.com/channel/UCPX22eBpVB8bDVOb6BbhrlQ,Blargis
UCPXGFu34px86DdXwocV-bYA,http://www.youtube.com/channel/UCPXGFu34px86DdXwocV-bYA,Zyph
UCPXUHrnUXtOwqgUwT75f1-w,http://www.youtube.com/channel/UCPXUHrnUXtOwqgUwT75f1-w,Lazypianist
UCPYOggGkSobJaGX1QGcOwPg,http://www.youtube.com/channel/UCPYOggGkSobJaGX1QGcOwPg,Yura
UCPYmjJOdHaKsmOhY1VHifhA,http://www.youtube.com/channel/UCPYmjJOdHaKsmOhY1VHifhA,The Prolific Penman
UCPYruK2_BKsjHF1SBKgi9GQ,http://www.youtube.com/channel/UCPYruK2_BKsjHF1SBKgi9GQ,Tamir Omari
UCPZUQqtVDmcjm4NY5FkzqLA,http://www.youtube.com/channel/UCPZUQqtVDmcjm4NY5FkzqLA,Rousseau
UCP_7PkRS2vq5QAiE6Lt0IAg,http://www.youtube.com/channel/UCP_7PkRS2vq5QAiE6Lt0IAg,School of Chaos
UCP_9SfOsK0ZEa4hIPt95uyQ,http://www.youtube.com/channel/UCP_9SfOsK0ZEa4hIPt95uyQ,GG Pauruti
UCP_aCtluzF1hMhPQ6fRVWcg,http://www.youtube.com/channel/UCP_aCtluzF1hMhPQ6fRVWcg,Caden Troy
UCPaNI2VUDc2L0CUXTJzto4A,http://www.youtube.com/channel/UCPaNI2VUDc2L0CUXTJzto4A,Suri Solari Ch. V&U
UCPag8Bw_vQMeCcbOU2wYpKQ,http://www.youtube.com/channel/UCPag8Bw_vQMeCcbOU2wYpKQ,Pavel
UCPc9yOXlAFXcLILa104ZEKA,http://www.youtube.com/channel/UCPc9yOXlAFXcLILa104ZEKA,Dr. Dana Figura
UCPcABVoFfCK5gDfX0PY1KGg,http://www.youtube.com/channel/UCPcABVoFfCK5gDfX0PY1KGg,Drew Durnil
UCPcFg7aBbaVzXoIKSNqwaww,http://www.youtube.com/channel/UCPcFg7aBbaVzXoIKSNqwaww,jacksfilms
UCPdBQvBXN2iHIyFpamNHyJA,http://www.youtube.com/channel/UCPdBQvBXN2iHIyFpamNHyJA,Jett Lee
UCPdTzjn4Vod12WETff2nSbw,http://www.youtube.com/channel/UCPdTzjn4Vod12WETff2nSbw,PioSalt
UCPeHYppacy_xhUslNvs4mJQ,http://www.youtube.com/channel/UCPeHYppacy_xhUslNvs4mJQ,Adam Walker
UCPfjB94mhe8Gsnd9qIzUKHA,http://www.youtube.com/channel/UCPfjB94mhe8Gsnd9qIzUKHA,Jameskii
UCPgbe9MaPbVo0LWhYFY9JyA,http://www.youtube.com/channel/UCPgbe9MaPbVo0LWhYFY9JyA,MKTS
UCPgzEvY53oEnepyEedt-xqg,http://www.youtube.com/channel/UCPgzEvY53oEnepyEedt-xqg,Sean Williams
UCPhSm5yW2KVku3F7JqX6gSQ,http://www.youtube.com/channel/UCPhSm5yW2KVku3F7JqX6gSQ,Sphyxil :3
UCPhSwV34uS1LjyQGDgIGPvg,http://www.youtube.com/channel/UCPhSwV34uS1LjyQGDgIGPvg,AquaFlix
UCPiNob13oQLrrQibzyN1Vfw,http://www.youtube.com/channel/UCPiNob13oQLrrQibzyN1Vfw,U MEDIA
UCPk2s5c4R_d-EUUNvFFODoA,http://www.youtube.com/channel/UCPk2s5c4R_d-EUUNvFFODoA,Gohar Khan
UCPlBmqR8GzZ2Z_NhEFWcaAQ,http://www.youtube.com/channel/UCPlBmqR8GzZ2Z_NhEFWcaAQ,TrashedCans
UCPlobatZsCYJ5TqvrPHWibw,http://www.youtube.com/channel/UCPlobatZsCYJ5TqvrPHWibw,jordizx
UCPmcvVKoxK6PCRnWW83TmFg,http://www.youtube.com/channel/UCPmcvVKoxK6PCRnWW83TmFg,TheDapperPenguin
UCPmywqgo8tFd0D-6oV3ilgA,http://www.youtube.com/channel/UCPmywqgo8tFd0D-6oV3ilgA,jimmyantiporda
UCPo6U85VyVDMI_nEYc4YdHg,http://www.youtube.com/channel/UCPo6U85VyVDMI_nEYc4YdHg,migsy1
UCPo8rffMqnAYi2u7XqvTOzw,http://www.youtube.com/channel/UCPo8rffMqnAYi2u7XqvTOzw,Jace Diehl
UCPpagjmMRRktc16MymkBRaQ,http://www.youtube.com/channel/UCPpagjmMRRktc16MymkBRaQ,milo_lira05
UCPq2-pIQ7PvxKh2pnjK0W6Q,http://www.youtube.com/channel/UCPq2-pIQ7PvxKh2pnjK0W6Q,Yash Bhure
UCPqe2mHXHLdMiZ3fUiKdzOg,http://www.youtube.com/channel/UCPqe2mHXHLdMiZ3fUiKdzOg,Atakan Teoman
UCPrbh_9pghzmzkI1wJJRv7Q,http://www.youtube.com/channel/UCPrbh_9pghzmzkI1wJJRv7Q,Science Buddies
UCPsZ_0SkFdi551iYTG04R2g,http://www.youtube.com/channel/UCPsZ_0SkFdi551iYTG04R2g,CDawgVA
UCPt5dZyfOicIlsqWqFpipGg,http://www.youtube.com/channel/UCPt5dZyfOicIlsqWqFpipGg,Moments Media
UCPuduY__J6BEggw3wm3A2tg,http://www.youtube.com/channel/UCPuduY__J6BEggw3wm3A2tg,Blind on the Move
UCPvH1E6M-Ol2XLn8FtzQQ7Q,http://www.youtube.com/channel/UCPvH1E6M-Ol2XLn8FtzQQ7Q,Syrup
UCPvRdfUooqCf0zPOYvbBzVA,http://www.youtube.com/channel/UCPvRdfUooqCf0zPOYvbBzVA,mryeester
UCPvWKp0EGEk6933XXdF8h_A,http://www.youtube.com/channel/UCPvWKp0EGEk6933XXdF8h_A,Daily Jay
UCPvaDaeCvULM4x1HOAwBcOw,http://www.youtube.com/channel/UCPvaDaeCvULM4x1HOAwBcOw,Azumi Takahashi - Topic
UCPx8xgOfJjvkkRTjyuUndqA,http://www.youtube.com/channel/UCPx8xgOfJjvkkRTjyuUndqA,GoldenRose
UCPxpfKD1UeVRbP3DDcdUU4Q,http://www.youtube.com/channel/UCPxpfKD1UeVRbP3DDcdUU4Q,Emiru Shorts
UCPy4EQ9HhP-g9xc4yDahhnQ,http://www.youtube.com/channel/UCPy4EQ9HhP-g9xc4yDahhnQ,CORSAIR
UCPzWlhG7QM56Y8MYB3qMVnQ,http://www.youtube.com/channel/UCPzWlhG7QM56Y8MYB3qMVnQ,Electronic Gems
UCQ-4oqLDsQ7CKKb9POQDlgQ,http://www.youtube.com/channel/UCQ-4oqLDsQ7CKKb9POQDlgQ,Really RAS
UCQ-FOKOViMejlgg1gt5aflw,http://www.youtube.com/channel/UCQ-FOKOViMejlgg1gt5aflw,Gunslaya
UCQ-SiAcBBVR-YqspZXVideQ,http://www.youtube.com/channel/UCQ-SiAcBBVR-YqspZXVideQ,Comics Unlocked
UCQ1SCAxaYYdHNeJkpRGXavg,http://www.youtube.com/channel/UCQ1SCAxaYYdHNeJkpRGXavg,Best of Movies & TV
UCQ1aOToWpOdaIj1784_5M0g,http://www.youtube.com/channel/UCQ1aOToWpOdaIj1784_5M0g,CheeseParade
UCQ1eyPjYt_UAQW9YhEzIOvQ,http://www.youtube.com/channel/UCQ1eyPjYt_UAQW9YhEzIOvQ,Abbsynthe
UCQ1r-yVhBTp_Toc777TP6GQ,http://www.youtube.com/channel/UCQ1r-yVhBTp_Toc777TP6GQ,MTB Master
UCQ2FctLdG_R_TNqICJqfw2w,http://www.youtube.com/channel/UCQ2FctLdG_R_TNqICJqfw2w,SanteTv
UCQ2bCltQ6v1LoXUDPm6SxjA,http://www.youtube.com/channel/UCQ2bCltQ6v1LoXUDPm6SxjA,GUS
UCQ2eqwXrW4rBoJ8hLNBjHvA,http://www.youtube.com/channel/UCQ2eqwXrW4rBoJ8hLNBjHvA,IceBridget
UCQ3_CetMzJq2mrblHtqlDWw,http://www.youtube.com/channel/UCQ3_CetMzJq2mrblHtqlDWw,Diamond Shorts
UCQ3fDF8VVRsWIyEQ5kAJp3Q,http://www.youtube.com/channel/UCQ3fDF8VVRsWIyEQ5kAJp3Q,cringeiskey
UCQ3z3WUdPdQ9JZUefQHMPPA,http://www.youtube.com/channel/UCQ3z3WUdPdQ9JZUefQHMPPA,Encouraged
UCQ4AvkoyUTweQqMsMno24zA,http://www.youtube.com/channel/UCQ4AvkoyUTweQqMsMno24zA,GarrettTheCarrot
UCQ4zIVlfhsmvds7WuKeL2Bw,http://www.youtube.com/channel/UCQ4zIVlfhsmvds7WuKeL2Bw,PewDiePie Highlights
UCQ5w3fSomzziZfO7neK7eAg,http://www.youtube.com/channel/UCQ5w3fSomzziZfO7neK7eAg,AJR
UCQ8aZCnwTq1wzRJWiL-MIPw,http://www.youtube.com/channel/UCQ8aZCnwTq1wzRJWiL-MIPw,Mr_Booshot
UCQ8cUNttFpKGD-sLsq5vNKA,http://www.youtube.com/channel/UCQ8cUNttFpKGD-sLsq5vNKA,The Fallen Dove
UCQ9HvHH-KRYHI5ynj2kbLwQ,http://www.youtube.com/channel/UCQ9HvHH-KRYHI5ynj2kbLwQ,TheAMaazing
UCQ9STd0zeHrrQGJQEuvhuTw,http://www.youtube.com/channel/UCQ9STd0zeHrrQGJQEuvhuTw,Bismuth
UCQ9qxInZTJznj3O18qymalQ,http://www.youtube.com/channel/UCQ9qxInZTJznj3O18qymalQ,Christopher's Factory
UCQA-zxwk8ON_cvVNE7j_rug,http://www.youtube.com/channel/UCQA-zxwk8ON_cvVNE7j_rug,Arcade Bops
UCQAi3Q1KiKlOERMT6Uvnsvw,http://www.youtube.com/channel/UCQAi3Q1KiKlOERMT6Uvnsvw,Croton
UCQB-UXKgTdk-mO6T5vjzpCg,http://www.youtube.com/channel/UCQB-UXKgTdk-mO6T5vjzpCg,Darren M
UCQB4tWKrk3GDFvMfRSOVHdg,http://www.youtube.com/channel/UCQB4tWKrk3GDFvMfRSOVHdg,Dual Input
UCQBHhW1MqZcLJ3uZG4rzBLQ,http://www.youtube.com/channel/UCQBHhW1MqZcLJ3uZG4rzBLQ,RadioJH Games
UCQBJHoWMKDyg0_GpdoG1h-w,http://www.youtube.com/channel/UCQBJHoWMKDyg0_GpdoG1h-w,Something Sinister
UCQD-0MjUbDBwm2UTVYr0Dag,http://www.youtube.com/channel/UCQD-0MjUbDBwm2UTVYr0Dag,Suibhne
UCQDC8wLL9MMfjOTTH66LSNw,http://www.youtube.com/channel/UCQDC8wLL9MMfjOTTH66LSNw,Lunar Client
UCQDhxkSxZA6lxdeXE19aoRA,http://www.youtube.com/channel/UCQDhxkSxZA6lxdeXE19aoRA,Hugh Jeffreys
UCQET_vrEGR_csLsO7OOciXw,http://www.youtube.com/channel/UCQET_vrEGR_csLsO7OOciXw,deme +
UCQEnQfezywrAwkHWX_Uo_Qg,http://www.youtube.com/channel/UCQEnQfezywrAwkHWX_Uo_Qg,A Jolly Wangcore
UCQFhVbN6F03qbJ3re4KTx1g,http://www.youtube.com/channel/UCQFhVbN6F03qbJ3re4KTx1g,Moke Wed
UCQG40havu4kNpB4pxUDQhYQ,http://www.youtube.com/channel/UCQG40havu4kNpB4pxUDQhYQ,Acerola
UCQHAwkCsF1pYJ5PBK3xc5Mg,http://www.youtube.com/channel/UCQHAwkCsF1pYJ5PBK3xc5Mg,turkedits
UCQHGHseMvUG14kbmsBs3dEQ,http://www.youtube.com/channel/UCQHGHseMvUG14kbmsBs3dEQ,NIGHTOPERATOR
UCQHX6ViZmPsWiYSFAyS0a3Q,http://www.youtube.com/channel/UCQHX6ViZmPsWiYSFAyS0a3Q,GothamChess
UCQHldoL2stICpOoVLlDs-tA,http://www.youtube.com/channel/UCQHldoL2stICpOoVLlDs-tA,Max D. Capo
UCQHtGFb0AL8CQ5baSu4Qb3Q,http://www.youtube.com/channel/UCQHtGFb0AL8CQ5baSu4Qb3Q,Enter Plus+
UCQIUhhcmXsu6cN6n3y9-Pww,http://www.youtube.com/channel/UCQIUhhcmXsu6cN6n3y9-Pww,Jesser
UCQJQB-ij7HNYKCyNdi0Y--Q,http://www.youtube.com/channel/UCQJQB-ij7HNYKCyNdi0Y--Q,Make With Miles
UCQK6ce8AcTtD-PWGofDFYcQ,http://www.youtube.com/channel/UCQK6ce8AcTtD-PWGofDFYcQ,Isaiah Garza
UCQLBOKpgXrSj3nPU-YC3K9Q,http://www.youtube.com/channel/UCQLBOKpgXrSj3nPU-YC3K9Q,Universal Pictures UK
UCQMELFlXQL38KPm8kM-4Adg,http://www.youtube.com/channel/UCQMELFlXQL38KPm8kM-4Adg,Jay Leno's Garage
UCQMGAYCM47PI6rG09en0VGA,http://www.youtube.com/channel/UCQMGAYCM47PI6rG09en0VGA,AveryTheMayo
UCQMjMW-9PhWoH6TWwmnVWvA,http://www.youtube.com/channel/UCQMjMW-9PhWoH6TWwmnVWvA,CallMeCarson
UCQN8D4FGj1x1MfvCIeJcX7A,http://www.youtube.com/channel/UCQN8D4FGj1x1MfvCIeJcX7A,Fletcher Studios
UCQNZ8KCt9xiOVgYTxcIboTg,http://www.youtube.com/channel/UCQNZ8KCt9xiOVgYTxcIboTg,The Brandon Vu
UCQNwouWI7w6rG-UQSeEJYSQ,http://www.youtube.com/channel/UCQNwouWI7w6rG-UQSeEJYSQ,tapeQ
UCQQBbC25U6zJtGhxUnaPOLg,http://www.youtube.com/channel/UCQQBbC25U6zJtGhxUnaPOLg,Devyn Johnston
UCQQQr54y8cPBqSD69WtYOqg,http://www.youtube.com/channel/UCQQQr54y8cPBqSD69WtYOqg,Nostalgia Time
UCQQRiB8VpnqxLBJ0ZVWMRUQ,http://www.youtube.com/channel/UCQQRiB8VpnqxLBJ0ZVWMRUQ,Alan Plays
UCQRasll4PGIsPjIXeeZNeDg,http://www.youtube.com/channel/UCQRasll4PGIsPjIXeeZNeDg,Kyle Denning
UCQRhkTiW1bQyvvqk3_MMXlA,http://www.youtube.com/channel/UCQRhkTiW1bQyvvqk3_MMXlA,BinzuDev
UCQSEAbOs6vsJfy7WN7iYaGQ,http://www.youtube.com/channel/UCQSEAbOs6vsJfy7WN7iYaGQ,EazySpeezy
UCQSEQE_v1qYqUZX7ztYWwfw,http://www.youtube.com/channel/UCQSEQE_v1qYqUZX7ztYWwfw,Glamrock Dusky
UCQSpnDG3YsFNf5-qHocF-WQ,http://www.youtube.com/channel/UCQSpnDG3YsFNf5-qHocF-WQ,ThioJoe
UCQSyMY7y11SjZ1oL2OjD_bw,http://www.youtube.com/channel/UCQSyMY7y11SjZ1oL2OjD_bw,Jack
UCQURA_IHST41KrZsoyrKEbQ,http://www.youtube.com/channel/UCQURA_IHST41KrZsoyrKEbQ,VaazkL
UCQVZyRwjli3YS4rHb9bQ0Pg,http://www.youtube.com/channel/UCQVZyRwjli3YS4rHb9bQ0Pg,dbrand
UCQVwn0HNVFhg52-8ln0WJSw,http://www.youtube.com/channel/UCQVwn0HNVFhg52-8ln0WJSw,Iron Chef Dad
UCQZi2YXSxc6BSK4mZHql8ag,http://www.youtube.com/channel/UCQZi2YXSxc6BSK4mZHql8ag,SportsNation
UCQaCpz5iRq3z5s8fMMURN4w,http://www.youtube.com/channel/UCQaCpz5iRq3z5s8fMMURN4w, Blenké
UCQaNjJ7Iwx-l91F5_gBJhiQ,http://www.youtube.com/channel/UCQaNjJ7Iwx-l91F5_gBJhiQ,McBirken
UCQaVcOXtnkCs9fEBBUkW7wA,http://www.youtube.com/channel/UCQaVcOXtnkCs9fEBBUkW7wA,Freyjinn
UCQcy--L7uklBsMTR8Zi7_1Q,http://www.youtube.com/channel/UCQcy--L7uklBsMTR8Zi7_1Q,Build Brick Robots
UCQd5vlGVdwPFM_4KgCNJZog,http://www.youtube.com/channel/UCQd5vlGVdwPFM_4KgCNJZog,LANGDON
UCQdWRi-0Inueo5yK_A-TqOw,http://www.youtube.com/channel/UCQdWRi-0Inueo5yK_A-TqOw,?
UCQeDjGVRTWAApRmP_xFWaRA,http://www.youtube.com/channel/UCQeDjGVRTWAApRmP_xFWaRA,Not David
UCQegxyytmSfHu4sNrSIlSLg,http://www.youtube.com/channel/UCQegxyytmSfHu4sNrSIlSLg,popipop1238
UCQgIYMZH87kwrrV9UsoNN2g,http://www.youtube.com/channel/UCQgIYMZH87kwrrV9UsoNN2g,ChunnyKay
UCQh8gRUhjCR50vVIr7sXzIg,http://www.youtube.com/channel/UCQh8gRUhjCR50vVIr7sXzIg,russnowestbrook
UCQj3wPCkT5XFUBfg8hyqKxg,http://www.youtube.com/channel/UCQj3wPCkT5XFUBfg8hyqKxg,Pawrimou
UCQjABsDvQs4idH56oxcGcEQ,http://www.youtube.com/channel/UCQjABsDvQs4idH56oxcGcEQ,Blue Vivacity
UCQjZNr8QT0oUL1Z0kUbqrvg,http://www.youtube.com/channel/UCQjZNr8QT0oUL1Z0kUbqrvg,Nikocado Shorts
UCQkLnjKPY3kS4cKNYJczfng,http://www.youtube.com/channel/UCQkLnjKPY3kS4cKNYJczfng,Haykke
UCQmzgjEb7X6--w7CSE1erJg,http://www.youtube.com/channel/UCQmzgjEb7X6--w7CSE1erJg,Slimecicle
UCQn81vELxGe5juPDVe0xJgg,http://www.youtube.com/channel/UCQn81vELxGe5juPDVe0xJgg,Mr_Korwaldski
UCQnMw9GGDS3xO6fN5oae-4w,http://www.youtube.com/channel/UCQnMw9GGDS3xO6fN5oae-4w,Know Art
UCQoxNTEhzP71Om3523W2hyw,http://www.youtube.com/channel/UCQoxNTEhzP71Om3523W2hyw,SWEGTA
UCQpKjWiCLd-8Yner6pIDddA,http://www.youtube.com/channel/UCQpKjWiCLd-8Yner6pIDddA,GreyBox FNAF
UCQpmagdzzl7npKEicM7tUrw,http://www.youtube.com/channel/UCQpmagdzzl7npKEicM7tUrw,Thom O'Clock
UCQqGABUi2q_zeixz7js2J3g,http://www.youtube.com/channel/UCQqGABUi2q_zeixz7js2J3g,vogurt99
UCQqTg6LMpBiXx9ulRfjapsg,http://www.youtube.com/channel/UCQqTg6LMpBiXx9ulRfjapsg,Michael Reeves Fan Channel
UCQqZ2N5NxMlKBUoC5mRbtNQ,http://www.youtube.com/channel/UCQqZ2N5NxMlKBUoC5mRbtNQ,BonusWolfe
UCQqaNnVhS1w_iTeFaIJsXog,http://www.youtube.com/channel/UCQqaNnVhS1w_iTeFaIJsXog,Channel 4 Comedy
UCQqi--mpTFtGNim0WCtPH-A,http://www.youtube.com/channel/UCQqi--mpTFtGNim0WCtPH-A,Nukazooka
UCQqqKII7lXI4xpR9In-kQtg,http://www.youtube.com/channel/UCQqqKII7lXI4xpR9In-kQtg,Stealth
UCQtJ7Pz0-3s2dcxU09xxljA,http://www.youtube.com/channel/UCQtJ7Pz0-3s2dcxU09xxljA,BOB
UCQtdLWwRmuP0-mmnrXzeLIQ,http://www.youtube.com/channel/UCQtdLWwRmuP0-mmnrXzeLIQ,Brendan J. Fox
UCQthbyOqjFM8FXLmj1vrdcg,http://www.youtube.com/channel/UCQthbyOqjFM8FXLmj1vrdcg,The Auto Space 
UCQtpYuY4_zu0JP9HTLpbbPg,http://www.youtube.com/channel/UCQtpYuY4_zu0JP9HTLpbbPg,MSMPokeGamer / MPG
UCQtxituvqwootfE4UpI4Osg,http://www.youtube.com/channel/UCQtxituvqwootfE4UpI4Osg,Austin Felt
UCQtzXAhoVnSzYZZ0hoo98rA,http://www.youtube.com/channel/UCQtzXAhoVnSzYZZ0hoo98rA,FundyCLIPS
UCQusOzwwyXsHoDuyvqcbwjQ,http://www.youtube.com/channel/UCQusOzwwyXsHoDuyvqcbwjQ,Outerminds
UCQv6kiVjFbeCCUXciZWJAfg,http://www.youtube.com/channel/UCQv6kiVjFbeCCUXciZWJAfg,Void Darc
UCQvCz9JVOMKGW_9P57FX9Xw,http://www.youtube.com/channel/UCQvCz9JVOMKGW_9P57FX9Xw,MRVL MLTVRS
UCQvW_89l7f-hCMP1pzGm4xw,http://www.youtube.com/channel/UCQvW_89l7f-hCMP1pzGm4xw,Nathan Baggs
UCQvel0au5qfHJO5hVPWpgqg,http://www.youtube.com/channel/UCQvel0au5qfHJO5hVPWpgqg,The Memeologist
UCQxY4XGewrkHHiza-9P9Szg,http://www.youtube.com/channel/UCQxY4XGewrkHHiza-9P9Szg,Clot
UCQzlByTT5-cWUR5VjhXmflA,http://www.youtube.com/channel/UCQzlByTT5-cWUR5VjhXmflA,Dyslexic Mitochondria
UCR-20lvg-l-UvfxGGrzlUAA,http://www.youtube.com/channel/UCR-20lvg-l-UvfxGGrzlUAA,SecretWhispersOfCrime
UCR-DXc1voovS8nhAvccRZhg,http://www.youtube.com/channel/UCR-DXc1voovS8nhAvccRZhg,Jeff Geerling
UCR-G3VlhwptHgqKDzIf_PNw,http://www.youtube.com/channel/UCR-G3VlhwptHgqKDzIf_PNw,Joey M
UCR0VLWitB2xM4q7tjkoJUPw,http://www.youtube.com/channel/UCR0VLWitB2xM4q7tjkoJUPw,Vlog Creations
UCR1D15p_vdP3HkrH8wgjQRw,http://www.youtube.com/channel/UCR1D15p_vdP3HkrH8wgjQRw,Internet Historian
UCR1IuLEqb6UEA_zQ81kwXfg,http://www.youtube.com/channel/UCR1IuLEqb6UEA_zQ81kwXfg,Real Engineering
UCR1qMuho8nb_9bnj-8zj7pQ,http://www.youtube.com/channel/UCR1qMuho8nb_9bnj-8zj7pQ,RT The Hero
UCR3uWHAgW1fBSty5jTZSORg,http://www.youtube.com/channel/UCR3uWHAgW1fBSty5jTZSORg,Pyrocynical TV
UCR4SZzRrEM2FT_KHvzmF4gA,http://www.youtube.com/channel/UCR4SZzRrEM2FT_KHvzmF4gA,Rastral
UCR4ZpFWX29p4YCajQA5fcfQ,http://www.youtube.com/channel/UCR4ZpFWX29p4YCajQA5fcfQ,TechJoyce
UCR4s1DE9J4DHzZYXMltSMAg,http://www.youtube.com/channel/UCR4s1DE9J4DHzZYXMltSMAg,HowToBasic
UCR4u8Ny7c3V8qkvIF3JJG-Q,http://www.youtube.com/channel/UCR4u8Ny7c3V8qkvIF3JJG-Q,Kevin Temmer Tunes
UCR5Sp0FfG8eF7Z6rSuWB_Cg,http://www.youtube.com/channel/UCR5Sp0FfG8eF7Z6rSuWB_Cg,‌
UCR66PqmNmr5ITEZMuLMoAbQ,http://www.youtube.com/channel/UCR66PqmNmr5ITEZMuLMoAbQ,Hockeykid13
UCR6GsqF23pAy5H0YM-xJQxg,http://www.youtube.com/channel/UCR6GsqF23pAy5H0YM-xJQxg,f
UCR6LasBpceuYUhuLToKBzvQ,http://www.youtube.com/channel/UCR6LasBpceuYUhuLToKBzvQ,Solar Sands
UCR6lQ3uas76g9cFdVrKQEmQ,http://www.youtube.com/channel/UCR6lQ3uas76g9cFdVrKQEmQ,ComixConsumed
UCR6sWtUZauJKpBH7AM9oLsA,http://www.youtube.com/channel/UCR6sWtUZauJKpBH7AM9oLsA,Ahmed’s_World
UCR6vp4AIo220zNn0J68NOKQ,http://www.youtube.com/channel/UCR6vp4AIo220zNn0J68NOKQ,Testytwister gaming
UCR9Gcq0CMm6YgTzsDxAxjOQ,http://www.youtube.com/channel/UCR9Gcq0CMm6YgTzsDxAxjOQ,Grian
UCR9RH0VfLFwAlk4D1eZb4nw,http://www.youtube.com/channel/UCR9RH0VfLFwAlk4D1eZb4nw,DevNova
UCR9sFzaG9Ia_kXJhfxtFMBA,http://www.youtube.com/channel/UCR9sFzaG9Ia_kXJhfxtFMBA,melodysheep
UCRBLp7d0f2JPluCbxC_pa4Q,http://www.youtube.com/channel/UCRBLp7d0f2JPluCbxC_pa4Q,mrpancake4343
UCRBmN9M6qFigyec_G1MQM4g,http://www.youtube.com/channel/UCRBmN9M6qFigyec_G1MQM4g,TortillaDelta13
UCRC6cNamj9tYAO6h_RXd5xA,http://www.youtube.com/channel/UCRC6cNamj9tYAO6h_RXd5xA,RTGame
UCRCG13lgHejxy-3uKJctMIw,http://www.youtube.com/channel/UCRCG13lgHejxy-3uKJctMIw,Creative Sky
UCRCu88edlpWK1vCB1ZcPdTw,http://www.youtube.com/channel/UCRCu88edlpWK1vCB1ZcPdTw,Team Spirit
UCRCzzzS_kI6lAimteTAIibg,http://www.youtube.com/channel/UCRCzzzS_kI6lAimteTAIibg,Adorian
UCRDGoUiPVitiB6Ks_esR7rg,http://www.youtube.com/channel/UCRDGoUiPVitiB6Ks_esR7rg,Therm
UCRDWbupIgwPM2pD4EgSiEDA,http://www.youtube.com/channel/UCRDWbupIgwPM2pD4EgSiEDA,Summoning Alt
UCRDkmsz-Oz3rdtDRyHAPkcg,http://www.youtube.com/channel/UCRDkmsz-Oz3rdtDRyHAPkcg,Sledding Game
UCREHHX2Lk_BYGS9R0ia7DDQ,http://www.youtube.com/channel/UCREHHX2Lk_BYGS9R0ia7DDQ,Rantoni
UCREa2DYQx7m9vHFIpbmt2-w,http://www.youtube.com/channel/UCREa2DYQx7m9vHFIpbmt2-w,PippenFTS
UCREgA-BmOocJ9Is_bZV6aJQ,http://www.youtube.com/channel/UCREgA-BmOocJ9Is_bZV6aJQ,Shark Tank Global
UCRFSF9WS_g0wqm32kjJ-jNw,http://www.youtube.com/channel/UCRFSF9WS_g0wqm32kjJ-jNw,jacobweeby
UCRGaAiFJj9YvEX-6wbldWmw,http://www.youtube.com/channel/UCRGaAiFJj9YvEX-6wbldWmw,Gabfr
UCRHHZCiooKwT9AYz4y8H8oQ,http://www.youtube.com/channel/UCRHHZCiooKwT9AYz4y8H8oQ,NFT Aware
UCRHXUZ0BxbkU2MYZgsuFgkQ,http://www.youtube.com/channel/UCRHXUZ0BxbkU2MYZgsuFgkQ,The Spiffing Brit
UCRHz5yaHGxmxtIWqubBbUNQ,http://www.youtube.com/channel/UCRHz5yaHGxmxtIWqubBbUNQ,iClassic
UCRI00CwLZdLRCWg5BdDOsNw,http://www.youtube.com/channel/UCRI00CwLZdLRCWg5BdDOsNw,The Canadian Lad
UCRI5ZedBs0_BYY4PlxD6m7w,http://www.youtube.com/channel/UCRI5ZedBs0_BYY4PlxD6m7w,McDonald's
UCRIgIJQWuBJ0Cv_VlU3USNA,http://www.youtube.com/channel/UCRIgIJQWuBJ0Cv_VlU3USNA,ヨルシカ / n-buna Official
UCRJ4v7YE5nvri9ARLuMXaCQ,http://www.youtube.com/channel/UCRJ4v7YE5nvri9ARLuMXaCQ,Rob Law
UCRJBLIR5E1bfDmq3kAzRpeg,http://www.youtube.com/channel/UCRJBLIR5E1bfDmq3kAzRpeg,Mogswamp
UCRJfhiurUHsH2_d907Jr23A,http://www.youtube.com/channel/UCRJfhiurUHsH2_d907Jr23A,Spongeboss97
UCRK1GjpnBv5jstA1QE9oQwg,http://www.youtube.com/channel/UCRK1GjpnBv5jstA1QE9oQwg,ElSkeptico
UCRKSrMrvcSBabW-U-g6S-fg,http://www.youtube.com/channel/UCRKSrMrvcSBabW-U-g6S-fg,Sorbet Cafe
UCRKb_xpF6Z2PGHJki0cuigw,http://www.youtube.com/channel/UCRKb_xpF6Z2PGHJki0cuigw,Bizabizow
UCRLHJ-7b4pjDpBBHAUXEvjQ,http://www.youtube.com/channel/UCRLHJ-7b4pjDpBBHAUXEvjQ,conaticus
UCRLcJ7OT4ISLOqVKtgUx08g,http://www.youtube.com/channel/UCRLcJ7OT4ISLOqVKtgUx08g,Big Shirt Gaming
UCRLhvm_FxdXWi_QGV3t6tTA,http://www.youtube.com/channel/UCRLhvm_FxdXWi_QGV3t6tTA,Sanjin Đumišić
UCRMQ2doM9hScVCzQSn3hmog,http://www.youtube.com/channel/UCRMQ2doM9hScVCzQSn3hmog,Lufa
UCRO3GPfCJV_oYucehuHND-g,http://www.youtube.com/channel/UCRO3GPfCJV_oYucehuHND-g,JackManifoldVODS
UCROQqK3_z79JuTetNP3pIXQ,http://www.youtube.com/channel/UCROQqK3_z79JuTetNP3pIXQ,captainmidnight
UCROkFwHWMk5QeZK_LHJPu5g,http://www.youtube.com/channel/UCROkFwHWMk5QeZK_LHJPu5g,doctor4t
UCRPN4vxGPlSKmutwd7r01LA,http://www.youtube.com/channel/UCRPN4vxGPlSKmutwd7r01LA,Joe Jenkins 2
UCRPXurPTfUGPFdDQqFrtr5A,http://www.youtube.com/channel/UCRPXurPTfUGPFdDQqFrtr5A,Cinemaze
UCRPdsCVuH53rcbTcEkuY4uQ,http://www.youtube.com/channel/UCRPdsCVuH53rcbTcEkuY4uQ,Moore's Law Is Dead
UCRQ5NgqmyhNA8ZjAKczbCXA,http://www.youtube.com/channel/UCRQ5NgqmyhNA8ZjAKczbCXA,Flux
UCRQXBa4_Wtk1icttD3rBnqg,http://www.youtube.com/channel/UCRQXBa4_Wtk1icttD3rBnqg,avatardotpng
UCRQd_WssjBsU2HTqD2ZlAUg,http://www.youtube.com/channel/UCRQd_WssjBsU2HTqD2ZlAUg,RobloxGuest
UCRRCvdhmVfrN3obf74_EmwQ,http://www.youtube.com/channel/UCRRCvdhmVfrN3obf74_EmwQ,Braydenn_mexe
UCRRr_xrOm66qaigIbwFLvbQ,http://www.youtube.com/channel/UCRRr_xrOm66qaigIbwFLvbQ,Simon Clark
UCRS3_dsBPTN8VVyu0j3Xnsw,http://www.youtube.com/channel/UCRS3_dsBPTN8VVyu0j3Xnsw,MattKC Bytes
UCRT-eoTn5rTaG54Ytlptkhw,http://www.youtube.com/channel/UCRT-eoTn5rTaG54Ytlptkhw,iconic
UCRTY_HT-0NTZY6GAUnHtsTg,http://www.youtube.com/channel/UCRTY_HT-0NTZY6GAUnHtsTg,Deo
UCRTrP9PyGur7ToJPMrL_dYQ,http://www.youtube.com/channel/UCRTrP9PyGur7ToJPMrL_dYQ,Chompshop
UCRUoeTmOebT9gJ0XVKfY74Q,http://www.youtube.com/channel/UCRUoeTmOebT9gJ0XVKfY74Q,Nelson Boys
UCRVtlcqayOmyuLIDrT3ng1w,http://www.youtube.com/channel/UCRVtlcqayOmyuLIDrT3ng1w,Jay & Sharon
UCRWhgtUh5QOw8KXGKCdd4VQ,http://www.youtube.com/channel/UCRWhgtUh5QOw8KXGKCdd4VQ,Desperate Horseman
UCRWu77ldqaQboq3JXLd5waQ,http://www.youtube.com/channel/UCRWu77ldqaQboq3JXLd5waQ,Daniel Wall
UCRXRbi80k0_vcIfgpOSerTg,http://www.youtube.com/channel/UCRXRbi80k0_vcIfgpOSerTg,Subject Zero Science
UCRXiA3h1no_PFkb1JCP0yMA,http://www.youtube.com/channel/UCRXiA3h1no_PFkb1JCP0yMA,Vogue
UCRYOj4DmyxhBVrdvbsUwmAA,http://www.youtube.com/channel/UCRYOj4DmyxhBVrdvbsUwmAA,optimum
UCRYRflDbmLvzjiFLEcJ-yVA,http://www.youtube.com/channel/UCRYRflDbmLvzjiFLEcJ-yVA,sal
UCRZ5-H-PV_2jsj3JsB9uU2A,http://www.youtube.com/channel/UCRZ5-H-PV_2jsj3JsB9uU2A,BlazingVictini
UCR_8NDPrC0cwoAhvxmx1kgg,http://www.youtube.com/channel/UCR_8NDPrC0cwoAhvxmx1kgg,Nagzz
UCR_J_SntqJh5eXw66d5hJxA,http://www.youtube.com/channel/UCR_J_SntqJh5eXw66d5hJxA,Matthew Beem
UCR_kFbcwWy1cKLCkmcMf4lg,http://www.youtube.com/channel/UCR_kFbcwWy1cKLCkmcMf4lg,ABC Science
UCRa3vKZ7BG0Dcv4t_add-KQ,http://www.youtube.com/channel/UCRa3vKZ7BG0Dcv4t_add-KQ,Michael Blaustein
UCRaFvWnrMRHBtGYveWyIlGg,http://www.youtube.com/channel/UCRaFvWnrMRHBtGYveWyIlGg,AkaneMikkyo
UCRb6Mw3fJ6OFzp-cB9X29aA,http://www.youtube.com/channel/UCRb6Mw3fJ6OFzp-cB9X29aA,Junferno
UCRbFVJegmQzrP6sGc8Ep7KQ,http://www.youtube.com/channel/UCRbFVJegmQzrP6sGc8Ep7KQ,Doomed
UCRbhmD56b-0cwLw73UAK2Yg,http://www.youtube.com/channel/UCRbhmD56b-0cwLw73UAK2Yg,Flatlife
UCRcam0RTtiv85oGAiPpbz6g,http://www.youtube.com/channel/UCRcam0RTtiv85oGAiPpbz6g,Element X
UCRcgy6GzDeccI7dkbbBna3Q,http://www.youtube.com/channel/UCRcgy6GzDeccI7dkbbBna3Q,LEMMiNO
UCRexPboeVnvnuK0aXtHqu_Q,http://www.youtube.com/channel/UCRexPboeVnvnuK0aXtHqu_Q,Raymond Cripps
UCRfQOSZV8azix7GdSdMIIFQ,http://www.youtube.com/channel/UCRfQOSZV8azix7GdSdMIIFQ,Octave Industries
UCRg2tBkpKYDxOKtX3GvLZcQ,http://www.youtube.com/channel/UCRg2tBkpKYDxOKtX3GvLZcQ,Retro Dodo
UCRg6gmQfP4fmpLpYXq7GoCA,http://www.youtube.com/channel/UCRg6gmQfP4fmpLpYXq7GoCA,ex_channel
UCRijo3ddMTht_IHyNSNXpNQ,http://www.youtube.com/channel/UCRijo3ddMTht_IHyNSNXpNQ,Dude Perfect
UCRkUaOkFBbAJwq3vBn99wBg,http://www.youtube.com/channel/UCRkUaOkFBbAJwq3vBn99wBg,Hoodie Allen
UCRlEFn0L2G_DktbyvN0AZ5A,http://www.youtube.com/channel/UCRlEFn0L2G_DktbyvN0AZ5A,WadZee
UCRlICXvO4XR4HMeEB9JjDlA,http://www.youtube.com/channel/UCRlICXvO4XR4HMeEB9JjDlA,Thoughty2
UCRlQzuVeYxTDPobPN1jaVkQ,http://www.youtube.com/channel/UCRlQzuVeYxTDPobPN1jaVkQ,Cyon Hart Ch. V&U
UCRmnt09hfWo6hD574tLVVDQ,http://www.youtube.com/channel/UCRmnt09hfWo6hD574tLVVDQ,EWU Bodycam
UCRnCESkQPseZiFVxdFQARjg,http://www.youtube.com/channel/UCRnCESkQPseZiFVxdFQARjg,3b1b shorts
UCRnFFbaAMSUjue6j38zufcg,http://www.youtube.com/channel/UCRnFFbaAMSUjue6j38zufcg,TommyCFigs
UCRnFpa5uqnmo6zfidWpvQPw,http://www.youtube.com/channel/UCRnFpa5uqnmo6zfidWpvQPw,obi-wan productions
UCRnIAoFx0HZ2xgRzANTTEbA,http://www.youtube.com/channel/UCRnIAoFx0HZ2xgRzANTTEbA,Keifker
UCRnj_6JPKV0UkVEhBzoyaaQ,http://www.youtube.com/channel/UCRnj_6JPKV0UkVEhBzoyaaQ,SkyBoi
UCRo2QRW-vEsQ-Z9ebvlfCSg,http://www.youtube.com/channel/UCRo2QRW-vEsQ-Z9ebvlfCSg,B Hobby
UCRoTVU59Vtv_xxTJPpoDscw,http://www.youtube.com/channel/UCRoTVU59Vtv_xxTJPpoDscw,BedeGeneris
UCRorT5RRDMUB_v1JO90bLDw,http://www.youtube.com/channel/UCRorT5RRDMUB_v1JO90bLDw,Haydn Russell
UCRowucMlOaXLd_C2Qiqj0TA,http://www.youtube.com/channel/UCRowucMlOaXLd_C2Qiqj0TA,Ado fan
UCRrI36DlobH2OgknMjC3Rfw,http://www.youtube.com/channel/UCRrI36DlobH2OgknMjC3Rfw,GunnarTVLive
UCRreoxKq62tZGUe8Co9Q8-Q,http://www.youtube.com/channel/UCRreoxKq62tZGUe8Co9Q8-Q,wattz
UCRssngNOZ9DN2uAU18sLiUQ,http://www.youtube.com/channel/UCRssngNOZ9DN2uAU18sLiUQ,Lynix
UCRt9faN87AzueiJdFnh1GAw,http://www.youtube.com/channel/UCRt9faN87AzueiJdFnh1GAw,八神桃花
UCRtyLX-ej-H1PSiaw8g9aIA,http://www.youtube.com/channel/UCRtyLX-ej-H1PSiaw8g9aIA,gnembon
UCRvI6n9jIt2uo_YBsm3Asxw,http://www.youtube.com/channel/UCRvI6n9jIt2uo_YBsm3Asxw,Zackaria
UCRvcDpyxCVmlLI8Q2TjRpmg,http://www.youtube.com/channel/UCRvcDpyxCVmlLI8Q2TjRpmg,OwO
UCRwczJ_nk1t9IGHyHfHbXRQ,http://www.youtube.com/channel/UCRwczJ_nk1t9IGHyHfHbXRQ,Nathaniel Bandy
UCRy3x-G3MJgPb71vSm-qMpA,http://www.youtube.com/channel/UCRy3x-G3MJgPb71vSm-qMpA,NoodleBot
UCRyIP2oznv4UPAl1jmKS5kA,http://www.youtube.com/channel/UCRyIP2oznv4UPAl1jmKS5kA,Top 10s
UCRywINEIlN-qEg9lp9XS3lQ,http://www.youtube.com/channel/UCRywINEIlN-qEg9lp9XS3lQ,Yeah VTube Clips
UCS-G4LACEcsOOi23gCiyLrw,http://www.youtube.com/channel/UCS-G4LACEcsOOi23gCiyLrw,Level Bound Studios
UCS-WzPVpAAli-1IfEG2lN8A,http://www.youtube.com/channel/UCS-WzPVpAAli-1IfEG2lN8A,Michael MJD
UCS-rn3PHxRmk8rGz5DVSPJg,http://www.youtube.com/channel/UCS-rn3PHxRmk8rGz5DVSPJg,Led By Donkeys
UCS0AAs7t62rKfnrql2fbo9A,http://www.youtube.com/channel/UCS0AAs7t62rKfnrql2fbo9A,"Mrs. Betty Bowers, America's Best Christian"
UCS0N5baNlQWJCUrhCEo8WlA,http://www.youtube.com/channel/UCS0N5baNlQWJCUrhCEo8WlA,Ben Eater
UCS0sDv96fCuwZhEuE-8lHkA,http://www.youtube.com/channel/UCS0sDv96fCuwZhEuE-8lHkA,PrinceZamShorts
UCS0tiaCChXRF_XpU5TmlWSQ,http://www.youtube.com/channel/UCS0tiaCChXRF_XpU5TmlWSQ,Daily Max
UCS13LB9MAWi244LPR9gBABA,http://www.youtube.com/channel/UCS13LB9MAWi244LPR9gBABA,KJ Revs
UCS1RbrMgMas37BD4ELZNCHQ,http://www.youtube.com/channel/UCS1RbrMgMas37BD4ELZNCHQ,Dan Vineberg
UCS1ffAl8fCSNRm3c2OEEKeQ,http://www.youtube.com/channel/UCS1ffAl8fCSNRm3c2OEEKeQ,AKBear
UCS1msmK9B0_9Bmmlf9NOUJQ,http://www.youtube.com/channel/UCS1msmK9B0_9Bmmlf9NOUJQ,MJVERSE
UCS31Mv79XvC9-LuesASACBg,http://www.youtube.com/channel/UCS31Mv79XvC9-LuesASACBg,Lady Lofu
UCS3rcqoSoXD8p23gsoORZNA,http://www.youtube.com/channel/UCS3rcqoSoXD8p23gsoORZNA,Jacob Knowles
UCS5Oz6CHmeoF7vSad0qqXfw,http://www.youtube.com/channel/UCS5Oz6CHmeoF7vSad0qqXfw,DanTDM
UCS5ZrdD5V0GXxCDiFCVUABg,http://www.youtube.com/channel/UCS5ZrdD5V0GXxCDiFCVUABg,Maddie Massy
UCS85PXHRkizrbGHBCe4tV3g,http://www.youtube.com/channel/UCS85PXHRkizrbGHBCe4tV3g,Karsten Runquist
UCS8ZdcE_7T-79f2a0xKPXrQ,http://www.youtube.com/channel/UCS8ZdcE_7T-79f2a0xKPXrQ,SuperGearLand
UCS8fyC6uJBHcJ_1QLuPmTEA,http://www.youtube.com/channel/UCS8fyC6uJBHcJ_1QLuPmTEA,storm
UCS9BA0z6clyR-SWaMgPedNg,http://www.youtube.com/channel/UCS9BA0z6clyR-SWaMgPedNg,SoundMoneyMetals
UCS9SQy7tcpisbfqhiXBWV9w,http://www.youtube.com/channel/UCS9SQy7tcpisbfqhiXBWV9w,Froyo Dealer | Nyanners and Aethelstan Clips
UCSA8dE0Bv5587UpGmbEQzGw,http://www.youtube.com/channel/UCSA8dE0Bv5587UpGmbEQzGw,Jerry B
UCSAcQWrCnU0HhtiNinSywcw,http://www.youtube.com/channel/UCSAcQWrCnU0HhtiNinSywcw,Crime Pulse TV
UCSBPzXzIiNrrQFJOdG9TVkA,http://www.youtube.com/channel/UCSBPzXzIiNrrQFJOdG9TVkA,Talkin' Bout
UCSC1TOJ4B_aw5o9T9EPo6hA,http://www.youtube.com/channel/UCSC1TOJ4B_aw5o9T9EPo6hA,beatdownboogie
UCSC6F-cM6_Xm3aJnHs6ZDVA,http://www.youtube.com/channel/UCSC6F-cM6_Xm3aJnHs6ZDVA,Joeseppi
UCSCnfCFCQ_vlJntizWy1EJg,http://www.youtube.com/channel/UCSCnfCFCQ_vlJntizWy1EJg,Massimo’s Aquatics
UCSCoziKHqjqbox3Fv3Pb4BA,http://www.youtube.com/channel/UCSCoziKHqjqbox3Fv3Pb4BA,theScore esports
UCSDLsX6W-6u8Kum07Dgw1zQ,http://www.youtube.com/channel/UCSDLsX6W-6u8Kum07Dgw1zQ,WaveTV
UCSDSrPWjGYnSRzUXrhR8kNQ,http://www.youtube.com/channel/UCSDSrPWjGYnSRzUXrhR8kNQ,Erasers45 - Studios
UCSDiMahT5qDCjoWtzruztkw,http://www.youtube.com/channel/UCSDiMahT5qDCjoWtzruztkw,ambiguousamphibian
UCSEWYlR9QZd3MLFugA_95HA,http://www.youtube.com/channel/UCSEWYlR9QZd3MLFugA_95HA,Lord Frogmire
UCSEWdYNomCQcvDbQyyXqG1A,http://www.youtube.com/channel/UCSEWdYNomCQcvDbQyyXqG1A,EMBRR
UCSE_JyJeiJQvg3RCnSD272Q,http://www.youtube.com/channel/UCSE_JyJeiJQvg3RCnSD272Q,SmugAlana
UCSEyj_x_vSvpz9nQADzyHPw,http://www.youtube.com/channel/UCSEyj_x_vSvpz9nQADzyHPw,Seprewa
UCSFRdJrY_38i_ZSy22Zds1Q,http://www.youtube.com/channel/UCSFRdJrY_38i_ZSy22Zds1Q,VVitch
UCSFZI9mjK5jda0sYFhyZDHA,http://www.youtube.com/channel/UCSFZI9mjK5jda0sYFhyZDHA,Emeral
UCSGvblQvoREfZr0lth0ds8A,http://www.youtube.com/channel/UCSGvblQvoREfZr0lth0ds8A,musicat
UCSI0StWcKt8hhCQFHTaWnQQ,http://www.youtube.com/channel/UCSI0StWcKt8hhCQFHTaWnQQ,Red Carpet News TV
UCSIh61fF4OOw_vc0kiVaEjw,http://www.youtube.com/channel/UCSIh61fF4OOw_vc0kiVaEjw,Haku haku haku
UCSJ4gkVC6NrvII8umztf0Ow,http://www.youtube.com/channel/UCSJ4gkVC6NrvII8umztf0Ow,Lofi Girl
UCSJuKkObJ0fvcz8krT-xhUg,http://www.youtube.com/channel/UCSJuKkObJ0fvcz8krT-xhUg,Ripley's Believe It or Not!
UCSK-enY0osHs43nB_qVNIVg,http://www.youtube.com/channel/UCSK-enY0osHs43nB_qVNIVg,NICKtendo
UCSK1tsfRrVSwJ59rD2gGZyQ,http://www.youtube.com/channel/UCSK1tsfRrVSwJ59rD2gGZyQ,LyoLynx
UCSK6NOvd6ataYQe3Idf8ExQ,http://www.youtube.com/channel/UCSK6NOvd6ataYQe3Idf8ExQ,AlexPalex
UCSKYDix_uXwuPMfBSG0p45A,http://www.youtube.com/channel/UCSKYDix_uXwuPMfBSG0p45A,Josh Kreuger
UCSKqugpA-4GuOSq044--z7Q,http://www.youtube.com/channel/UCSKqugpA-4GuOSq044--z7Q,Ste 一番
UCSL8h6TsvdnGampuxJldwNg,http://www.youtube.com/channel/UCSL8h6TsvdnGampuxJldwNg,Scrub Daddy
UCSLAT2AVACxik7Ez8f9nsRQ,http://www.youtube.com/channel/UCSLAT2AVACxik7Ez8f9nsRQ,shovel241
UCSLpjTdwmAM701Dz9semGuA,http://www.youtube.com/channel/UCSLpjTdwmAM701Dz9semGuA,NickFPV
UCSMZPYKUC1WXl5KseRBI9yA,http://www.youtube.com/channel/UCSMZPYKUC1WXl5KseRBI9yA,Worldwide Watchlist Movies
UCSMl77t91-_uW458RdcWJHg,http://www.youtube.com/channel/UCSMl77t91-_uW458RdcWJHg,OMG_Kevz
UCSNPJdwuAkPCrYiR-r4sEug,http://www.youtube.com/channel/UCSNPJdwuAkPCrYiR-r4sEug,Aram
UCSNgS5ZY7JudYXoK6N3dqFA,http://www.youtube.com/channel/UCSNgS5ZY7JudYXoK6N3dqFA,Man Made
UCSOfUqPoqpp5aWDDnAyv94g,http://www.youtube.com/channel/UCSOfUqPoqpp5aWDDnAyv94g,JVKE
UCSOkex4abVl14cZ4tLyUYzw,http://www.youtube.com/channel/UCSOkex4abVl14cZ4tLyUYzw,The Warp Zone
UCSOpcUkE-is7u7c4AkLgqTw,http://www.youtube.com/channel/UCSOpcUkE-is7u7c4AkLgqTw,MrMobile [Michael Fisher]
UCSPCzY5TtmrbO37l3XMcLxQ,http://www.youtube.com/channel/UCSPCzY5TtmrbO37l3XMcLxQ,Lagless
UCSPEjw8F2nQDtmUKPFNF7_A,http://www.youtube.com/channel/UCSPEjw8F2nQDtmUKPFNF7_A,NHK WORLD-JAPAN
UCSPLhwvj0gBufjDRzSQb3GQ,http://www.youtube.com/channel/UCSPLhwvj0gBufjDRzSQb3GQ,BobbyBroccoli
UCSQ6ebJE6MTrEAN_P-L-fuA,http://www.youtube.com/channel/UCSQ6ebJE6MTrEAN_P-L-fuA,Film Booth
UCSRhr5tohijD-g-rVRP38Ug,http://www.youtube.com/channel/UCSRhr5tohijD-g-rVRP38Ug,Kurieji•Syfer
UCSRxOAnl6WVjz4NeH44lA0Q,http://www.youtube.com/channel/UCSRxOAnl6WVjz4NeH44lA0Q,The Original Ace
UCSSfq3nNRhpV7uh0NfBYxvg,http://www.youtube.com/channel/UCSSfq3nNRhpV7uh0NfBYxvg,Remainings
UCSUFiiHeBHDCIvIJuCRVJ4g,http://www.youtube.com/channel/UCSUFiiHeBHDCIvIJuCRVJ4g,_jspecter
UCSUf5_EPEfl4zlBKZHkZdmw,http://www.youtube.com/channel/UCSUf5_EPEfl4zlBKZHkZdmw,Danny Gonzalez
UCSUrMd_k-WQyKQUWdMqbG5w,http://www.youtube.com/channel/UCSUrMd_k-WQyKQUWdMqbG5w,ShenkuRD
UCSUvCxacJMBw5rF8M3tfWyQ,http://www.youtube.com/channel/UCSUvCxacJMBw5rF8M3tfWyQ,scasz
UCSW11u0TojrmUOPXmle1LOw,http://www.youtube.com/channel/UCSW11u0TojrmUOPXmle1LOw,Anime Monster 
UCSWMraguMlNanVQgseTTr_Q,http://www.youtube.com/channel/UCSWMraguMlNanVQgseTTr_Q,f4mi
UCSWwb_YyNB8vuC1VDcfPPaQ,http://www.youtube.com/channel/UCSWwb_YyNB8vuC1VDcfPPaQ,Talent Recap
UCSX8ICW1TfooGGxGhhYQbpA,http://www.youtube.com/channel/UCSX8ICW1TfooGGxGhhYQbpA,Jolly Show
UCSXeNWz0ikGG3s4wj6xpATA,http://www.youtube.com/channel/UCSXeNWz0ikGG3s4wj6xpATA,Sway (Official Band)
UCSXnAtb3ixz3EZ6nBcWUEmg,http://www.youtube.com/channel/UCSXnAtb3ixz3EZ6nBcWUEmg,iDeactivateMC
UCSZI6WeMbndz1HhXSH8YFBg,http://www.youtube.com/channel/UCSZI6WeMbndz1HhXSH8YFBg,AshRBX
UCSZXFhRIx6b0dFX3xS8L1yQ,http://www.youtube.com/channel/UCSZXFhRIx6b0dFX3xS8L1yQ,Kevin MacLeod
UCSZtgMDb6nmuv8vW-jyc7Eg,http://www.youtube.com/channel/UCSZtgMDb6nmuv8vW-jyc7Eg,Stay Frosty
UCS_BD8cjFA8juZogPH5hEjg,http://www.youtube.com/channel/UCS_BD8cjFA8juZogPH5hEjg,Joey Graceffa Games 
UCSa8IUd1uEjlREMa21I3ZPQ,http://www.youtube.com/channel/UCSa8IUd1uEjlREMa21I3ZPQ,CloudKid
UCSaU-7ZEH8TxV9-mOoprTMw,http://www.youtube.com/channel/UCSaU-7ZEH8TxV9-mOoprTMw,Keegan Evans Photo
UCSaUrlltLDESXg5j9CXOmKw,http://www.youtube.com/channel/UCSaUrlltLDESXg5j9CXOmKw,Liam Manley
UCSb-xYOELhIqVr2n9s-b_4w,http://www.youtube.com/channel/UCSb-xYOELhIqVr2n9s-b_4w,Linus Boman
UCSb2Maf5uj-Gp7d4Wbv4IGw,http://www.youtube.com/channel/UCSb2Maf5uj-Gp7d4Wbv4IGw,SiDiouS
UCSbFTEbWErDSlIg-D-wJFLQ,http://www.youtube.com/channel/UCSbFTEbWErDSlIg-D-wJFLQ,Tom Critic
UCSb_Sui6FBxVS4_ROsrU_Iw,http://www.youtube.com/channel/UCSb_Sui6FBxVS4_ROsrU_Iw,Natural Habitat Shorts
UCSbdMXOI_3HGiFviLZO6kNA,http://www.youtube.com/channel/UCSbdMXOI_3HGiFviLZO6kNA,ThrillSeeker
UCSbhPxIZFNYNggqWqV5a0LA,http://www.youtube.com/channel/UCSbhPxIZFNYNggqWqV5a0LA,Jenny Tian
UCSbyncU597LMwb3HhnAI_4w,http://www.youtube.com/channel/UCSbyncU597LMwb3HhnAI_4w,Epic Gardening
UCScU7vn6C1b684OQtcV-WQw,http://www.youtube.com/channel/UCScU7vn6C1b684OQtcV-WQw,Danno
UCSd6xd7dKy9mb0JhHGpyOIQ,http://www.youtube.com/channel/UCSd6xd7dKy9mb0JhHGpyOIQ,Uncle Roger Shorts
UCSezUnbvCLYBXuUlPcXU_QQ,http://www.youtube.com/channel/UCSezUnbvCLYBXuUlPcXU_QQ,hyper
UCSfl3NKYhSdkBwaloJeSxpA,http://www.youtube.com/channel/UCSfl3NKYhSdkBwaloJeSxpA,Knerd
UCSg56mh_UzX3gtdiMlp6WgA,http://www.youtube.com/channel/UCSg56mh_UzX3gtdiMlp6WgA,whyat
UCSgGHduCT0oIGaKM6cRil1w,http://www.youtube.com/channel/UCSgGHduCT0oIGaKM6cRil1w,wayjay
UCSgTfFfu6aBjl7S5i0Tx1zg,http://www.youtube.com/channel/UCSgTfFfu6aBjl7S5i0Tx1zg,Scroll Deep
UCSiMTQtZkgJz8-kUxpStMXg,http://www.youtube.com/channel/UCSiMTQtZkgJz8-kUxpStMXg,Aaron Paulsen
UCSillZr7X-5u-j_-ps_ijqA,http://www.youtube.com/channel/UCSillZr7X-5u-j_-ps_ijqA,nang
UCSju5G2aFaWMqn-_0YBtq5A,http://www.youtube.com/channel/UCSju5G2aFaWMqn-_0YBtq5A,Stand-up Maths
UCSkFyfVuNpmpQZ7mY5UvL_A,http://www.youtube.com/channel/UCSkFyfVuNpmpQZ7mY5UvL_A,Maddex 
UCSksodwjNeOQ3Oywr1G4Nag,http://www.youtube.com/channel/UCSksodwjNeOQ3Oywr1G4Nag,Engineezy
UCSl4Y5mQzWINY6ZWh04Ws6w,http://www.youtube.com/channel/UCSl4Y5mQzWINY6ZWh04Ws6w,LSuperSonicQ
UCSldYIPbY5KtNqo6FZL4_qA,http://www.youtube.com/channel/UCSldYIPbY5KtNqo6FZL4_qA,Primed To Mine
UCSljH-rmPv_JodKah7D22Zg,http://www.youtube.com/channel/UCSljH-rmPv_JodKah7D22Zg,Carpet Repair Guys
UCSmGpelZ7onVKgaj-5yXd3A,http://www.youtube.com/channel/UCSmGpelZ7onVKgaj-5yXd3A,Phantom
UCSn9XPmhbkCAcqb_r1limvw,http://www.youtube.com/channel/UCSn9XPmhbkCAcqb_r1limvw,Twifies
UCSnd_UHkXW7uBpjHz4qIq5Q,http://www.youtube.com/channel/UCSnd_UHkXW7uBpjHz4qIq5Q,Squeex
UCSnqXeK94-iNmwqGO__eJ5g,http://www.youtube.com/channel/UCSnqXeK94-iNmwqGO__eJ5g,Steve Wallis
UCSoJcY9wS0_L2yWOTWJWV5Q,http://www.youtube.com/channel/UCSoJcY9wS0_L2yWOTWJWV5Q,Make Some Noise
UCSoOy7U6obRrMCNGwRQ0rpg,http://www.youtube.com/channel/UCSoOy7U6obRrMCNGwRQ0rpg,Hamsterious
UCSpFnDQr88xCZ80N-X7t0nQ,http://www.youtube.com/channel/UCSpFnDQr88xCZ80N-X7t0nQ,Corridor Crew
UCSpQxWwCWn0nvvkXIkMBAUQ,http://www.youtube.com/channel/UCSpQxWwCWn0nvvkXIkMBAUQ,Data Time
UCSpfz1IyUA1NBH-cgj8ygUw,http://www.youtube.com/channel/UCSpfz1IyUA1NBH-cgj8ygUw,SeaWattgaming
UCSqPOHGnrn8rvZkbPNkJ-CA,http://www.youtube.com/channel/UCSqPOHGnrn8rvZkbPNkJ-CA,Maiden Gaming 
UCSrNlRGmymuyQ6eWtmN4GbQ,http://www.youtube.com/channel/UCSrNlRGmymuyQ6eWtmN4GbQ,Vocab Today
UCSrPkEaUrs5u6g6Y0PsrXww,http://www.youtube.com/channel/UCSrPkEaUrs5u6g6Y0PsrXww,xavier teacher
UCSraSF2jgHM8sMDdGgnk0qg,http://www.youtube.com/channel/UCSraSF2jgHM8sMDdGgnk0qg,Shikidew
UCSs1xbdMDk51N_s3-Sof1lA,http://www.youtube.com/channel/UCSs1xbdMDk51N_s3-Sof1lA,Koro
UCSsftC5xKbOInYeWBEmc_0A,http://www.youtube.com/channel/UCSsftC5xKbOInYeWBEmc_0A,Blox of Games
UCStYbXooQ0OjbKz9d3hWKFA,http://www.youtube.com/channel/UCStYbXooQ0OjbKz9d3hWKFA,NH 999
UCStdVJDIpIXt7mHt_UEeTnQ,http://www.youtube.com/channel/UCStdVJDIpIXt7mHt_UEeTnQ,Dimaxxed
UCSuOa_QxlcW2Qn7-UMYWwiA,http://www.youtube.com/channel/UCSuOa_QxlcW2Qn7-UMYWwiA,DakrFH
UCSvUOFM2rvarLCy1mtOPwYw,http://www.youtube.com/channel/UCSvUOFM2rvarLCy1mtOPwYw,Fanhalo
UCSvUWS3uBmlgdOriMZDpRmA,http://www.youtube.com/channel/UCSvUWS3uBmlgdOriMZDpRmA,James Lambert
UCSwkELX52qCd-72ubE3lAcw,http://www.youtube.com/channel/UCSwkELX52qCd-72ubE3lAcw,Popular Science
UCSxLC6fH6zwbAGrQNPoWcHA,http://www.youtube.com/channel/UCSxLC6fH6zwbAGrQNPoWcHA,Plumify
UCSx_okh51d-KbwBA6vJVn6A,http://www.youtube.com/channel/UCSx_okh51d-KbwBA6vJVn6A,CravenTuber
UCSz8X-JAmenxLH-uXlgVaCg,http://www.youtube.com/channel/UCSz8X-JAmenxLH-uXlgVaCg,Odd Animal Specimens
UCT-DtbXRCY5fl2X8j9vtxxg,http://www.youtube.com/channel/UCT-DtbXRCY5fl2X8j9vtxxg,Drew Daniels
UCT-MNEM5x0eAdh2MbT8IiTw,http://www.youtube.com/channel/UCT-MNEM5x0eAdh2MbT8IiTw,Yän
UCT-OkorhWIFwZ4T9UPRNPZA,http://www.youtube.com/channel/UCT-OkorhWIFwZ4T9UPRNPZA,Yakuza Studios
UCT0EJhhnGy6r_uBtV0McGHA,http://www.youtube.com/channel/UCT0EJhhnGy6r_uBtV0McGHA,ArtualCM
UCT0dmfFCLWuVKPWZ6wcdKyg,http://www.youtube.com/channel/UCT0dmfFCLWuVKPWZ6wcdKyg,James Jani
UCT1ZkP03V18LmOj8zbyP-Dw,http://www.youtube.com/channel/UCT1ZkP03V18LmOj8zbyP-Dw,Context Sensitive
UCT2X19JJaJGUN7mrYuImANQ,http://www.youtube.com/channel/UCT2X19JJaJGUN7mrYuImANQ,America's Got Talent
UCT37SS3HCnGHWlwrkf561Bg,http://www.youtube.com/channel/UCT37SS3HCnGHWlwrkf561Bg,Cussan
UCT3hiA1TzKROghKEiSoAp7Q,http://www.youtube.com/channel/UCT3hiA1TzKROghKEiSoAp7Q,Tox
UCT4oXolSaPqL5T5TXqmPQ2A,http://www.youtube.com/channel/UCT4oXolSaPqL5T5TXqmPQ2A,Forrestbono
UCT5C7yaO3RVuOgwP8JVAujQ,http://www.youtube.com/channel/UCT5C7yaO3RVuOgwP8JVAujQ,Taskmaster
UCT5RMpz4pooD4tX_Ortdohw,http://www.youtube.com/channel/UCT5RMpz4pooD4tX_Ortdohw,migswell
UCT5jvQqV8EfoSrpfw0FUuKg,http://www.youtube.com/channel/UCT5jvQqV8EfoSrpfw0FUuKg,Rafael Syfu
UCT5qXmLacW_a4DE-3EgeOiQ,http://www.youtube.com/channel/UCT5qXmLacW_a4DE-3EgeOiQ,The Browser Company
UCT6AJiTYspOILBK3hMWEq2g,http://www.youtube.com/channel/UCT6AJiTYspOILBK3hMWEq2g,Switch and Click
UCT6EwJptAr3Fdr5jvWlcArQ,http://www.youtube.com/channel/UCT6EwJptAr3Fdr5jvWlcArQ,thebluecrusader
UCT6XLwzp74bEG1ZO0KePWcw,http://www.youtube.com/channel/UCT6XLwzp74bEG1ZO0KePWcw,Poppt1
UCT6rTggBPRg0jY3LdkM1_iA,http://www.youtube.com/channel/UCT6rTggBPRg0jY3LdkM1_iA,Comicstorian Full Story
UCT7JcTffv7NsTMa4jbr-oQw,http://www.youtube.com/channel/UCT7JcTffv7NsTMa4jbr-oQw,Ellie Rasmussen
UCT7NogvYZh_3vWIJs_zSfTA,http://www.youtube.com/channel/UCT7NogvYZh_3vWIJs_zSfTA,JtheSlopFrog
UCT80YajolSXW8_ST9TFYS3Q,http://www.youtube.com/channel/UCT80YajolSXW8_ST9TFYS3Q,DJ Cook
UCT8BC740tRFcnQLNtjLI-LA,http://www.youtube.com/channel/UCT8BC740tRFcnQLNtjLI-LA,Tempex
UCT8DqxTzgf0gw-TScVjJhzw,http://www.youtube.com/channel/UCT8DqxTzgf0gw-TScVjJhzw,GLoWhNo
UCT8aWINII3rDvUZUBGq-2tw,http://www.youtube.com/channel/UCT8aWINII3rDvUZUBGq-2tw,Dr. EyeGuy
UCT8zEoYJtcaPAU727D4d2bQ,http://www.youtube.com/channel/UCT8zEoYJtcaPAU727D4d2bQ,temp6t
UCT9ANqHPFp6P-B7X95fXjEw,http://www.youtube.com/channel/UCT9ANqHPFp6P-B7X95fXjEw,Comedic Genius
UCT9VcHYtLZ-rAxN4aHXGvkA,http://www.youtube.com/channel/UCT9VcHYtLZ-rAxN4aHXGvkA,Ethan Ethier
UCT9zcQNlyht7fRlcjmflRSA,http://www.youtube.com/channel/UCT9zcQNlyht7fRlcjmflRSA,ImagineDragons
UCTAvlX12o1VB-4hKK0S5O0Q,http://www.youtube.com/channel/UCTAvlX12o1VB-4hKK0S5O0Q,Jumo
UCTBClopX-LmHK39q9N-O4MQ,http://www.youtube.com/channel/UCTBClopX-LmHK39q9N-O4MQ,Herschel Shapiro
UCTBFaliOzXeQXvBZF-L3lEg,http://www.youtube.com/channel/UCTBFaliOzXeQXvBZF-L3lEg,Downward Diary
UCTBGH7y-WPy4NPsPKTPXLEw,http://www.youtube.com/channel/UCTBGH7y-WPy4NPsPKTPXLEw,SIMJI
UCTBrTjegOyxeKUGcJfjr6cg,http://www.youtube.com/channel/UCTBrTjegOyxeKUGcJfjr6cg,FalseEyeD
UCTD2M2gstrnqEMbvTBRkEZA,http://www.youtube.com/channel/UCTD2M2gstrnqEMbvTBRkEZA,Omelu
UCTDWASrT-T6wMBcZU4IXCKQ,http://www.youtube.com/channel/UCTDWASrT-T6wMBcZU4IXCKQ,The Cursed Judge
UCTFNN9AO3E0KCoEudnqplEw,http://www.youtube.com/channel/UCTFNN9AO3E0KCoEudnqplEw,Michael Larpson
UCTF_peoHSb063e7exBOoaZw,http://www.youtube.com/channel/UCTF_peoHSb063e7exBOoaZw,Stuwieee
UCTFk3mQVDFhYhtfD2VNYt3g,http://www.youtube.com/channel/UCTFk3mQVDFhYhtfD2VNYt3g,jibrilia
UCTGBMg3duvYfXIy9utffsYA,http://www.youtube.com/channel/UCTGBMg3duvYfXIy9utffsYA,Penney
UCTGHqw41qk_WyK3wJK7nweg,http://www.youtube.com/channel/UCTGHqw41qk_WyK3wJK7nweg,Brickcrafts
UCTH6s1SMIQicvyd8OLBYMtQ,http://www.youtube.com/channel/UCTH6s1SMIQicvyd8OLBYMtQ,4096
UCTI1CIJWqDP75Ttqeh7ZGqA,http://www.youtube.com/channel/UCTI1CIJWqDP75Ttqeh7ZGqA,Nino Kito
UCTI5si1oEISSTFYBBL1Pa2w,http://www.youtube.com/channel/UCTI5si1oEISSTFYBBL1Pa2w,シロいの (Vlog)
UCTK2hDxZbhUpxX0_nd7IauA,http://www.youtube.com/channel/UCTK2hDxZbhUpxX0_nd7IauA,Chaseroony
UCTKNYKoTwH_bYdb5LdCtqeg,http://www.youtube.com/channel/UCTKNYKoTwH_bYdb5LdCtqeg,YORnime
UCTL128JylZO50B0MqbUuhSw,http://www.youtube.com/channel/UCTL128JylZO50B0MqbUuhSw,EL's Planet
UCTLrHGCPUGpRtNEM2JEDQhQ,http://www.youtube.com/channel/UCTLrHGCPUGpRtNEM2JEDQhQ,haventfoundanameyet
UCTMBDhqhnQrRWD7mFtxi76g,http://www.youtube.com/channel/UCTMBDhqhnQrRWD7mFtxi76g,Orion
UCTMGgU2G_Zz2eGA5tPFJrPg,http://www.youtube.com/channel/UCTMGgU2G_Zz2eGA5tPFJrPg,Peternity
UCTMiGZ6t4wry5sk7Cso2plQ,http://www.youtube.com/channel/UCTMiGZ6t4wry5sk7Cso2plQ,dacctal
UCTMt7iMWa7jy0fNXIktwyLA,http://www.youtube.com/channel/UCTMt7iMWa7jy0fNXIktwyLA,Omeleto
UCTN3u3AVmVA0GezVDt3hMrg,http://www.youtube.com/channel/UCTN3u3AVmVA0GezVDt3hMrg,rei ran
UCTNEgaYcxlTHEe6t9hwgiFw,http://www.youtube.com/channel/UCTNEgaYcxlTHEe6t9hwgiFw,Kaden Ski
UCTNGD4xzxWOWWNAoZnXxhbA,http://www.youtube.com/channel/UCTNGD4xzxWOWWNAoZnXxhbA,Vlad Ncl
UCTNYPlSz7YNOhLNwbh0eb5g,http://www.youtube.com/channel/UCTNYPlSz7YNOhLNwbh0eb5g,Irineu Damo - Traduções 2
UCTP-QpruLBRqtSMHuEMM4Cw,http://www.youtube.com/channel/UCTP-QpruLBRqtSMHuEMM4Cw,Zircron45
UCTPOsC6X7NFg7U4VYhyAW6g,http://www.youtube.com/channel/UCTPOsC6X7NFg7U4VYhyAW6g,gooducko
UCTPQU7wiEr423xqD-2yJRBQ,http://www.youtube.com/channel/UCTPQU7wiEr423xqD-2yJRBQ,BeamBuddy
UCTPmF2HbJXVqHlnqc7iIAjw,http://www.youtube.com/channel/UCTPmF2HbJXVqHlnqc7iIAjw,HeMu Yaps Anime
UCTQG_X_Wf9_5FGgrhHTWK4Q,http://www.youtube.com/channel/UCTQG_X_Wf9_5FGgrhHTWK4Q,masteroogwgay
UCTQI642FVg8oF4zvEVU2UnQ,http://www.youtube.com/channel/UCTQI642FVg8oF4zvEVU2UnQ,Thornton's History Club
UCTQZMUR7Pt8qT_qWpf-VT2A,http://www.youtube.com/channel/UCTQZMUR7Pt8qT_qWpf-VT2A,Eligible Monster | Gaming Lore
UCTRM8LE1g6UXrVZKwgw5oEA,http://www.youtube.com/channel/UCTRM8LE1g6UXrVZKwgw5oEA,Kurtis Baute
UCTRsXJ23TtIOXXUq_qS9p9w,http://www.youtube.com/channel/UCTRsXJ23TtIOXXUq_qS9p9w,Pokelawls
UCTSRIY3GLFYIpkR2QwyeklA,http://www.youtube.com/channel/UCTSRIY3GLFYIpkR2QwyeklA,Drew Gooden
UCTSS0D2UBmtyUvN6vTK4lXQ,http://www.youtube.com/channel/UCTSS0D2UBmtyUvN6vTK4lXQ,Movie Vertigo
UCTUHzVzRwN_2x13IWQ9QVNg,http://www.youtube.com/channel/UCTUHzVzRwN_2x13IWQ9QVNg,senzawa
UCTUwHDE4vfXXfXzAQJH_VoQ,http://www.youtube.com/channel/UCTUwHDE4vfXXfXzAQJH_VoQ,Nubbet
UCTVTZxWLmcAnh288GDLvPfA,http://www.youtube.com/channel/UCTVTZxWLmcAnh288GDLvPfA,HPfan
UCTVxYhcXtuWV43UkPw1u7bA,http://www.youtube.com/channel/UCTVxYhcXtuWV43UkPw1u7bA,Showified
UCTWKe1zATFV6d0o6oLS9sgw,http://www.youtube.com/channel/UCTWKe1zATFV6d0o6oLS9sgw,Extremities
UCTWXOrv9c1BwuxnVXJBvEvw,http://www.youtube.com/channel/UCTWXOrv9c1BwuxnVXJBvEvw,Zachary Staines
UCTWbP-2W-_6mzWLg2oZmT7Q,http://www.youtube.com/channel/UCTWbP-2W-_6mzWLg2oZmT7Q,RetroGamingNow
UCTXiHVtLmYCRr_xGoWeefqg,http://www.youtube.com/channel/UCTXiHVtLmYCRr_xGoWeefqg,Code Bear
UCTXoZVUKl1ARSPhR0DgprQw,http://www.youtube.com/channel/UCTXoZVUKl1ARSPhR0DgprQw,ThePandaBrothers
UCT_dB4i0Jz971GVTA-D2Tbg,http://www.youtube.com/channel/UCT_dB4i0Jz971GVTA-D2Tbg,TetraBitGaming
UCT_zMPYzzkcAe8D-uE5CPIw,http://www.youtube.com/channel/UCT_zMPYzzkcAe8D-uE5CPIw,Lord Jon25
UCTaYJsmYnbXdi7yVbtyuz9Q,http://www.youtube.com/channel/UCTaYJsmYnbXdi7yVbtyuz9Q,LavaFlows
UCTbF3-cjymUxCczkNJCyAGQ,http://www.youtube.com/channel/UCTbF3-cjymUxCczkNJCyAGQ,lowresbonus
UCTbcSRduRJJTMaQhUVqywRw,http://www.youtube.com/channel/UCTbcSRduRJJTMaQhUVqywRw,Mentour Now!
UCTcnjdmyqewrgRcKyLEuJGw,http://www.youtube.com/channel/UCTcnjdmyqewrgRcKyLEuJGw,Challenger Andy
UCTcoGluWQIxCK7ON7wla8fA,http://www.youtube.com/channel/UCTcoGluWQIxCK7ON7wla8fA,Macy Gilliam
UCTcw8GqWQlFcc6ioeJQOMAQ,http://www.youtube.com/channel/UCTcw8GqWQlFcc6ioeJQOMAQ,Game Changer Shorts
UCTdMhilGQIL_Cava5S5GriA,http://www.youtube.com/channel/UCTdMhilGQIL_Cava5S5GriA,Michael Ligier
UCTdd0-k4tV7q4srwEHMznDg,http://www.youtube.com/channel/UCTdd0-k4tV7q4srwEHMznDg,ILY3K
UCTe1S3TG_N-JSv84OhFPCjw,http://www.youtube.com/channel/UCTe1S3TG_N-JSv84OhFPCjw,Adeliae
UCTf8SWQmcntzU1x5iku2rAA,http://www.youtube.com/channel/UCTf8SWQmcntzU1x5iku2rAA,Linklight Too
UCTfXFm3IY3wU6k5a3rctabA,http://www.youtube.com/channel/UCTfXFm3IY3wU6k5a3rctabA,Radical Cap
UCTfdV70FpFvOjyS0hUzI8ww,http://www.youtube.com/channel/UCTfdV70FpFvOjyS0hUzI8ww,Jake Kelton
UCTi0V5iwClvjUba6nI2bI3w,http://www.youtube.com/channel/UCTi0V5iwClvjUba6nI2bI3w,Jelle Vermandere
UCTi3mRHhtqqrz5rXgw0F3mw,http://www.youtube.com/channel/UCTi3mRHhtqqrz5rXgw0F3mw,Amazing Auditions
UCTiMdlnxXfj8gDbtz2YnThw,http://www.youtube.com/channel/UCTiMdlnxXfj8gDbtz2YnThw,wii oui
UCTidp9c5Mc-RkjlwsAIaxMg,http://www.youtube.com/channel/UCTidp9c5Mc-RkjlwsAIaxMg,Access Granted
UCTjcC8DV9EKnCBOrQ81dAIw,http://www.youtube.com/channel/UCTjcC8DV9EKnCBOrQ81dAIw,SoMNst
UCTjqo_3046IXFFGZ_M5jedA,http://www.youtube.com/channel/UCTjqo_3046IXFFGZ_M5jedA,jackisanerd
UCTk7bwk-a2syhyTt-iLUXDw,http://www.youtube.com/channel/UCTk7bwk-a2syhyTt-iLUXDw,GLAMROCK Endo:\
UCTkKUOcyDna6-7CPToBfh2Q,http://www.youtube.com/channel/UCTkKUOcyDna6-7CPToBfh2Q,ABwiki
UCTkXRDQl0luXxVQrRQvWS6w,http://www.youtube.com/channel/UCTkXRDQl0luXxVQrRQvWS6w,Dream
UCTl27CCXOizODzrfQ46rkfg,http://www.youtube.com/channel/UCTl27CCXOizODzrfQ46rkfg,Rin Penrose Clips
UCTlYBYnoLKNGl_PiRPZwwgA,http://www.youtube.com/channel/UCTlYBYnoLKNGl_PiRPZwwgA,Inferno
UCTlgr7CiunpN0RNCP1evXHQ,http://www.youtube.com/channel/UCTlgr7CiunpN0RNCP1evXHQ,Mello
UCTlzHdl7oWZugInk7bGENUw,http://www.youtube.com/channel/UCTlzHdl7oWZugInk7bGENUw,Hayato Akiyama 
UCTm8fv15tW2eiUHT6it1maA,http://www.youtube.com/channel/UCTm8fv15tW2eiUHT6it1maA,MatthewLM
UCTmAItbBAhy23B-4vLrEbRw,http://www.youtube.com/channel/UCTmAItbBAhy23B-4vLrEbRw,NeuroCrumbs
UCTmBJ0Jr_AF5Wf9VX4p2REg,http://www.youtube.com/channel/UCTmBJ0Jr_AF5Wf9VX4p2REg,Nickster
UCTmVEu06NaB9C1L3jYs2mWA,http://www.youtube.com/channel/UCTmVEu06NaB9C1L3jYs2mWA,Corealis
UCTnRxVUPssiL7H29ON07t_Q,http://www.youtube.com/channel/UCTnRxVUPssiL7H29ON07t_Q,Google Japan
UCTnVFq_ZyE6THIfFEBMxBAA,http://www.youtube.com/channel/UCTnVFq_ZyE6THIfFEBMxBAA,Cuphead CDV: Archive
UCTq6HtM2Z3ao83GHLa3Ujww,http://www.youtube.com/channel/UCTq6HtM2Z3ao83GHLa3Ujww,Almostfelix
UCTr4ca12JfqG1qCaqXN7IZg,http://www.youtube.com/channel/UCTr4ca12JfqG1qCaqXN7IZg,ar15
UCTraxk7LdpbtW_rPhQ7HAYQ,http://www.youtube.com/channel/UCTraxk7LdpbtW_rPhQ7HAYQ,GG Melee
UCTswzLfq98OMHRzWmXGri7Q,http://www.youtube.com/channel/UCTswzLfq98OMHRzWmXGri7Q,Olesu
UCTszy60JKdW1uH1kACi0SXw,http://www.youtube.com/channel/UCTszy60JKdW1uH1kACi0SXw,Samuel Kemp
UCTtJUFDXgnWvDWI3uPO2zWw,http://www.youtube.com/channel/UCTtJUFDXgnWvDWI3uPO2zWw,Cameron Das Racing
UCTtM_jQkUlSqf0906OAL74w,http://www.youtube.com/channel/UCTtM_jQkUlSqf0906OAL74w,PunchBro
UCTu8uX6lp735Jyc9wbM8I3w,http://www.youtube.com/channel/UCTu8uX6lp735Jyc9wbM8I3w,Plants vs. Zombies
UCTuK9I5lHq8E971RMez3PHg,http://www.youtube.com/channel/UCTuK9I5lHq8E971RMez3PHg,Bofang Chang
UCTuObIvbugK4qpIyWsOqxpw,http://www.youtube.com/channel/UCTuObIvbugK4qpIyWsOqxpw,Chadwin Smith
UCTvH45HvnOzqXvfNJqdc3xg,http://www.youtube.com/channel/UCTvH45HvnOzqXvfNJqdc3xg,mossbag
UCTw-N1U_A4wkBhZ2kwIeehA,http://www.youtube.com/channel/UCTw-N1U_A4wkBhZ2kwIeehA,Biographer
UCTw1-IIbFv7AeUSLc4LYHcg,http://www.youtube.com/channel/UCTw1-IIbFv7AeUSLc4LYHcg,Evan Nagao
UCTyg4C7glUF1CE3nOT39zeQ,http://www.youtube.com/channel/UCTyg4C7glUF1CE3nOT39zeQ,Austin Locke
UCTz8K5TMmkQkRArybXfoVDg,http://www.youtube.com/channel/UCTz8K5TMmkQkRArybXfoVDg,Investment Joy
UCTzCGli5ypcSdi2EIwdJOTg,http://www.youtube.com/channel/UCTzCGli5ypcSdi2EIwdJOTg,RulerOfIce
UCTzkmVWhCDwzueZTf5JU0Yg,http://www.youtube.com/channel/UCTzkmVWhCDwzueZTf5JU0Yg,husky
UCTzkxNEnbdvbBlgYl_W9daw,http://www.youtube.com/channel/UCTzkxNEnbdvbBlgYl_W9daw,Chris Spargo
UCTzm7UqF0kVkxhPVj-Rui2g,http://www.youtube.com/channel/UCTzm7UqF0kVkxhPVj-Rui2g,spectator
UCU0KkB1YLZXCSGgNzRree_w,http://www.youtube.com/channel/UCU0KkB1YLZXCSGgNzRree_w,Jetstreme
UCU0dlKN6R16DL5KKWq62wNA,http://www.youtube.com/channel/UCU0dlKN6R16DL5KKWq62wNA,Ian Gunther
UCU23RS1jzPlZ9ba0cYt4m0Q,http://www.youtube.com/channel/UCU23RS1jzPlZ9ba0cYt4m0Q,Lysander
UCU2DYxkdgzJ4uIGe7Tj4naw,http://www.youtube.com/channel/UCU2DYxkdgzJ4uIGe7Tj4naw,Koi
UCU3E5ReX6Iht_yopTgogr2A,http://www.youtube.com/channel/UCU3E5ReX6Iht_yopTgogr2A,GIANPAOLO GOLDEN GLOBAL
UCU3oAyhHDXjgbxazqOEG2UA,http://www.youtube.com/channel/UCU3oAyhHDXjgbxazqOEG2UA,blameitonjorge
UCU4IoTh4s4JyPv7uLWe03gw,http://www.youtube.com/channel/UCU4IoTh4s4JyPv7uLWe03gw,Team Maguire
UCU5O8FCtOTI4BWhfHF2LHJw,http://www.youtube.com/channel/UCU5O8FCtOTI4BWhfHF2LHJw,Liam Thompson
UCU64gI8KGwpFyJLwNjfg_mw,http://www.youtube.com/channel/UCU64gI8KGwpFyJLwNjfg_mw,The Christo Files
UCU6aeNVx9ALY2sM7Gx5S0tw,http://www.youtube.com/channel/UCU6aeNVx9ALY2sM7Gx5S0tw,DexterousFish
UCU85cqdRQh8HBpk94vbcS_g,http://www.youtube.com/channel/UCU85cqdRQh8HBpk94vbcS_g,ELECTRONICOS FANTASTICOS!
UCU9pX8hKcrx06XfOB-VQLdw,http://www.youtube.com/channel/UCU9pX8hKcrx06XfOB-VQLdw,xisumavoid
UCU9wL7-f6Gm5o2BXLi85Thg,http://www.youtube.com/channel/UCU9wL7-f6Gm5o2BXLi85Thg,SepthGear
UCUCcZWNt1GbvpFisFvRFihg,http://www.youtube.com/channel/UCUCcZWNt1GbvpFisFvRFihg,Mugen Official
UCUCeZaZeJbEYAAzvMgrKOPQ,http://www.youtube.com/channel/UCUCeZaZeJbEYAAzvMgrKOPQ,Kenshi Yonezu  米津玄師
UCUCo_G9HneFK4Luncw6v-Bw,http://www.youtube.com/channel/UCUCo_G9HneFK4Luncw6v-Bw,Shank Mods
UCUDgCHqSmcIgV9A54MnIu9Q,http://www.youtube.com/channel/UCUDgCHqSmcIgV9A54MnIu9Q,Nahte27
UCUEbbWqlF-yZwmNah9STfBw,http://www.youtube.com/channel/UCUEbbWqlF-yZwmNah9STfBw,GC
UCUFexVqGkYQltE2qU7SeY_w,http://www.youtube.com/channel/UCUFexVqGkYQltE2qU7SeY_w,EpiclyBlueberry
UCUFgkRb0ZHc4Rpq15VRCICA,http://www.youtube.com/channel/UCUFgkRb0ZHc4Rpq15VRCICA,Nike
UCUFnGWHIQvybwmR7XDh7-9A,http://www.youtube.com/channel/UCUFnGWHIQvybwmR7XDh7-9A,Girl With The Dogs
UCUGxzIF_40zfG5MynRP3k5A,http://www.youtube.com/channel/UCUGxzIF_40zfG5MynRP3k5A,kavrett
UCUHW94eEFW7hkUMVaZz4eDg,http://www.youtube.com/channel/UCUHW94eEFW7hkUMVaZz4eDg,minutephysics
UCUHYDeruC9fR-MKaDYsQBlQ,http://www.youtube.com/channel/UCUHYDeruC9fR-MKaDYsQBlQ,Truly Criminal
UCUHtWXn4_QHyutO3Cn8ECFQ,http://www.youtube.com/channel/UCUHtWXn4_QHyutO3Cn8ECFQ,Sean Mac Productions
UCUI0RAKTNFtzZcAruDGazNQ,http://www.youtube.com/channel/UCUI0RAKTNFtzZcAruDGazNQ,Ohsnap
UCUIYsJ5R7_1uGB7V8-qoT7g,http://www.youtube.com/channel/UCUIYsJ5R7_1uGB7V8-qoT7g,Emilio Piano
UCUJNwpdf183PAmBDUVopLLA,http://www.youtube.com/channel/UCUJNwpdf183PAmBDUVopLLA,James Klug
UCUJXm3LMFLSEe_A2IBf8GwQ,http://www.youtube.com/channel/UCUJXm3LMFLSEe_A2IBf8GwQ,Harry101UK
UCUK0HBIBWgM2c4vsPhkYY4w,http://www.youtube.com/channel/UCUK0HBIBWgM2c4vsPhkYY4w,The Slow Mo Guys
UCULWsoIJ5wguel6cFY9hsVw,http://www.youtube.com/channel/UCULWsoIJ5wguel6cFY9hsVw,James Wong
UCUMIH5Xhx6fyfGokIxtN70g,http://www.youtube.com/channel/UCUMIH5Xhx6fyfGokIxtN70g,Large Lads Studios
UCUMZ7gohGI9HcU9VNsr2FJQ,http://www.youtube.com/channel/UCUMZ7gohGI9HcU9VNsr2FJQ,Bloomberg Originals
UCUOPKLucF2hDP1ORB1HuGFQ,http://www.youtube.com/channel/UCUOPKLucF2hDP1ORB1HuGFQ,jabibixd
UCUP07eevDGoVEmi9IuThtaQ,http://www.youtube.com/channel/UCUP07eevDGoVEmi9IuThtaQ,snappiness
UCUQcGuV4XHmrijwREsn2HaA,http://www.youtube.com/channel/UCUQcGuV4XHmrijwREsn2HaA,DPlex - Rammy! 
UCUQo7nzH1sXVpzL92VesANw,http://www.youtube.com/channel/UCUQo7nzH1sXVpzL92VesANw,DIY Perks
UCURi92if12l0kyMCH6xfpTA,http://www.youtube.com/channel/UCURi92if12l0kyMCH6xfpTA,DoomBlazer
UCUTVouJ_3JJ61PAhBRZUgZA,http://www.youtube.com/channel/UCUTVouJ_3JJ61PAhBRZUgZA,M. Night Shyamalan
UCUTlPvlCeik__oPQo4HHcGg,http://www.youtube.com/channel/UCUTlPvlCeik__oPQo4HHcGg,User4675
UCUU3GdGuQshZFRGnxAPBf_w,http://www.youtube.com/channel/UCUU3GdGuQshZFRGnxAPBf_w,TD BRICKS
UCUVfFYv8r4n3wsoaYB9W98Q,http://www.youtube.com/channel/UCUVfFYv8r4n3wsoaYB9W98Q,Captain Eggcellent But Shorter
UCUW49KGPezggFi0PGyDvcvg,http://www.youtube.com/channel/UCUW49KGPezggFi0PGyDvcvg,Zack Freedman
UCUWtvr7qBE97iPjWO6YyMGw,http://www.youtube.com/channel/UCUWtvr7qBE97iPjWO6YyMGw,Pulridz
UCUXIkTwVrGLNCa_UzkQ9aCw,http://www.youtube.com/channel/UCUXIkTwVrGLNCa_UzkQ9aCw,TPC
UCUXNOmIdsoyd5fh5TZHHO5Q,http://www.youtube.com/channel/UCUXNOmIdsoyd5fh5TZHHO5Q,JackSucksAtClips
UCUXfRsEIJ9xO1DT7TbEWksw,http://www.youtube.com/channel/UCUXfRsEIJ9xO1DT7TbEWksw,Eve
UCUY4NGgaom5tDxhe4b1YX0g,http://www.youtube.com/channel/UCUY4NGgaom5tDxhe4b1YX0g,Nerrev⏳
UCUZyTUd8aXqn-QarnktAJng,http://www.youtube.com/channel/UCUZyTUd8aXqn-QarnktAJng,devyn
UCU_ZKTv5Vc3DPsowV1s1B6A,http://www.youtube.com/channel/UCU_ZKTv5Vc3DPsowV1s1B6A,Cleanwithbea
UCUaT_39o1x6qWjz7K2pWcgw,http://www.youtube.com/channel/UCUaT_39o1x6qWjz7K2pWcgw,Beast Reacts
UCUaiGrBfRCaC6pL7ZnZjWbg,http://www.youtube.com/channel/UCUaiGrBfRCaC6pL7ZnZjWbg,JK Brickworks
UCUaqxoXVwy4pqp7gU5_HScw,http://www.youtube.com/channel/UCUaqxoXVwy4pqp7gU5_HScw,Shirley Lee
UCUbDt4wbXwPYoo-1rcN5KNQ,http://www.youtube.com/channel/UCUbDt4wbXwPYoo-1rcN5KNQ,AwesomeFaceProd
UCUc69bOG6m-ujSkI8KWSQoA,http://www.youtube.com/channel/UCUc69bOG6m-ujSkI8KWSQoA,ConnorClips
UCUcaikLgo7uEkXPV0dzNDdQ,http://www.youtube.com/channel/UCUcaikLgo7uEkXPV0dzNDdQ,Rachel Brown
UCUeLyZf5_oRrhVU8phdaumQ,http://www.youtube.com/channel/UCUeLyZf5_oRrhVU8phdaumQ,The Harvard-Radcliffe Veritones
UCUeZBocfxALSUdOgNJB5ySA,http://www.youtube.com/channel/UCUeZBocfxALSUdOgNJB5ySA,Dr Ben Miles
UCUf4p-Tneoz0blp4prvy2vw,http://www.youtube.com/channel/UCUf4p-Tneoz0blp4prvy2vw,JShay Too
UCUfvOHVe-rwUzzbrJfoEDwg,http://www.youtube.com/channel/UCUfvOHVe-rwUzzbrJfoEDwg,OgBigNut
UCUgmm3-GfWSk9VisfDONunA,http://www.youtube.com/channel/UCUgmm3-GfWSk9VisfDONunA,Leo Seek
UCUhAsLRHzZmNLbOgxuiQXrQ,http://www.youtube.com/channel/UCUhAsLRHzZmNLbOgxuiQXrQ,The Shopping Expert 
UCUhv2bGvaAVSJHKK2xn7AlA,http://www.youtube.com/channel/UCUhv2bGvaAVSJHKK2xn7AlA,Peter
UCUi2SFPyyDNcsH2ZGpHyQIQ,http://www.youtube.com/channel/UCUi2SFPyyDNcsH2ZGpHyQIQ,magnify
UCUiD1Ph7YbaQfBEn_Lr0DPw,http://www.youtube.com/channel/UCUiD1Ph7YbaQfBEn_Lr0DPw,Selwen
UCUkqRzyfxNCV4m6d4wLdgiA,http://www.youtube.com/channel/UCUkqRzyfxNCV4m6d4wLdgiA,Crossover Collab
UCUlIQenmA8XMxBz6hLMtEBQ,http://www.youtube.com/channel/UCUlIQenmA8XMxBz6hLMtEBQ,Nulvo
UCUmBh__o5tMDxgozTgJgbHA,http://www.youtube.com/channel/UCUmBh__o5tMDxgozTgJgbHA,QuenAxii
UCUmd1iHHPmGO-CXVmwPuLyA,http://www.youtube.com/channel/UCUmd1iHHPmGO-CXVmwPuLyA,camwing
UCUmeYXusGrcl7feM11teZzw,http://www.youtube.com/channel/UCUmeYXusGrcl7feM11teZzw,MrAtomicBombHead
UCUnRn1f78foyP26XGkRfWsA,http://www.youtube.com/channel/UCUnRn1f78foyP26XGkRfWsA,GameSpot Trailers
UCUnmH8N8k4E7y3dKfCzDKKg,http://www.youtube.com/channel/UCUnmH8N8k4E7y3dKfCzDKKg,Brandon B
UCUoLj-t2TeT5Tts2BiZ5b1w,http://www.youtube.com/channel/UCUoLj-t2TeT5Tts2BiZ5b1w,Paco8478
UCUodELQsFwF8dq0X-bK9FQQ,http://www.youtube.com/channel/UCUodELQsFwF8dq0X-bK9FQQ,In Depth Cine
UCUpD-85yWbQDXSxKD-E9XnA,http://www.youtube.com/channel/UCUpD-85yWbQDXSxKD-E9XnA,boogiehead
UCUpHtzkK3-nARjDtf_Vp9ig,http://www.youtube.com/channel/UCUpHtzkK3-nARjDtf_Vp9ig,Adam S
UCUpfLBqnxCzaQ9J4ksdg_0A,http://www.youtube.com/channel/UCUpfLBqnxCzaQ9J4ksdg_0A,Guavamations
UCUpi4-7EkY1JPWl6e7MGUtQ,http://www.youtube.com/channel/UCUpi4-7EkY1JPWl6e7MGUtQ,RubberRoss
UCUpt_5O1vYpWAGg77iNMQXA,http://www.youtube.com/channel/UCUpt_5O1vYpWAGg77iNMQXA,Zip Tie Tech
UCUq7Rxqkba4pgpKc7J5zdCg,http://www.youtube.com/channel/UCUq7Rxqkba4pgpKc7J5zdCg,ECHOZERO
UCUqEycwTwDntc_SC-vYYr1A,http://www.youtube.com/channel/UCUqEycwTwDntc_SC-vYYr1A,Nesyah
UCUqUyMF3atihgfT2cYdJi2A,http://www.youtube.com/channel/UCUqUyMF3atihgfT2cYdJi2A,Cj Kirwan
UCUrsLaL0VKLFh_h32SDNBeA,http://www.youtube.com/channel/UCUrsLaL0VKLFh_h32SDNBeA,Crazy Nutter 101
UCUsN5ZwHx2kILm84-jPDeXw,http://www.youtube.com/channel/UCUsN5ZwHx2kILm84-jPDeXw,Comedy Central
UCUsXNSdS_0MbjeIxd6yo_Lg,http://www.youtube.com/channel/UCUsXNSdS_0MbjeIxd6yo_Lg,mellon
UCUskN1Z9avUk1OjnJwPywEA,http://www.youtube.com/channel/UCUskN1Z9avUk1OjnJwPywEA,PecaCS
UCUtS0weWmRsAgC06E7u65og,http://www.youtube.com/channel/UCUtS0weWmRsAgC06E7u65og,MrWise2
UCUtZaxDF3hD5VK4xRYFBePQ,http://www.youtube.com/channel/UCUtZaxDF3hD5VK4xRYFBePQ,Britain's Got Talent
UCUuMYw2l2UeWyTGYixYfRCA,http://www.youtube.com/channel/UCUuMYw2l2UeWyTGYixYfRCA,Evan and Katelyn
UCUuvZ0skL2WYZ3rhPMZbfdA,http://www.youtube.com/channel/UCUuvZ0skL2WYZ3rhPMZbfdA,Brick Technology
UCUw-GOhbsSL8Fozjrvg9T2g,http://www.youtube.com/channel/UCUw-GOhbsSL8Fozjrvg9T2g,ConesStudio Karaoke
UCUw7GKmOEMmBrMs9rIFfgmw,http://www.youtube.com/channel/UCUw7GKmOEMmBrMs9rIFfgmw,Hasan Piker
UCUwapObI2gw2Tovu5oj-wng,http://www.youtube.com/channel/UCUwapObI2gw2Tovu5oj-wng,Viprin
UCUxIu91gGsK9Q0tTcQM8iNw,http://www.youtube.com/channel/UCUxIu91gGsK9Q0tTcQM8iNw,abe's projects
UCUxc0iEpV8wZV4WLOui0RwQ,http://www.youtube.com/channel/UCUxc0iEpV8wZV4WLOui0RwQ,Gabriel Iglesias
UCUxyU2qAZyS0HlZMDkizq6g,http://www.youtube.com/channel/UCUxyU2qAZyS0HlZMDkizq6g,NycrypticProject
UCUxzwCjOUhswNDsLA5ux0IQ,http://www.youtube.com/channel/UCUxzwCjOUhswNDsLA5ux0IQ,silentwisperer
UCUyvQV2JsICeLZP4c_h40kA,http://www.youtube.com/channel/UCUyvQV2JsICeLZP4c_h40kA,Thomas Flight
UCUzQJ3JBuQ9w-po4TXRJHiA,http://www.youtube.com/channel/UCUzQJ3JBuQ9w-po4TXRJHiA,jdh
UCUzqsHTec5ZkJU5S4Tmhweg,http://www.youtube.com/channel/UCUzqsHTec5ZkJU5S4Tmhweg,Mujin
UCV-KFx9A6HD7gZ3FoMNzt7g,http://www.youtube.com/channel/UCV-KFx9A6HD7gZ3FoMNzt7g,Man + River
UCV-a-2sT_5z9bt5lktscUdQ,http://www.youtube.com/channel/UCV-a-2sT_5z9bt5lktscUdQ,Colossal Biosciences
UCV-yCAXMS-nWrHtORuDfSuQ,http://www.youtube.com/channel/UCV-yCAXMS-nWrHtORuDfSuQ,Odyssey - Ancient History Documentaries
UCV0qA-eDDICsRR9rPcnG7tw,http://www.youtube.com/channel/UCV0qA-eDDICsRR9rPcnG7tw,Joma Tech
UCV0t1y4h_6-2SqEpXBXgwFQ,http://www.youtube.com/channel/UCV0t1y4h_6-2SqEpXBXgwFQ,AngeTheGreat
UCV1PBC86D-Me2MwdwZfITzw,http://www.youtube.com/channel/UCV1PBC86D-Me2MwdwZfITzw,CarterPCs
UCV24nnybh_BoHIW9yO5lehQ,http://www.youtube.com/channel/UCV24nnybh_BoHIW9yO5lehQ,Real Crime Spotlight
UCV3k6E9YoUz8cGuyfSiRmLA,http://www.youtube.com/channel/UCV3k6E9YoUz8cGuyfSiRmLA,Infinite Bits
UCV3mPzO3zBnWI1hAx9_R_ZQ,http://www.youtube.com/channel/UCV3mPzO3zBnWI1hAx9_R_ZQ,Наташа и Вова | DvoePlay
UCV4-3FXgs1iumXc7_4XRE0g,http://www.youtube.com/channel/UCV4-3FXgs1iumXc7_4XRE0g,Ligondis
UCV4S0e_x0uBFkHwbgSa9fTg,http://www.youtube.com/channel/UCV4S0e_x0uBFkHwbgSa9fTg,sunflowerstardust
UCV4WgO-RWalz8izSKaHJrqg,http://www.youtube.com/channel/UCV4WgO-RWalz8izSKaHJrqg,Money Legends
UCV4ggxLd_Vz-I-ePGSKfFog,http://www.youtube.com/channel/UCV4ggxLd_Vz-I-ePGSKfFog,Camellia Official
UCV5szEvKEntY974aMEfNMEw,http://www.youtube.com/channel/UCV5szEvKEntY974aMEfNMEw,FLAVOR FOLEY
UCV5vCi3jPJdURZwAOO_FNfQ,http://www.youtube.com/channel/UCV5vCi3jPJdURZwAOO_FNfQ,The Thought Emporium
UCV5ycozwURqEYVnM8UuHC-w,http://www.youtube.com/channel/UCV5ycozwURqEYVnM8UuHC-w,shidbot420
UCV60-YzrBdQBKHxvgeu9sIw,http://www.youtube.com/channel/UCV60-YzrBdQBKHxvgeu9sIw,MDMotivator
UCV66PFgX2rfbU-H3Ya-3ixA,http://www.youtube.com/channel/UCV66PFgX2rfbU-H3Ya-3ixA,Foxy
UCV6KDgJskWaEckne5aPA0aQ,http://www.youtube.com/channel/UCV6KDgJskWaEckne5aPA0aQ,Graham Stephan
UCV6g95OBbVtFmN9uiJzkFqQ,http://www.youtube.com/channel/UCV6g95OBbVtFmN9uiJzkFqQ,CircleToonsHD
UCV6u5quwNePvaACvLUM8DlA,http://www.youtube.com/channel/UCV6u5quwNePvaACvLUM8DlA,Shikkesora
UCV7UAk5Qu57SgdR1qqpSExw,http://www.youtube.com/channel/UCV7UAk5Qu57SgdR1qqpSExw,RedIZO
UCV7nsHpgs0n8Q69eHXCZjLw,http://www.youtube.com/channel/UCV7nsHpgs0n8Q69eHXCZjLw,Iris K
UCV8Do0nwSrYP7lwPBS4LWpw,http://www.youtube.com/channel/UCV8Do0nwSrYP7lwPBS4LWpw,ELLE
UCV8KhRQa3TQPT0f0-DC4xFg,http://www.youtube.com/channel/UCV8KhRQa3TQPT0f0-DC4xFg,LEGO Skylines
UCV8PKDKxXji67OJ816KUIug,http://www.youtube.com/channel/UCV8PKDKxXji67OJ816KUIug,Jake Rasmussen
UCV922V5VB4_264e_O0jMaJg,http://www.youtube.com/channel/UCV922V5VB4_264e_O0jMaJg,Chris Hadfield
UCVD8kc3ohVyvdIxZo8i9V4Q,http://www.youtube.com/channel/UCVD8kc3ohVyvdIxZo8i9V4Q,seisiete
UCVEUCWGFB_-ojubEDjts2nA,http://www.youtube.com/channel/UCVEUCWGFB_-ojubEDjts2nA,Dragoon
UCVEod8sqi39AwWRjhie-UTA,http://www.youtube.com/channel/UCVEod8sqi39AwWRjhie-UTA,Aurapfp
UCVEy3eX2RMW9MkmhwOXWd4g,http://www.youtube.com/channel/UCVEy3eX2RMW9MkmhwOXWd4g,joe
UCVGGEzwqizt2rB5iW88HAjQ,http://www.youtube.com/channel/UCVGGEzwqizt2rB5iW88HAjQ,BB
UCVH3Y0fRP85zFX1pNaQMZoQ,http://www.youtube.com/channel/UCVH3Y0fRP85zFX1pNaQMZoQ,ᴷⁱⁿᵈˡʸ ᴴᵉˡᵖ ᴹᵉ ᴿᵉᵃᶜʰ ⁹⁹ᴷˢᵘᵇᶜʳⁱᵇᵉʳˢ ᵂⁱᵗʰ ᴺᵒ ⱽⁱᵈᵉᵒ
UCVHowNRI2YeOlTDsHS9SlbA,http://www.youtube.com/channel/UCVHowNRI2YeOlTDsHS9SlbA,ZTT Extras
UCVIFCOJwv3emlVmBbPCZrvw,http://www.youtube.com/channel/UCVIFCOJwv3emlVmBbPCZrvw,Joel Haver
UCVIHJMgsyiq51o2BiGiIWpQ,http://www.youtube.com/channel/UCVIHJMgsyiq51o2BiGiIWpQ,Yerdsteil
UCVJ2GFJzJgwyN7eWWWSpcHA,http://www.youtube.com/channel/UCVJ2GFJzJgwyN7eWWWSpcHA,Vailskibum
UCVKAfO3x9_sFeqfCfqUY3Vg,http://www.youtube.com/channel/UCVKAfO3x9_sFeqfCfqUY3Vg,typicalasian
UCVL5V1XBq4kUyYI_Kg-5PnQ,http://www.youtube.com/channel/UCVL5V1XBq4kUyYI_Kg-5PnQ,Thijmen0808
UCVLMqYurvS0S5qZE9C9JgKQ,http://www.youtube.com/channel/UCVLMqYurvS0S5qZE9C9JgKQ,Zero64
UCVLw9wKPHxdBbboXEduN5jA,http://www.youtube.com/channel/UCVLw9wKPHxdBbboXEduN5jA,Faline San
UCVMu_hv7V77PGt0tGF46nNw,http://www.youtube.com/channel/UCVMu_hv7V77PGt0tGF46nNw,Marcin Plaza
UCVOKNpFDtvy6Jfm_6Pi5hig,http://www.youtube.com/channel/UCVOKNpFDtvy6Jfm_6Pi5hig,ScottyO
UCVONSbznGUrY3Nbjn4v_qEg,http://www.youtube.com/channel/UCVONSbznGUrY3Nbjn4v_qEg,Everywhere Nowhere
UCVOQ2CMiTXvYutKzz6Q6wHA,http://www.youtube.com/channel/UCVOQ2CMiTXvYutKzz6Q6wHA,Little Carly Minecraft
UCVOa1rV75YplD_Tkqu6EQbg,http://www.youtube.com/channel/UCVOa1rV75YplD_Tkqu6EQbg,KSedits
UCVOdsUMfPj_ih1AynuHIEOg,http://www.youtube.com/channel/UCVOdsUMfPj_ih1AynuHIEOg,MrSlime
UCVP-0ePDBxeNemne0zAFZkg,http://www.youtube.com/channel/UCVP-0ePDBxeNemne0zAFZkg,Treyzania
UCVP_vtvM38hySoEg7jXSU_A,http://www.youtube.com/channel/UCVP_vtvM38hySoEg7jXSU_A,casablan
UCVPpPPFbLKgwdw1L-7Nxteg,http://www.youtube.com/channel/UCVPpPPFbLKgwdw1L-7Nxteg,Gio_palace
UCVQGtUcRjHTQLTTu-5s9_4Q,http://www.youtube.com/channel/UCVQGtUcRjHTQLTTu-5s9_4Q,Brew
UCVQrun6bJ8v5s9PLEv2JbQg,http://www.youtube.com/channel/UCVQrun6bJ8v5s9PLEv2JbQg,Nello
UCVQyWbVBZSWvivXuQjKvQew,http://www.youtube.com/channel/UCVQyWbVBZSWvivXuQjKvQew,I Mostly Blame Myself
UCVS89U86PwqzNkK2qYNbk5A,http://www.youtube.com/channel/UCVS89U86PwqzNkK2qYNbk5A,Allen Pan
UCVSJlhW7eYddEyijQiQ-yGw,http://www.youtube.com/channel/UCVSJlhW7eYddEyijQiQ-yGw,Con Man
UCVSYHpveXoTjQPHLBv34eLQ,http://www.youtube.com/channel/UCVSYHpveXoTjQPHLBv34eLQ,RedLogic
UCVSbdU_55qJbGadi2sn2-OQ,http://www.youtube.com/channel/UCVSbdU_55qJbGadi2sn2-OQ,Probably AGI
UCVTQuK2CaWaTgSsoNkn5AiQ,http://www.youtube.com/channel/UCVTQuK2CaWaTgSsoNkn5AiQ,HBO
UCVTsaTMOxt9Ypmm5ycJJXuw,http://www.youtube.com/channel/UCVTsaTMOxt9Ypmm5ycJJXuw,GreenPlayerManghiam
UCVV0q0S4g4oyYob_e39-05Q,http://www.youtube.com/channel/UCVV0q0S4g4oyYob_e39-05Q,Quillbee
UCVVFdY3RhnqDIb8nRAIcZHw,http://www.youtube.com/channel/UCVVFdY3RhnqDIb8nRAIcZHw,VicenticoTD
UCVVWCVv-upd7ReT3gWK282w,http://www.youtube.com/channel/UCVVWCVv-upd7ReT3gWK282w,Dani Dip Shorts
UCVW-8Ouce9mnA2lCJEwbhIQ,http://www.youtube.com/channel/UCVW-8Ouce9mnA2lCJEwbhIQ,Woofa
UCVW5_VbKSnHYkHFYSkPFs5A,http://www.youtube.com/channel/UCVW5_VbKSnHYkHFYSkPFs5A,doesitmatter
UCVWJ_Zvfs9-f62Dmm-HbCng,http://www.youtube.com/channel/UCVWJ_Zvfs9-f62Dmm-HbCng,treemin
UCVWxjZ0nHFYNq7Iv7NiBvzQ,http://www.youtube.com/channel/UCVWxjZ0nHFYNq7Iv7NiBvzQ,Minecraft Alpha 1.0.16 Versions
UCVX3mpxPSYMJQ8CdZ9CWIxw,http://www.youtube.com/channel/UCVX3mpxPSYMJQ8CdZ9CWIxw,odvigajlo
UCVXAGGpMzhb6mp-ZOCB2m0Q,http://www.youtube.com/channel/UCVXAGGpMzhb6mp-ZOCB2m0Q,Adam Emond
UCVXvGJ5GXPY7L0ti6_TxdPA,http://www.youtube.com/channel/UCVXvGJ5GXPY7L0ti6_TxdPA,Barry
UCVYamHliCI9rw1tHR1xbkfw,http://www.youtube.com/channel/UCVYamHliCI9rw1tHR1xbkfw,Dave2D
UCVZZ5HxBiPjO25IyTASYUVQ,http://www.youtube.com/channel/UCVZZ5HxBiPjO25IyTASYUVQ,MoreMuselk
UCVZ_DHv6SDQHYfGo21Ln9xg,http://www.youtube.com/channel/UCVZ_DHv6SDQHYfGo21Ln9xg,EruptionFang
UCV_zg9HsRHi8xFlkWhIpSuw,http://www.youtube.com/channel/UCV_zg9HsRHi8xFlkWhIpSuw,Charbeats
UCVaKbniwfCKWT3X-bTKvF9Q,http://www.youtube.com/channel/UCVaKbniwfCKWT3X-bTKvF9Q,Kardin
UCVaR0cTRg0IrMwEaACybRPw,http://www.youtube.com/channel/UCVaR0cTRg0IrMwEaACybRPw,Ottomated
UCVaSevHENAcRN7cxXEjW3LA,http://www.youtube.com/channel/UCVaSevHENAcRN7cxXEjW3LA,Collin
UCVaz2Wz1mNQ0Eun8eq0DGFw,http://www.youtube.com/channel/UCVaz2Wz1mNQ0Eun8eq0DGFw,Backseat Streams
UCVc6AHfGw9b2zOE_ZGfmsnw,http://www.youtube.com/channel/UCVc6AHfGw9b2zOE_ZGfmsnw,Make Anything
UCVd8iXp7dIZwxTiACnNttbA,http://www.youtube.com/channel/UCVd8iXp7dIZwxTiACnNttbA,jonpaulsballs
UCVeOdA6hDpT_SZ4jhuDXAwA,http://www.youtube.com/channel/UCVeOdA6hDpT_SZ4jhuDXAwA,Joshua Barretto
UCVefNMQ04d2GdL1msn7m3Rg,http://www.youtube.com/channel/UCVefNMQ04d2GdL1msn7m3Rg,Play It?
UCVg0RaUinGyNhK_Nrx42MeA,http://www.youtube.com/channel/UCVg0RaUinGyNhK_Nrx42MeA,Keyan Carlile
UCVgCoAkSJ7hVZIdS_XF9now,http://www.youtube.com/channel/UCVgCoAkSJ7hVZIdS_XF9now,Reniculas
UCVh47EKH9VLresRqiYi9txw,http://www.youtube.com/channel/UCVh47EKH9VLresRqiYi9txw,Mili
UCViNG3nVlnNe-0t1n-IMqoA,http://www.youtube.com/channel/UCViNG3nVlnNe-0t1n-IMqoA,milkucha
UCVj3ZoFvdQvh6fM2pvY0k3Q,http://www.youtube.com/channel/UCVj3ZoFvdQvh6fM2pvY0k3Q,Scrapping Veteran 
UCVjKTPA7qoyBUmtLaQ-wEbA,http://www.youtube.com/channel/UCVjKTPA7qoyBUmtLaQ-wEbA,Town
UCVjS9AuBloqJJjhsy3vIfug,http://www.youtube.com/channel/UCVjS9AuBloqJJjhsy3vIfug,Sony
UCVjlpEjEY9GpksqbEesJnNA,http://www.youtube.com/channel/UCVjlpEjEY9GpksqbEesJnNA,mrnigelng
UCVkgJKL07bSQ1b54Pnz186Q,http://www.youtube.com/channel/UCVkgJKL07bSQ1b54Pnz186Q,Bork
UCVkqs_Q88BDmyaWwjYJ8_Ig,http://www.youtube.com/channel/UCVkqs_Q88BDmyaWwjYJ8_Ig,SEGA
UCVlqvOg7y0qP4kaZRHT1nww,http://www.youtube.com/channel/UCVlqvOg7y0qP4kaZRHT1nww,Novarya
UCVlx-IvZ_TBWRKU0UQCaueQ,http://www.youtube.com/channel/UCVlx-IvZ_TBWRKU0UQCaueQ,Chad Hurley
UCVmSR1nF9zNisNshn9YFYoA,http://www.youtube.com/channel/UCVmSR1nF9zNisNshn9YFYoA,Adonete
UCVn2dQ8wTTTlDhf9XE548wA,http://www.youtube.com/channel/UCVn2dQ8wTTTlDhf9XE548wA,Matthew Wood
UCVo63lbKHjC04KqYhwSZ_Pg,http://www.youtube.com/channel/UCVo63lbKHjC04KqYhwSZ_Pg,Defunctland
UCVoDZWOE7Bpc9-eFVBmT9tQ,http://www.youtube.com/channel/UCVoDZWOE7Bpc9-eFVBmT9tQ,Sears
UCVoMgz52hC9ULYRmXGPIjbg,http://www.youtube.com/channel/UCVoMgz52hC9ULYRmXGPIjbg,HaloTropical
UCVq0I8ujb-jqXsg9xidSDHA,http://www.youtube.com/channel/UCVq0I8ujb-jqXsg9xidSDHA,TiedSwing YT
UCVrEHNmwOcTM85daIG6PSVg,http://www.youtube.com/channel/UCVrEHNmwOcTM85daIG6PSVg,Andy Jiang
UCVrVJ4ObNvBqTb1lVY-Yakw,http://www.youtube.com/channel/UCVrVJ4ObNvBqTb1lVY-Yakw,NerdFuel
UCVtJOq_ziepf5MpjsTWxJeg,http://www.youtube.com/channel/UCVtJOq_ziepf5MpjsTWxJeg,Virtual Riot
UCVtfQ2fvmqNDxP0MRXOBQxw,http://www.youtube.com/channel/UCVtfQ2fvmqNDxP0MRXOBQxw,Fish Think Fingers Are Food
UCVun3IyFIh6AsEMV11zlVHg,http://www.youtube.com/channel/UCVun3IyFIh6AsEMV11zlVHg,Sticks
UCVuqAWnS5J5sHTlW7ymXQ1Q,http://www.youtube.com/channel/UCVuqAWnS5J5sHTlW7ymXQ1Q,5en
UCVvQaz3iacauaN9xiqbEcqw,http://www.youtube.com/channel/UCVvQaz3iacauaN9xiqbEcqw,Out of Brand
UCVvymhr4N_GZJpJSdlj0dNw,http://www.youtube.com/channel/UCVvymhr4N_GZJpJSdlj0dNw,TheFeedski
UCVwUJd9Fqj_sXschfpGGleA,http://www.youtube.com/channel/UCVwUJd9Fqj_sXschfpGGleA,The Human Spider
UCVxMimCSx67GIifQXh35Hsg,http://www.youtube.com/channel/UCVxMimCSx67GIifQXh35Hsg,Medic
UCVyx4HhDowwspssrwuNeTZg,http://www.youtube.com/channel/UCVyx4HhDowwspssrwuNeTZg,Ali Spagnola
UCW-fyLgiLWS59kkZYT8EVNA,http://www.youtube.com/channel/UCW-fyLgiLWS59kkZYT8EVNA,Vtuber Sings
UCW-nTiduQso39qU-nwRLFnw,http://www.youtube.com/channel/UCW-nTiduQso39qU-nwRLFnw,AstonishingStudios
UCW0uUK8fvL5-lkiBoNqHk3Q,http://www.youtube.com/channel/UCW0uUK8fvL5-lkiBoNqHk3Q,Zane Holmes
UCW0uwJNcMTiOFXXgyS2no4g,http://www.youtube.com/channel/UCW0uwJNcMTiOFXXgyS2no4g,RDCWorldGaming
UCW3WAb1Empmqfdh5949ov4Q,http://www.youtube.com/channel/UCW3WAb1Empmqfdh5949ov4Q,Yiman
UCW3a2tz7pkgIuk17xHqbvJw,http://www.youtube.com/channel/UCW3a2tz7pkgIuk17xHqbvJw,Seaneyyyy
UCW3rCZmlgq3OFdi13EaMK4Q,http://www.youtube.com/channel/UCW3rCZmlgq3OFdi13EaMK4Q,Fox Recaps
UCW47iR5BrOhkkQ8AtIT6gqw,http://www.youtube.com/channel/UCW47iR5BrOhkkQ8AtIT6gqw,EarboySport
UCW4BscaN7XuLrLsCnbrV9wA,http://www.youtube.com/channel/UCW4BscaN7XuLrLsCnbrV9wA,Markus Persson
UCW4ybcp_-Aa6guLXBjg5KYw,http://www.youtube.com/channel/UCW4ybcp_-Aa6guLXBjg5KYw,man idk
UCW5KBpsIIaivALRaeZKjeJw,http://www.youtube.com/channel/UCW5KBpsIIaivALRaeZKjeJw,Judah
UCW6MNdOsqv2E9AjQkv9we7A,http://www.youtube.com/channel/UCW6MNdOsqv2E9AjQkv9we7A,PwnFunction
UCW6xlqxSY3gGur4PkGPEUeA,http://www.youtube.com/channel/UCW6xlqxSY3gGur4PkGPEUeA,Seytonic
UCW714r0ljkpjRzqwH0scI8g,http://www.youtube.com/channel/UCW714r0ljkpjRzqwH0scI8g,Games4two
UCW7KafpOYTxSXzgP24FKNOQ,http://www.youtube.com/channel/UCW7KafpOYTxSXzgP24FKNOQ,"Credit Cookies, Trailers & More"
UCW8Oog9pSV5i4pC4aEB50dw,http://www.youtube.com/channel/UCW8Oog9pSV5i4pC4aEB50dw,Police Watch 
UCW8z7Zl7nHno40mYGa9lh5g,http://www.youtube.com/channel/UCW8z7Zl7nHno40mYGa9lh5g,KokiriGaming
UCW92g94oxxmNluXf3KCF0WQ,http://www.youtube.com/channel/UCW92g94oxxmNluXf3KCF0WQ,MCBYT
UCW93dnHWV2GBW8dXRR5MDdA,http://www.youtube.com/channel/UCW93dnHWV2GBW8dXRR5MDdA,billiam
UCW9Gt3UfvAUGOahtQyAELyA,http://www.youtube.com/channel/UCW9Gt3UfvAUGOahtQyAELyA,SinkTop
UCW9KvoeUz2CsBwIGh3ux1ew,http://www.youtube.com/channel/UCW9KvoeUz2CsBwIGh3ux1ew,Cymaera
UCW9vp3Wu-Fn_3bH2eBY73lg,http://www.youtube.com/channel/UCW9vp3Wu-Fn_3bH2eBY73lg,FatReacts
UCW9weSUknruc8w41ZTZS67g,http://www.youtube.com/channel/UCW9weSUknruc8w41ZTZS67g,Beep_vlogs_13
UCW9y5TPZV2RA-TK3D4NqBYA,http://www.youtube.com/channel/UCW9y5TPZV2RA-TK3D4NqBYA,Ramo Akh
UCWBWgCD4oAqT3hUeq40SCUw,http://www.youtube.com/channel/UCWBWgCD4oAqT3hUeq40SCUw,Sambucha
UCWBtLCE-BnzZx3DneqDiXWQ,http://www.youtube.com/channel/UCWBtLCE-BnzZx3DneqDiXWQ,Astrum Earth
UCWD1nEswRjSCFTYKXYuEDuw,http://www.youtube.com/channel/UCWD1nEswRjSCFTYKXYuEDuw,CoxClips
UCWE7rlT-oO5DbnJOtxhX_KA,http://www.youtube.com/channel/UCWE7rlT-oO5DbnJOtxhX_KA,Kings and Things
UCWEVAMMyXF2NP5txDESGemg,http://www.youtube.com/channel/UCWEVAMMyXF2NP5txDESGemg,Fat Dino
UCWEWhKVBDP-h8W9ii1Q8OYQ,http://www.youtube.com/channel/UCWEWhKVBDP-h8W9ii1Q8OYQ,unpopular
UCWFKCr40YwOZQx8FHU_ZqqQ,http://www.youtube.com/channel/UCWFKCr40YwOZQx8FHU_ZqqQ,JerryRigEverything
UCWFNUk2LHUQdRzQcJLYZmcg,http://www.youtube.com/channel/UCWFNUk2LHUQdRzQcJLYZmcg,Bringus Studios
UCWFTHNxjsRz0oIn9Z-VGkDQ,http://www.youtube.com/channel/UCWFTHNxjsRz0oIn9Z-VGkDQ,StephaBlues
UCWFYc3Pfu2uCxoN8N29cB8A,http://www.youtube.com/channel/UCWFYc3Pfu2uCxoN8N29cB8A,Galvanium TV
UCWGLe87JqSCPSiodGoRgPlg,http://www.youtube.com/channel/UCWGLe87JqSCPSiodGoRgPlg,Crux Puzzles
UCWGVVJk-KWK11WgryUVSC_Q,http://www.youtube.com/channel/UCWGVVJk-KWK11WgryUVSC_Q,Paper Melon
UCWH6HoYVdmj9wks_giuuOXA,http://www.youtube.com/channel/UCWH6HoYVdmj9wks_giuuOXA,Spencer Ryan
UCWI-ohtRu8eEeDj93hmUsUQ,http://www.youtube.com/channel/UCWI-ohtRu8eEeDj93hmUsUQ,Coding with Lewis
UCWIfzAYHyNSyHmT2AO-54yg,http://www.youtube.com/channel/UCWIfzAYHyNSyHmT2AO-54yg,pwnisher
UCWLQLj9TeClrbjMY0zXsHTA,http://www.youtube.com/channel/UCWLQLj9TeClrbjMY0zXsHTA,The Untold by Tony
UCWLeX1gPvS5ooyyytGRufLg,http://www.youtube.com/channel/UCWLeX1gPvS5ooyyytGRufLg,Avocado Animations
UCWLu3q9FEmPPYKcUAxKZb2A,http://www.youtube.com/channel/UCWLu3q9FEmPPYKcUAxKZb2A,Milad Mirg
UCWMP-61qcSRBr6KVaGnbQ9A,http://www.youtube.com/channel/UCWMP-61qcSRBr6KVaGnbQ9A,The8:40Guy
UCWMw6dsif1AxBMaBXjEe4Aw,http://www.youtube.com/channel/UCWMw6dsif1AxBMaBXjEe4Aw,Next Updates
UCWNH3vyDfAToVG8UVqewdjQ,http://www.youtube.com/channel/UCWNH3vyDfAToVG8UVqewdjQ,PainDomination
UCWNZhm6tyMQ4JH4Lk8jNYuw,http://www.youtube.com/channel/UCWNZhm6tyMQ4JH4Lk8jNYuw,Sayx
UCWO3h8JTsiTCUH9qed2nvAQ,http://www.youtube.com/channel/UCWO3h8JTsiTCUH9qed2nvAQ,Rylockes
UCWOA1ZGywLbqmigxE4Qlvuw,http://www.youtube.com/channel/UCWOA1ZGywLbqmigxE4Qlvuw,Netflix
UCWPB0WpnMIy-g7zncwIhvQg,http://www.youtube.com/channel/UCWPB0WpnMIy-g7zncwIhvQg,Young Yong Tales
UCWQfbcMGyrPDlIU7wV7aAOQ,http://www.youtube.com/channel/UCWQfbcMGyrPDlIU7wV7aAOQ,Liam Triforce
UCWQrSQ0wJ3oZshXsZcl_Srg,http://www.youtube.com/channel/UCWQrSQ0wJ3oZshXsZcl_Srg,Music Media
UCWRwpX_L16cup2T_t6pZo3w,http://www.youtube.com/channel/UCWRwpX_L16cup2T_t6pZo3w,Mauricio Jara
UCWSC_-y9QsDmACXRY3rvtsQ,http://www.youtube.com/channel/UCWSC_-y9QsDmACXRY3rvtsQ,Astrophysics
UCWSfg3GZZtBD7j-K39pQ3WQ,http://www.youtube.com/channel/UCWSfg3GZZtBD7j-K39pQ3WQ,Seb the Optimist
UCWTj3vCqkQIsrTGSm4kM34g,http://www.youtube.com/channel/UCWTj3vCqkQIsrTGSm4kM34g,Scott's Bass Lessons
UCWUX7SqCqCoG6VarZNXR7OQ,http://www.youtube.com/channel/UCWUX7SqCqCoG6VarZNXR7OQ,Chef Thomson
UCWVO0OICQ1Q-8JBr_3hGKPw,http://www.youtube.com/channel/UCWVO0OICQ1Q-8JBr_3hGKPw,ミニマリストしぶ
UCWWCHrEqzME9N6JTuL6YUaw,http://www.youtube.com/channel/UCWWCHrEqzME9N6JTuL6YUaw,Dexerto
UCWX7tzz1JJVc2Usx0BRn1Cg,http://www.youtube.com/channel/UCWX7tzz1JJVc2Usx0BRn1Cg,ohnepixel raw
UCWXYdNyGX01rnTB-tQci8JQ,http://www.youtube.com/channel/UCWXYdNyGX01rnTB-tQci8JQ,Narins Beauty
UCWZg9b3Ry6cK-k2v9qQmHBg,http://www.youtube.com/channel/UCWZg9b3Ry6cK-k2v9qQmHBg,Daniel Endy
UCWZjWqQ1gt5dakhUuzRVZbA,http://www.youtube.com/channel/UCWZjWqQ1gt5dakhUuzRVZbA,Jeffiot
UCWZp4y1jqBuvLtiyxSs_ZBw,http://www.youtube.com/channel/UCWZp4y1jqBuvLtiyxSs_ZBw,Big guy
UCWaU6hepSblppxWwqHjYZkw,http://www.youtube.com/channel/UCWaU6hepSblppxWwqHjYZkw,YapJitsu
UCWaq76xUL1EfQbo_8YED3dA,http://www.youtube.com/channel/UCWaq76xUL1EfQbo_8YED3dA,MovieClips4us
UCWb-66XSFCV5vgKEbl22R6Q,http://www.youtube.com/channel/UCWb-66XSFCV5vgKEbl22R6Q,Enderman
UCWbKXCp_ESK8GQfZPt_rhLw,http://www.youtube.com/channel/UCWbKXCp_ESK8GQfZPt_rhLw,Spartanater
UCWbKpMs9qahYdpI7rZpJLyw,http://www.youtube.com/channel/UCWbKpMs9qahYdpI7rZpJLyw,ImAnAlienCat
UCWc8CackfCo4q46FpEWBcPg,http://www.youtube.com/channel/UCWc8CackfCo4q46FpEWBcPg,Jeenie.Weenie
UCWcCxrPCRDAte7I4uFdVsFQ,http://www.youtube.com/channel/UCWcCxrPCRDAte7I4uFdVsFQ,DougDoug Clips
UCWcemHtTSe31FbFa3yvvkoQ,http://www.youtube.com/channel/UCWcemHtTSe31FbFa3yvvkoQ,TactiGamer
UCWcuC_SXUTeAZL0Zu9vIWqA,http://www.youtube.com/channel/UCWcuC_SXUTeAZL0Zu9vIWqA,Lifesteal
UCWdZRijIIcMk34zG3Dgu_xg,http://www.youtube.com/channel/UCWdZRijIIcMk34zG3Dgu_xg,EasyAsTry
UCWdeihe0uwfkp_ZyDYnVLWw,http://www.youtube.com/channel/UCWdeihe0uwfkp_ZyDYnVLWw,Rowby
UCWez19plrYj73H1Oyp2srXA,http://www.youtube.com/channel/UCWez19plrYj73H1Oyp2srXA,KYLXBN (Kyle)
UCWfdGcJZwIczxjTSxRAL6eg,http://www.youtube.com/channel/UCWfdGcJZwIczxjTSxRAL6eg,Metalrave
UCWg9n9ltBkwUt7MTeFgkJ5w,http://www.youtube.com/channel/UCWg9n9ltBkwUt7MTeFgkJ5w,blacktreetv
UCWgkVAcBBfGMRB7a0JnRhMg,http://www.youtube.com/channel/UCWgkVAcBBfGMRB7a0JnRhMg,LARPER FOLEY
UCWj6zkMavSUOIlxRXhKPNDA,http://www.youtube.com/channel/UCWj6zkMavSUOIlxRXhKPNDA,Cut To The Cast
UCWjTnk7nqf8l_hBLCAJtn5g,http://www.youtube.com/channel/UCWjTnk7nqf8l_hBLCAJtn5g,TheRealDreik2
UCWjhTeQHdZkzXloc6wqSJ2A,http://www.youtube.com/channel/UCWjhTeQHdZkzXloc6wqSJ2A,shinchikuhome
UCWjxOXQaHl4R_pEwFgJgEsw,http://www.youtube.com/channel/UCWjxOXQaHl4R_pEwFgJgEsw,justinthetrees
UCWkdg1JlFH--qu0HVN_RBow,http://www.youtube.com/channel/UCWkdg1JlFH--qu0HVN_RBow,Caboose
UCWlIGsKGsvgFJHkiZml4O1A,http://www.youtube.com/channel/UCWlIGsKGsvgFJHkiZml4O1A,Grunge
UCWlRE9R5N60bojEAWNWRSPg,http://www.youtube.com/channel/UCWlRE9R5N60bojEAWNWRSPg,GhostMAD
UCWm8QZmBum-TVY0oxPay7mQ,http://www.youtube.com/channel/UCWm8QZmBum-TVY0oxPay7mQ,савелий яковлев
UCWmTRaqvTK8pPnwD_1D5MzA,http://www.youtube.com/channel/UCWmTRaqvTK8pPnwD_1D5MzA,ETRLMysteryGreen
UCWmVa-opBsUfobxOmbC8cbA,http://www.youtube.com/channel/UCWmVa-opBsUfobxOmbC8cbA,pineappleshouldbenotonthepizza
UCWmWxdPyxnKoU3RlbVSb-fw,http://www.youtube.com/channel/UCWmWxdPyxnKoU3RlbVSb-fw,Imded
UCWnXuj-tMV7TApKmKVoFFXQ,http://www.youtube.com/channel/UCWnXuj-tMV7TApKmKVoFFXQ,RankingXYZ
UCWp6fskd8AyzafqvyQSkJqg,http://www.youtube.com/channel/UCWp6fskd8AyzafqvyQSkJqg,lessthoughtof
UCWpk9PSGHoJW1hZT4egxTNQ,http://www.youtube.com/channel/UCWpk9PSGHoJW1hZT4egxTNQ,Ruhi Cenet Documentaries
UCWqW23Ko6dbscptZYyQE-8A,http://www.youtube.com/channel/UCWqW23Ko6dbscptZYyQE-8A,Zip Tie Tuning
UCWqWTx75_Z-vFzE_48YJwdw,http://www.youtube.com/channel/UCWqWTx75_Z-vFzE_48YJwdw,Cynthia Cleric
UCWrtoI1SCflRnCVlsHQMk9g,http://www.youtube.com/channel/UCWrtoI1SCflRnCVlsHQMk9g,MARVELOUS The Show
UCWtcaoN-VA4wseYrws-csKw,http://www.youtube.com/channel/UCWtcaoN-VA4wseYrws-csKw,Nikita Ordynskiy
UCWwgaK7x0_FR1goeSRazfsQ,http://www.youtube.com/channel/UCWwgaK7x0_FR1goeSRazfsQ,Samsung
UCWyIsNHP5HDN667dUrIExbg,http://www.youtube.com/channel/UCWyIsNHP5HDN667dUrIExbg,Elite Obsolete Electronics
UCWyrVfwRL-2DOkzsqrbjo5Q,http://www.youtube.com/channel/UCWyrVfwRL-2DOkzsqrbjo5Q,NCommander
UCWzLmNWhgeh3h1j-M-Isy0g,http://www.youtube.com/channel/UCWzLmNWhgeh3h1j-M-Isy0g,TheRussianBadger
UCWzUu14PomXO5VutMv-AP_g,http://www.youtube.com/channel/UCWzUu14PomXO5VutMv-AP_g,The Easter Egg Hunter
UCWzZ5TIGoZ6o-KtbGCyhnhg,http://www.youtube.com/channel/UCWzZ5TIGoZ6o-KtbGCyhnhg,College Music
UCWzmOSSiSPbVnVu3ZAyDx2w,http://www.youtube.com/channel/UCWzmOSSiSPbVnVu3ZAyDx2w,Marvel Rivals
UCX0388K0sDEDzn8MaI1RDoQ,http://www.youtube.com/channel/UCX0388K0sDEDzn8MaI1RDoQ,mayday
UCX03lOmgl3iRAzj8yPFxcVQ,http://www.youtube.com/channel/UCX03lOmgl3iRAzj8yPFxcVQ,Jon Solo
UCX17cvxsUjSHILM4JCYjZ6A,http://www.youtube.com/channel/UCX17cvxsUjSHILM4JCYjZ6A,iChef_
UCX1QjxCdIm_xUST6NIQfCqg,http://www.youtube.com/channel/UCX1QjxCdIm_xUST6NIQfCqg,Blur 2
UCX1aoT25QZzgGQJo4uCtRxw,http://www.youtube.com/channel/UCX1aoT25QZzgGQJo4uCtRxw,GameStop
UCX1y7VgC2Xz-AiUiY12Ydjw,http://www.youtube.com/channel/UCX1y7VgC2Xz-AiUiY12Ydjw,DevPixels
UCX2X0mwnKTzdbSHXKD6WILw,http://www.youtube.com/channel/UCX2X0mwnKTzdbSHXKD6WILw,JayTheDevGuy
UCX3FpDO-kCCJlwrN3QhKjvA,http://www.youtube.com/channel/UCX3FpDO-kCCJlwrN3QhKjvA,filmistan movies
UCX3irZyWOVkdi7d7uqp38kg,http://www.youtube.com/channel/UCX3irZyWOVkdi7d7uqp38kg,NashVibes Art
UCX43ke0wKIA-lvCccGDlNOg,http://www.youtube.com/channel/UCX43ke0wKIA-lvCccGDlNOg,Aggro Crab
UCX47RII8vAVO7oVmySW9SEA,http://www.youtube.com/channel/UCX47RII8vAVO7oVmySW9SEA,LeftBurst
UCX5b7RhaIQlnM2kkOewOJkQ,http://www.youtube.com/channel/UCX5b7RhaIQlnM2kkOewOJkQ,F1NN5TER FANPAGE 
UCX5oyFuyUDwOo9zqM31rUKQ,http://www.youtube.com/channel/UCX5oyFuyUDwOo9zqM31rUKQ,StickARoundGame
UCX6OQ3DkcsbYNE6H8uQQuVA,http://www.youtube.com/channel/UCX6OQ3DkcsbYNE6H8uQQuVA,MrBeast
UCX766m4hgGRqtd4h6VVOh3g,http://www.youtube.com/channel/UCX766m4hgGRqtd4h6VVOh3g,Simon Kaggwa Njala
UCXA2lepIpHZ24iQU22WgDeA,http://www.youtube.com/channel/UCXA2lepIpHZ24iQU22WgDeA,Squirrel Monkey
UCXAcgmC0KT0ruMfmmmuoygA,http://www.youtube.com/channel/UCXAcgmC0KT0ruMfmmmuoygA,Double Jump Video Games
UCXB_oJQHTIf5wX1y4E8fDpw,http://www.youtube.com/channel/UCXB_oJQHTIf5wX1y4E8fDpw,The Swarm Scribes
UCXDrzJ3DBpd83-44blTjSxw,http://www.youtube.com/channel/UCXDrzJ3DBpd83-44blTjSxw,Thrifter Sifter
UCXFM0RISHHo9kgAKXbj5P3A,http://www.youtube.com/channel/UCXFM0RISHHo9kgAKXbj5P3A,AdamCrossing 2
UCXGR70CkW_pXb8n52LzCCRw,http://www.youtube.com/channel/UCXGR70CkW_pXb8n52LzCCRw,Mythical Kitchen
UCXGgrKt94gR6lmN4aN3mYTg,http://www.youtube.com/channel/UCXGgrKt94gR6lmN4aN3mYTg,Austin Evans
UCXIeQ7acc-jS980r1PUssIQ,http://www.youtube.com/channel/UCXIeQ7acc-jS980r1PUssIQ,nottomcruise
UCXJDb8HZ8Hz9HDxWL-wRvmg,http://www.youtube.com/channel/UCXJDb8HZ8Hz9HDxWL-wRvmg,Fuelvin
UCXKBMbAYIqft5RDbFlC9-0A,http://www.youtube.com/channel/UCXKBMbAYIqft5RDbFlC9-0A,Nizaritoo
UCXKNiazqmuUi9CeX_kyDpjw,http://www.youtube.com/channel/UCXKNiazqmuUi9CeX_kyDpjw,Alpha Beta Gamer
UCXKPLSQSPEhjUvCc4z156Kg,http://www.youtube.com/channel/UCXKPLSQSPEhjUvCc4z156Kg,KitRig
UCXKiVfoVlshbsPVDBSNHGbg,http://www.youtube.com/channel/UCXKiVfoVlshbsPVDBSNHGbg,minderman
UCXMVaxrax7RNDPdfRrXXgtQ,http://www.youtube.com/channel/UCXMVaxrax7RNDPdfRrXXgtQ,Hafu Go
UCXN7NMwjjQpBHxzMwOPYzjQ,http://www.youtube.com/channel/UCXN7NMwjjQpBHxzMwOPYzjQ,PES
UCXNz_1HmQPcqSC5vhPLNTcA,http://www.youtube.com/channel/UCXNz_1HmQPcqSC5vhPLNTcA,Daily KARLSON News
UCXO3THE2yMlDvAVAUwfKsUg,http://www.youtube.com/channel/UCXO3THE2yMlDvAVAUwfKsUg,Paper and Light
UCXOSur_wiS9TK0WUhJrYrlA,http://www.youtube.com/channel/UCXOSur_wiS9TK0WUhJrYrlA,Dammit Jeff
UCXPPN1bYBsjZ_pj3Lm4HFjw,http://www.youtube.com/channel/UCXPPN1bYBsjZ_pj3Lm4HFjw,BlackScreenTV
UCXPXfAAo-yV6Y-0PZecwBLw,http://www.youtube.com/channel/UCXPXfAAo-yV6Y-0PZecwBLw,Nico Leonard
UCXQLDSnlB56maqwLMgu6eJw,http://www.youtube.com/channel/UCXQLDSnlB56maqwLMgu6eJw,RyanTheScion
UCXQO9EaJHgLZuBjXSTR-gvw,http://www.youtube.com/channel/UCXQO9EaJHgLZuBjXSTR-gvw,BigRig Creates
UCXUA1RzQWvVi4-b7dSnXGEg,http://www.youtube.com/channel/UCXUA1RzQWvVi4-b7dSnXGEg,TrainerDerek
UCXUIirOjOmtSZe1VyY8MuTg,http://www.youtube.com/channel/UCXUIirOjOmtSZe1VyY8MuTg,CASIO Calculator Education
UCXYRdIXDdeZIf816EWAr5zQ,http://www.youtube.com/channel/UCXYRdIXDdeZIf816EWAr5zQ,Macklemore
UCXYUQKbcp1t5fR_5n-oCFRg,http://www.youtube.com/channel/UCXYUQKbcp1t5fR_5n-oCFRg,LMB
UCXZpRxzNeG2faD6tdtACxmg,http://www.youtube.com/channel/UCXZpRxzNeG2faD6tdtACxmg,Cubical
UCXZuR0m--8BiHWSB1PkUcLQ,http://www.youtube.com/channel/UCXZuR0m--8BiHWSB1PkUcLQ,YewfNet
UCX_OYNnlNv3vQWiER4b0f5w,http://www.youtube.com/channel/UCX_OYNnlNv3vQWiER4b0f5w,Yeah Jaron
UCX_kOlX9HLzihXlCkrZnmvA,http://www.youtube.com/channel/UCX_kOlX9HLzihXlCkrZnmvA,Massoyan Jewelers
UCXaNjez7JyJ_JDFEKrC8JmQ,http://www.youtube.com/channel/UCXaNjez7JyJ_JDFEKrC8JmQ,Rogan 🎮 gaming nonsense
UCXawaKXXdFMLVC4_FKdImQw,http://www.youtube.com/channel/UCXawaKXXdFMLVC4_FKdImQw,Rare Gaming Dump
UCXcMEuLWTxA2D8IZcfouBiA,http://www.youtube.com/channel/UCXcMEuLWTxA2D8IZcfouBiA,Davidjustinn
UCXcj6FejSkPF_JV_HJn5NaQ,http://www.youtube.com/channel/UCXcj6FejSkPF_JV_HJn5NaQ,Ludwig React
UCXd6JVlcUlz6mZO3-FQBi0w,http://www.youtube.com/channel/UCXd6JVlcUlz6mZO3-FQBi0w,botheman
UCXdvZeDwMBaVBR0m9sS_lYA,http://www.youtube.com/channel/UCXdvZeDwMBaVBR0m9sS_lYA,Enok
UCXeaa2_rkaBM55xhukxq0kQ,http://www.youtube.com/channel/UCXeaa2_rkaBM55xhukxq0kQ,StrikerMC ⚡︎
UCXfblbnE4YDxlJ95OG1IqdA,http://www.youtube.com/channel/UCXfblbnE4YDxlJ95OG1IqdA,kiro talks
UCXg2L_c6fFI-hH3lzsGOQkg,http://www.youtube.com/channel/UCXg2L_c6fFI-hH3lzsGOQkg,Ryan Pictures
UCXg2htneX0VHmTQw5BqAP_A,http://www.youtube.com/channel/UCXg2htneX0VHmTQw5BqAP_A,BOZI
UCXgNowiGxwwnLeQ7DXTwXPg,http://www.youtube.com/channel/UCXgNowiGxwwnLeQ7DXTwXPg,The Science Asylum
UCXgat96o2GKdBSEK1GG8I-Q,http://www.youtube.com/channel/UCXgat96o2GKdBSEK1GG8I-Q,ChrisPro
UCXgxNzAgZ1GExhTW4X1mUrg,http://www.youtube.com/channel/UCXgxNzAgZ1GExhTW4X1mUrg,Marc Rebillet
UCXh9mHdcBD-3aGCiECZMP1Q,http://www.youtube.com/channel/UCXh9mHdcBD-3aGCiECZMP1Q,Not An Engineer
UCXhOllcCZNLuv4WeXvQasNQ,http://www.youtube.com/channel/UCXhOllcCZNLuv4WeXvQasNQ,Orbitzz
UCXhRd4KkpzYsPm5hFTPVsqw,http://www.youtube.com/channel/UCXhRd4KkpzYsPm5hFTPVsqw,Misma Ryzing Ch. V&U
UCXifmGGh6BozYPmrEY16gQQ,http://www.youtube.com/channel/UCXifmGGh6BozYPmrEY16gQQ,Charles Peralo
UCXj8C8ds0FlBbt0jKshselg,http://www.youtube.com/channel/UCXj8C8ds0FlBbt0jKshselg,綺麗なお姉さんTV
UCXjBvSgcNWnP85PF25b9N_w,http://www.youtube.com/channel/UCXjBvSgcNWnP85PF25b9N_w,The Other Channel
UCXjVpduP8QeHDfOkOrF4i1A,http://www.youtube.com/channel/UCXjVpduP8QeHDfOkOrF4i1A,TeamRazzo
UCXjmz8dFzRJZrZY8eFiXNUQ,http://www.youtube.com/channel/UCXjmz8dFzRJZrZY8eFiXNUQ,Nerdstalgic
UCXjvsikVclbNRGRlzr8jTEg,http://www.youtube.com/channel/UCXjvsikVclbNRGRlzr8jTEg,Baseball Doesn't Exist
UCXkNod_JcH7PleOjwK_8rYQ,http://www.youtube.com/channel/UCXkNod_JcH7PleOjwK_8rYQ,Polyphonic
UCXkVHVuI6UWHJRo8wZTIkeA,http://www.youtube.com/channel/UCXkVHVuI6UWHJRo8wZTIkeA,jakob tärk
UCXkax6mDpuy1jNgARLCrgyg,http://www.youtube.com/channel/UCXkax6mDpuy1jNgARLCrgyg,safanadika
UCXl0djQ2IljcG-shgv-hIEA,http://www.youtube.com/channel/UCXl0djQ2IljcG-shgv-hIEA,Daniel Iles Shorts
UCXlDgfWY2JbsYEam2m68Hyw,http://www.youtube.com/channel/UCXlDgfWY2JbsYEam2m68Hyw,Hipyo Tech
UCXmGv-nIy80LINFCNzxz4_g,http://www.youtube.com/channel/UCXmGv-nIy80LINFCNzxz4_g,Matthew Broussard
UCXnzWArKVX833PsMfA67P8Q,http://www.youtube.com/channel/UCXnzWArKVX833PsMfA67P8Q,Dabido
UCXoRb5fEVQGnGErwh1MpbmA,http://www.youtube.com/channel/UCXoRb5fEVQGnGErwh1MpbmA,indiana souf
UCXoUJdfXnSZeb7f8tKk6sbw,http://www.youtube.com/channel/UCXoUJdfXnSZeb7f8tKk6sbw,FizzyPaint
UCXoqL7S2DjbrJe5ewfmlDvw,http://www.youtube.com/channel/UCXoqL7S2DjbrJe5ewfmlDvw,slicedlime
UCXpKMigx91L6a83iVILB-QQ,http://www.youtube.com/channel/UCXpKMigx91L6a83iVILB-QQ,The Sharchives
UCXpNScbVX2cYsuCVgCzjzjg,http://www.youtube.com/channel/UCXpNScbVX2cYsuCVgCzjzjg,SceneBlink 
UCXqE3AhYoPfSMYaZj5SKXwQ,http://www.youtube.com/channel/UCXqE3AhYoPfSMYaZj5SKXwQ,CowQuack
UCXqQQXW8-jGYgkXDFAxrvIQ,http://www.youtube.com/channel/UCXqQQXW8-jGYgkXDFAxrvIQ,Dylan Crow
UCXqV4yoyC_mmZye6VbKFPeQ,http://www.youtube.com/channel/UCXqV4yoyC_mmZye6VbKFPeQ,Mob Entertainment
UCXqcrh_ytmra6aK41-PiSjA,http://www.youtube.com/channel/UCXqcrh_ytmra6aK41-PiSjA,MelonnTheCreator
UCXqoHO5dJX-uqWYbK_VqSQQ,http://www.youtube.com/channel/UCXqoHO5dJX-uqWYbK_VqSQQ,stop culture
UCXrlMyykDFirB7tT05AiwGg,http://www.youtube.com/channel/UCXrlMyykDFirB7tT05AiwGg,CommandGeek
UCXrpCBQ1dzQVt6vCHMKF01g,http://www.youtube.com/channel/UCXrpCBQ1dzQVt6vCHMKF01g,Park Pros
UCXsDow8JYLHfjbYdAoyA7cw,http://www.youtube.com/channel/UCXsDow8JYLHfjbYdAoyA7cw,saewool
UCXslS997yoJ1w9ZZTCh0Img,http://www.youtube.com/channel/UCXslS997yoJ1w9ZZTCh0Img,MOTO WILD
UCXssZDvlzXMsQN0IOSIlALg,http://www.youtube.com/channel/UCXssZDvlzXMsQN0IOSIlALg,Wolfy
UCXsu6NR1h8Ekw_xjINTAOmg,http://www.youtube.com/channel/UCXsu6NR1h8Ekw_xjINTAOmg,Print Challenge
UCXtCobcQRbIk-_sPSJUXzmQ,http://www.youtube.com/channel/UCXtCobcQRbIk-_sPSJUXzmQ,Charles Brockman III (TheOnlyCB3)
UCXuqSBlHAE6Xw-yeJA0Tunw,http://www.youtube.com/channel/UCXuqSBlHAE6Xw-yeJA0Tunw,Linus Tech Tips
UCXvCI4YnkGhGV8ei4vE9h4A,http://www.youtube.com/channel/UCXvCI4YnkGhGV8ei4vE9h4A,Jose.elcook
UCXvJTZu5f7ylMV8K3x3ep6g,http://www.youtube.com/channel/UCXvJTZu5f7ylMV8K3x3ep6g,NupFilms
UCXvKUavCtDOlA8bT1i2tI3w,http://www.youtube.com/channel/UCXvKUavCtDOlA8bT1i2tI3w,belle delphine
UCXvbilRzK1DrcrYM_0-BxfQ,http://www.youtube.com/channel/UCXvbilRzK1DrcrYM_0-BxfQ,Megan and Ben
UCXw67NySC0HSweyiBVx1gwQ,http://www.youtube.com/channel/UCXw67NySC0HSweyiBVx1gwQ,Movie Culture
UCXxCruD2b-S0P2k9D-wqKZQ,http://www.youtube.com/channel/UCXxCruD2b-S0P2k9D-wqKZQ,Ryan Kelly Comedy
UCXxdZQU6BdLfzgGRZAhSdkQ,http://www.youtube.com/channel/UCXxdZQU6BdLfzgGRZAhSdkQ,Clanderick
UCXzh_L66sw-Hm5hiQRsxd9g,http://www.youtube.com/channel/UCXzh_L66sw-Hm5hiQRsxd9g,Brewzle
UCY-PrcA-mjq3OhgsAH9C52A,http://www.youtube.com/channel/UCY-PrcA-mjq3OhgsAH9C52A,Dan Dingle
UCY-ywrKyfsSFF1tILNH1pNA,http://www.youtube.com/channel/UCY-ywrKyfsSFF1tILNH1pNA,Math with Mr. J
UCY01Lsg37AiQduPv3H86tgA,http://www.youtube.com/channel/UCY01Lsg37AiQduPv3H86tgA,redacted
UCY1TUQb-KLam93cbwBbWzGw,http://www.youtube.com/channel/UCY1TUQb-KLam93cbwBbWzGw,Edward
UCY1kMZp36IQSyNx_9h4mpCg,http://www.youtube.com/channel/UCY1kMZp36IQSyNx_9h4mpCg,Mark Rober
UCY2--S73K_Ce6uvmN9UXvlw,http://www.youtube.com/channel/UCY2--S73K_Ce6uvmN9UXvlw,Waterjet Channel - Daniel Adair
UCY2qt3dw2TQJxvBrDiYGHdQ,http://www.youtube.com/channel/UCY2qt3dw2TQJxvBrDiYGHdQ,Pink Floyd
UCY30JRSgfhYXA6i6xX1erWg,http://www.youtube.com/channel/UCY30JRSgfhYXA6i6xX1erWg,Smosh
UCY3dk5-6NtOsWjMs_iXvQBA,http://www.youtube.com/channel/UCY3dk5-6NtOsWjMs_iXvQBA,bobvids
UCY44D58mphysLVisO7dYfPQ,http://www.youtube.com/channel/UCY44D58mphysLVisO7dYfPQ,Fahad Kaleem
UCY4tOdgHdFTDbFOueaY0rwQ,http://www.youtube.com/channel/UCY4tOdgHdFTDbFOueaY0rwQ,DrWydi
UCY5fcqgSrQItPAX_Z5Frmwg,http://www.youtube.com/channel/UCY5fcqgSrQItPAX_Z5Frmwg,KADOKAWAanime
UCY5xhpH29hcQudilieKD63Q,http://www.youtube.com/channel/UCY5xhpH29hcQudilieKD63Q,TripleJump
UCY69UouZ5qC4RvLmtyQlvOQ,http://www.youtube.com/channel/UCY69UouZ5qC4RvLmtyQlvOQ,Replacement
UCY6vED1T_4-GfXLc7nzrVtQ,http://www.youtube.com/channel/UCY6vED1T_4-GfXLc7nzrVtQ,Mickerrific
UCY79evmrPSaFIxnjnY7exNQ,http://www.youtube.com/channel/UCY79evmrPSaFIxnjnY7exNQ,Spu7Nix
UCY7cJ5H3cmQvk4Edtm9_Ynw,http://www.youtube.com/channel/UCY7cJ5H3cmQvk4Edtm9_Ynw,LavenderPlayz •
UCY8OUXFpAlcgAfa7yKjy8Ug,http://www.youtube.com/channel/UCY8OUXFpAlcgAfa7yKjy8Ug,TheFakeSullyG
UCY8SLLJjWpS4sx1dEqECaIw,http://www.youtube.com/channel/UCY8SLLJjWpS4sx1dEqECaIw,Tyler Oliveira
UCY9ecPDkkIfffA4tYa_Aqhg,http://www.youtube.com/channel/UCY9ecPDkkIfffA4tYa_Aqhg,Khisun
UCYAMuFKSoz3XTx0DGXdwFzA,http://www.youtube.com/channel/UCYAMuFKSoz3XTx0DGXdwFzA,Retro_Dev
UCYAOO-SAasNHv6rtUQhyrlQ,http://www.youtube.com/channel/UCYAOO-SAasNHv6rtUQhyrlQ,Crazy Marble Race
UCYAm24PkejQR2xMgJgn7xwg,http://www.youtube.com/channel/UCYAm24PkejQR2xMgJgn7xwg,Stewart Hicks
UCYAnutawqW-eGlbhSn7Lm4g,http://www.youtube.com/channel/UCYAnutawqW-eGlbhSn7Lm4g,Frostech
UCYB-2GXFVkRK4i_MmOQ3WsQ,http://www.youtube.com/channel/UCYB-2GXFVkRK4i_MmOQ3WsQ,Visualrncore
UCYB2u5YtNXwH2kH847mjRgw,http://www.youtube.com/channel/UCYB2u5YtNXwH2kH847mjRgw,ImTheChef
UCYBARVyitZWkFKovnC2jf2g,http://www.youtube.com/channel/UCYBARVyitZWkFKovnC2jf2g,Washington Post Universe
UCYBbrJH2H6tmQZ7VHyA_esA,http://www.youtube.com/channel/UCYBbrJH2H6tmQZ7VHyA_esA,Saltydkdan
UCYBetkejPxK8t_41zueazcA,http://www.youtube.com/channel/UCYBetkejPxK8t_41zueazcA,T5G
UCYCNSAjHlTOB9V9aSBfKVYA,http://www.youtube.com/channel/UCYCNSAjHlTOB9V9aSBfKVYA,LevelLists
UCYDMcC0vCnJutdq21HZGjOQ,http://www.youtube.com/channel/UCYDMcC0vCnJutdq21HZGjOQ,Ashley Bowen
UCYG-WJNzQY-wcX59m5QkO6g,http://www.youtube.com/channel/UCYG-WJNzQY-wcX59m5QkO6g,SlimeE101
UCYGDiVemmhY_Q1M-hKp4fvw,http://www.youtube.com/channel/UCYGDiVemmhY_Q1M-hKp4fvw,big boss
UCYHe1rXPbrjHsu5yzHt8YLw,http://www.youtube.com/channel/UCYHe1rXPbrjHsu5yzHt8YLw,linguini & lasagna
UCYHjGa8K275f3vHodd2D9og,http://www.youtube.com/channel/UCYHjGa8K275f3vHodd2D9og,Coby Persin
UCYHtu1RCamuuR-BUKdAbz9w,http://www.youtube.com/channel/UCYHtu1RCamuuR-BUKdAbz9w,Oliver Hoppe
UCYI6_UU0Sr2wI9P6cr7Unow,http://www.youtube.com/channel/UCYI6_UU0Sr2wI9P6cr7Unow,Andy and Michelle
UCYIIAk0Mw1L7pzR3xAF3GoQ,http://www.youtube.com/channel/UCYIIAk0Mw1L7pzR3xAF3GoQ,Vtuber.moments:)
UCYIzu7SOyUyDPwMgUSspRYw,http://www.youtube.com/channel/UCYIzu7SOyUyDPwMgUSspRYw,Andrew Lam
UCYJ61-tn8b4WXfuSrQwYsTg,http://www.youtube.com/channel/UCYJ61-tn8b4WXfuSrQwYsTg,Forceman Big World
UCYJPby9DRCteedh5tfxVbrw,http://www.youtube.com/channel/UCYJPby9DRCteedh5tfxVbrw,Smosh Pit
UCYK-lJOeYdoKuDDdGscCFMA,http://www.youtube.com/channel/UCYK-lJOeYdoKuDDdGscCFMA,Official Wakaliwood
UCYKhTU-lLK-py7yxQjbDxjQ,http://www.youtube.com/channel/UCYKhTU-lLK-py7yxQjbDxjQ,KylieRutzenVA
UCYLNGLIzMhRTi6ZOLjAPSmw,http://www.youtube.com/channel/UCYLNGLIzMhRTi6ZOLjAPSmw,Shakira
UCYLf5YEC59GX69au3yb1-KQ,http://www.youtube.com/channel/UCYLf5YEC59GX69au3yb1-KQ,SubwayTakes with Kareem Rahma
UCYLxCwB5SlKeSe6qYOoCdng,http://www.youtube.com/channel/UCYLxCwB5SlKeSe6qYOoCdng,Chill
UCYM0ZNXvBAtZ6dn3rucLmEQ,http://www.youtube.com/channel/UCYM0ZNXvBAtZ6dn3rucLmEQ,krispykarim
UCYMKvKclvVtQZbLrV2v-_5g,http://www.youtube.com/channel/UCYMKvKclvVtQZbLrV2v-_5g,Daniel Hentschel
UCYO_jab_esuFRV4b17AJtAw,http://www.youtube.com/channel/UCYO_jab_esuFRV4b17AJtAw,3Blue1Brown
UCYPqftqUtiBEmmkW0sJa_Ew,http://www.youtube.com/channel/UCYPqftqUtiBEmmkW0sJa_Ew,AJSimSim
UCYPs4y5esNqx6ax1CxZws6Q,http://www.youtube.com/channel/UCYPs4y5esNqx6ax1CxZws6Q,ABBA
UCYQ4SlpjrfJgs6ZfS9OYHvw,http://www.youtube.com/channel/UCYQ4SlpjrfJgs6ZfS9OYHvw,Nik Cars
UCYQT13AtrJC0gsM1far_zJg,http://www.youtube.com/channel/UCYQT13AtrJC0gsM1far_zJg,FlyingKitty
UCYRE3PMYatMVXmqmulF0sgA,http://www.youtube.com/channel/UCYRE3PMYatMVXmqmulF0sgA,LADbible Entertainment
UCYRIBISbgdGK01luLk_MAUw,http://www.youtube.com/channel/UCYRIBISbgdGK01luLk_MAUw,Jordan Wav
UCYRLo3WVhETdHHVmmayEtew,http://www.youtube.com/channel/UCYRLo3WVhETdHHVmmayEtew,Blob
UCYRg9w3AfuRCKfh4JcDp8xw,http://www.youtube.com/channel/UCYRg9w3AfuRCKfh4JcDp8xw,Itsdanielmac
UCYRwJnCWfBqFHEHrgc18FFw,http://www.youtube.com/channel/UCYRwJnCWfBqFHEHrgc18FFw,Decoder with Nilay Patel
UCYSvX0lqo-ZinYNQSHVCqlQ,http://www.youtube.com/channel/UCYSvX0lqo-ZinYNQSHVCqlQ,The Chalkeaters
UCYTO_kuA1_dpTRKwFDZiL0Q,http://www.youtube.com/channel/UCYTO_kuA1_dpTRKwFDZiL0Q,n3rmin
UCYUQQgogVeQY8cMQamhHJcg,http://www.youtube.com/channel/UCYUQQgogVeQY8cMQamhHJcg,CinemaSins
UCYWGFUWGQ2K2-QNJuNwyWXg,http://www.youtube.com/channel/UCYWGFUWGQ2K2-QNJuNwyWXg,Eraduck
UCYWd5Q-C8M-OeDzKo86CAeg,http://www.youtube.com/channel/UCYWd5Q-C8M-OeDzKo86CAeg,Phoenix Resale
UCYWh1ZuGBQApw1-a2tGFnNQ,http://www.youtube.com/channel/UCYWh1ZuGBQApw1-a2tGFnNQ,Smashy
UCYYswSYIh-lR0oAB-vfdm6g,http://www.youtube.com/channel/UCYYswSYIh-lR0oAB-vfdm6g,InklingCurry
UCYYw1gGeXR7Dg34iRqNbANQ,http://www.youtube.com/channel/UCYYw1gGeXR7Dg34iRqNbANQ,Let's STFU and Play
UCYZKDmmS5NNIaiD6hlNWh7Q,http://www.youtube.com/channel/UCYZKDmmS5NNIaiD6hlNWh7Q,The Pet Collective Too
UCYZtp0YIxYOipX15v_h_jnA,http://www.youtube.com/channel/UCYZtp0YIxYOipX15v_h_jnA,Crowbcat
UCY_x7MudrGPXSX9k9z4GyDg,http://www.youtube.com/channel/UCY_x7MudrGPXSX9k9z4GyDg,RedFalcon
UCYaQPouGkxHluo2frZOoPWg,http://www.youtube.com/channel/UCYaQPouGkxHluo2frZOoPWg,RTINGS R&D
UCYbIUr3C9YZjNQGUNwz5lAg,http://www.youtube.com/channel/UCYbIUr3C9YZjNQGUNwz5lAg,ShizuHey
UCYbK_tjZ2OrIZFBvU6CCMiA,http://www.youtube.com/channel/UCYbK_tjZ2OrIZFBvU6CCMiA,Brackeys
UCYbQN9UsFxoCbbBPpZUXAYg,http://www.youtube.com/channel/UCYbQN9UsFxoCbbBPpZUXAYg,STUDIO TANGRAM
UCYbru-MPO1xjes4FVn61JUQ,http://www.youtube.com/channel/UCYbru-MPO1xjes4FVn61JUQ,Shawn Woods 
UCYcUw06SUQs20xiP4SNOiqg,http://www.youtube.com/channel/UCYcUw06SUQs20xiP4SNOiqg,s4videos
UCYdXVgFiy8pQTnqGz0gG6Bg,http://www.youtube.com/channel/UCYdXVgFiy8pQTnqGz0gG6Bg,fromnico
UCYenDLnIHsoqQ6smwKXQ7Hg,http://www.youtube.com/channel/UCYenDLnIHsoqQ6smwKXQ7Hg,#Mind Warehouse
UCYgA90pbTvcm6nQfUctOUwA,http://www.youtube.com/channel/UCYgA90pbTvcm6nQfUctOUwA,Frame By Fame
UCYgQs3RV88iEHbWZ49uZ-5A,http://www.youtube.com/channel/UCYgQs3RV88iEHbWZ49uZ-5A,Johnson Hotdogs
UCYgzcLojAgL54irocOEs9IQ,http://www.youtube.com/channel/UCYgzcLojAgL54irocOEs9IQ,LowHP
UCYhYcJSpwKQfx9Cw9wKk7ww,http://www.youtube.com/channel/UCYhYcJSpwKQfx9Cw9wKk7ww,Cinch Gaming
UCYjKR7jn-ESHlDWkoVmaBVQ,http://www.youtube.com/channel/UCYjKR7jn-ESHlDWkoVmaBVQ,mooncatcher
UCYjTMQZ0OJRdchRDNrfO69Q,http://www.youtube.com/channel/UCYjTMQZ0OJRdchRDNrfO69Q,Fingees
UCYkhAqVHk4Q-8kIgwMla2vw,http://www.youtube.com/channel/UCYkhAqVHk4Q-8kIgwMla2vw,Metro Tunnel Project
UCYn6CZe5UGIyPe9WJb0pTrg,http://www.youtube.com/channel/UCYn6CZe5UGIyPe9WJb0pTrg,Top5Gaming
UCYnVo-cKPry9k1orzGQbmkw,http://www.youtube.com/channel/UCYnVo-cKPry9k1orzGQbmkw,PhasedTech
UCYq6HznD28CPSyrKNwqsBAQ,http://www.youtube.com/channel/UCYq6HznD28CPSyrKNwqsBAQ,maximise
UCYqsJbDDngvxb_rbHzHpYGA,http://www.youtube.com/channel/UCYqsJbDDngvxb_rbHzHpYGA,Magic The Noah
UCYs3kVmLLfbaRL6Af2ELMHg,http://www.youtube.com/channel/UCYs3kVmLLfbaRL6Af2ELMHg,LikeAFoxStudios
UCYsoTC13yJNQRIsntEygEGQ,http://www.youtube.com/channel/UCYsoTC13yJNQRIsntEygEGQ,CraftyMasterman
UCYtfdbMQhzo-uIThGm0hQuQ,http://www.youtube.com/channel/UCYtfdbMQhzo-uIThGm0hQuQ,TCNick3
UCYvEb6iLPxLPZTe6NcUUUeA,http://www.youtube.com/channel/UCYvEb6iLPxLPZTe6NcUUUeA,j aubrey
UCYwRPV5Wi6C00HE3Yl2Qlqg,http://www.youtube.com/channel/UCYwRPV5Wi6C00HE3Yl2Qlqg,Lemmy
UCYxBY8mhJ7R2rMIcQ28H_Zw,http://www.youtube.com/channel/UCYxBY8mhJ7R2rMIcQ28H_Zw,Ujico*/Snail's House
UCYzEMRKqrh01-tauv7MYyVQ,http://www.youtube.com/channel/UCYzEMRKqrh01-tauv7MYyVQ,MSA
UCYzPXprvl5Y-Sf0g4vX-m6g,http://www.youtube.com/channel/UCYzPXprvl5Y-Sf0g4vX-m6g,jacksepticeye
UCZ1Sc5xjWpUnp_o_lUTkvgQ,http://www.youtube.com/channel/UCZ1Sc5xjWpUnp_o_lUTkvgQ,The Grand Tour
UCZ243v3D7Q47dZFTPLKaiLQ,http://www.youtube.com/channel/UCZ243v3D7Q47dZFTPLKaiLQ,Corrupt0
UCZ4qs1SgV7wTkM2VjHByuRQ,http://www.youtube.com/channel/UCZ4qs1SgV7wTkM2VjHByuRQ,NoGood
UCZ5Mt49ZTvtTTI8XQ9B4Aag,http://www.youtube.com/channel/UCZ5Mt49ZTvtTTI8XQ9B4Aag,WIGGLE¹⁰
UCZ5WNFrQ2FPO6HApMzsNdrg,http://www.youtube.com/channel/UCZ5WNFrQ2FPO6HApMzsNdrg,19751024
UCZ5XnGb-3t7jCkXdawN2tkA,http://www.youtube.com/channel/UCZ5XnGb-3t7jCkXdawN2tkA,Discord
UCZ60cnN8RyAksR5zBtaRfwA,http://www.youtube.com/channel/UCZ60cnN8RyAksR5zBtaRfwA,Plasma_man
UCZ60gnSoDMMsbkcfnNqf8UQ,http://www.youtube.com/channel/UCZ60gnSoDMMsbkcfnNqf8UQ,Lingrentaitai-Official
UCZ794guEEqxS7Pyr-QT1PGQ,http://www.youtube.com/channel/UCZ794guEEqxS7Pyr-QT1PGQ,Waligug
UCZ7t9lujB4cTmBFDVdjUVtg,http://www.youtube.com/channel/UCZ7t9lujB4cTmBFDVdjUVtg,Bertha
UCZ8P9PBLvq08KOSh4GrMZuw,http://www.youtube.com/channel/UCZ8P9PBLvq08KOSh4GrMZuw,Siah The Clown
UCZ8Zr_PQ3ZPgaQimEdV0xcw,http://www.youtube.com/channel/UCZ8Zr_PQ3ZPgaQimEdV0xcw,Zerigala
UCZ8wWU0teJKhqP56OK2tDzA,http://www.youtube.com/channel/UCZ8wWU0teJKhqP56OK2tDzA,TOKOYAMi
UCZ9jWH_8tJ-Nmaj8dSQdEYA,http://www.youtube.com/channel/UCZ9jWH_8tJ-Nmaj8dSQdEYA,Stefan Milo
UCZA739-j2KtIiT1CqbGYvhg,http://www.youtube.com/channel/UCZA739-j2KtIiT1CqbGYvhg,Fred Jonesy
UCZAAaq8tdpjGtMubXXuPjgg,http://www.youtube.com/channel/UCZAAaq8tdpjGtMubXXuPjgg,MyFuckinMess
UCZADUjMdGX-q793E4XwB_fg,http://www.youtube.com/channel/UCZADUjMdGX-q793E4XwB_fg,Nickolops
UCZB6V9fUov0Mx_us3MWWILg,http://www.youtube.com/channel/UCZB6V9fUov0Mx_us3MWWILg,People Make Games
UCZBdaKw97n3P9qWeP6rs_7g,http://www.youtube.com/channel/UCZBdaKw97n3P9qWeP6rs_7g,planet clue
UCZBsiIVA33WutE7fXIiPRyg,http://www.youtube.com/channel/UCZBsiIVA33WutE7fXIiPRyg,Basique
UCZDC1NwOEX3DclqBwVUmsTw,http://www.youtube.com/channel/UCZDC1NwOEX3DclqBwVUmsTw,Ertyez
UCZDIw19Q_-Up9s8Xxxoj9-Q,http://www.youtube.com/channel/UCZDIw19Q_-Up9s8Xxxoj9-Q,Dom Hennequin
UCZE_XnY_UazcRILVru7znDw,http://www.youtube.com/channel/UCZE_XnY_UazcRILVru7znDw,Khalid Al Ameri
UCZF_RZUVo-5jUfdlp76G-lQ,http://www.youtube.com/channel/UCZF_RZUVo-5jUfdlp76G-lQ,Lionmight
UCZFjYOyCdMxbt59vZNuqBpw,http://www.youtube.com/channel/UCZFjYOyCdMxbt59vZNuqBpw,Derren Brown
UCZHmQk67mSJgfCCTn7xBfew,http://www.youtube.com/channel/UCZHmQk67mSJgfCCTn7xBfew,Yannic Kilcher
UCZI5oNte19JwSEwYJeK37TQ,http://www.youtube.com/channel/UCZI5oNte19JwSEwYJeK37TQ,sapphie_the_pomsky
UCZIuYUzkmEXgSSXzReOmeLw,http://www.youtube.com/channel/UCZIuYUzkmEXgSSXzReOmeLw,WestJett
UCZJbj4feG7chVClp0PHSpiA,http://www.youtube.com/channel/UCZJbj4feG7chVClp0PHSpiA,Archenlander
UCZKQv0ZFHpeIUkOtNjtq4KA,http://www.youtube.com/channel/UCZKQv0ZFHpeIUkOtNjtq4KA,Petscop
UCZKzZJuqekfox4tMsyehx4g,http://www.youtube.com/channel/UCZKzZJuqekfox4tMsyehx4g,DOVOLO
UCZLFrBtLLcfvWGFBXmhvVXg,http://www.youtube.com/channel/UCZLFrBtLLcfvWGFBXmhvVXg,Vidya James
UCZM4rEEqUyyW49JBTVL8bqg,http://www.youtube.com/channel/UCZM4rEEqUyyW49JBTVL8bqg,thelastpeanut
UCZNdvP3DtN6U8DZurHJUONQ,http://www.youtube.com/channel/UCZNdvP3DtN6U8DZurHJUONQ,cooper2723
UCZNhPzBWMxPbhinVfakykXQ,http://www.youtube.com/channel/UCZNhPzBWMxPbhinVfakykXQ,The Piano Doctor
UCZPPmJfcgIgefpOYtddRn3Q,http://www.youtube.com/channel/UCZPPmJfcgIgefpOYtddRn3Q,Sons of The Forest Channel
UCZPg1lps0DbuZfTqPv-iDBQ,http://www.youtube.com/channel/UCZPg1lps0DbuZfTqPv-iDBQ,Max Lenormand
UCZQ7nZ8Lc7pslBN0gN1Jg0w,http://www.youtube.com/channel/UCZQ7nZ8Lc7pslBN0gN1Jg0w,Bao The Whale
UCZQaAGKFQTqJQMxIDk2X78Q,http://www.youtube.com/channel/UCZQaAGKFQTqJQMxIDk2X78Q,Kjwippy
UCZRoNJu1OszFqABP8AuJIuw,http://www.youtube.com/channel/UCZRoNJu1OszFqABP8AuJIuw,Logically Answered
UCZS2K8ZsUmujTuj3cNMyBSA,http://www.youtube.com/channel/UCZS2K8ZsUmujTuj3cNMyBSA,Team Cherry
UCZSMmqCRsi8FW_xmNZl11Fg,http://www.youtube.com/channel/UCZSMmqCRsi8FW_xmNZl11Fg,Jax
UCZSlfzadjnw7G419c_OJ9eg,http://www.youtube.com/channel/UCZSlfzadjnw7G419c_OJ9eg,Mrwhosetheboss Plus
UCZTaUI-gdlGC7G08V_4Rjsg,http://www.youtube.com/channel/UCZTaUI-gdlGC7G08V_4Rjsg,Ruairidh Mason
UCZTgg6AiQkSHtL5Jj0IO6MQ,http://www.youtube.com/channel/UCZTgg6AiQkSHtL5Jj0IO6MQ,Mudan
UCZU1k6UaFewtKMP5OYlMIoQ,http://www.youtube.com/channel/UCZU1k6UaFewtKMP5OYlMIoQ,ARKZ
UCZU9T1ceaOgwfLRq7OKFU4Q,http://www.youtube.com/channel/UCZU9T1ceaOgwfLRq7OKFU4Q,Linkin Park
UCZUDBa-WNqhZjxLdP4rKFKQ,http://www.youtube.com/channel/UCZUDBa-WNqhZjxLdP4rKFKQ,WombRaider
UCZX6LAAGQM1s0_UtBws270Q,http://www.youtube.com/channel/UCZX6LAAGQM1s0_UtBws270Q,Shalz
UCZXW8E1__d5tZb-wLFOt8TQ,http://www.youtube.com/channel/UCZXW8E1__d5tZb-wLFOt8TQ,Bog
UCZXjD29mie0yzf42q7EGXtA,http://www.youtube.com/channel/UCZXjD29mie0yzf42q7EGXtA,Vince Sol
UCZYCu97fvU-DyvHmCQz0QDw,http://www.youtube.com/channel/UCZYCu97fvU-DyvHmCQz0QDw,Kien Quan
UCZYTClx2T1of7BRZ86-8fow,http://www.youtube.com/channel/UCZYTClx2T1of7BRZ86-8fow,SciShow
UCZYY3CDSHZBPaWD33B2jFng,http://www.youtube.com/channel/UCZYY3CDSHZBPaWD33B2jFng,Giggity Glen
UCZZfkTWjufpo4aJMdkqo2nQ,http://www.youtube.com/channel/UCZZfkTWjufpo4aJMdkqo2nQ,CiblesYT
UCZZq2ZqUOgK7SyBJ2SgCb2w,http://www.youtube.com/channel/UCZZq2ZqUOgK7SyBJ2SgCb2w,Chris Hemsworth
UCZ_GTfbN5ZBL0d4JWPgl1FA,http://www.youtube.com/channel/UCZ_GTfbN5ZBL0d4JWPgl1FA,김쿠마 Kuma Kim
UCZ_cuJGBis0vi6U3bWmvDIg,http://www.youtube.com/channel/UCZ_cuJGBis0vi6U3bWmvDIg,FaceDev
UCZ_wojcv4MruRMW4OeR2A7g,http://www.youtube.com/channel/UCZ_wojcv4MruRMW4OeR2A7g,Wave Clips
UCZbDycYPRMKxFiEeBTAcmnw,http://www.youtube.com/channel/UCZbDycYPRMKxFiEeBTAcmnw,Ali Koca
UCZbWCodPFwH2QQn772QnUxQ,http://www.youtube.com/channel/UCZbWCodPFwH2QQn772QnUxQ,Fire Department Chronicles
UCZbtM69UkyJ25_nxUe51KXg,http://www.youtube.com/channel/UCZbtM69UkyJ25_nxUe51KXg,Nikodem Ch.
UCZc2qra4Ba5e8qmaIPnvMGg,http://www.youtube.com/channel/UCZc2qra4Ba5e8qmaIPnvMGg,Gorg 
UCZcX1gFUxJrlOwkNKj-pskw,http://www.youtube.com/channel/UCZcX1gFUxJrlOwkNKj-pskw,BPOCreeper
UCZcZhCOc47UcV6Cnp8o3_Eg,http://www.youtube.com/channel/UCZcZhCOc47UcV6Cnp8o3_Eg,Virtue
UCZdA75WNbraEB22cqXqvKAQ,http://www.youtube.com/channel/UCZdA75WNbraEB22cqXqvKAQ,Byran
UCZdWrz8pF6B5Y_c6Zi6pmdQ,http://www.youtube.com/channel/UCZdWrz8pF6B5Y_c6Zi6pmdQ,Decoding the Unknown
UCZdy1MiUn0zzQ6nfrvgDskQ,http://www.youtube.com/channel/UCZdy1MiUn0zzQ6nfrvgDskQ,SoupBanter
UCZeKXaDbtL2GbfoB8hldseQ,http://www.youtube.com/channel/UCZeKXaDbtL2GbfoB8hldseQ,EmSwizzle
UCZhiT405AdwpMRevyUbHs6A,http://www.youtube.com/channel/UCZhiT405AdwpMRevyUbHs6A,mikxqs
UCZiGGE0e0DctISlShAILbjQ,http://www.youtube.com/channel/UCZiGGE0e0DctISlShAILbjQ,Marcin
UCZjWuYQdbkorLm-YA91s-dQ,http://www.youtube.com/channel/UCZjWuYQdbkorLm-YA91s-dQ,ItsGheb
UCZjnlcxC214wAWhZLcICh2A,http://www.youtube.com/channel/UCZjnlcxC214wAWhZLcICh2A,CptSpaceToaster
UCZkyo1y266HHDYGu6C4Qowg,http://www.youtube.com/channel/UCZkyo1y266HHDYGu6C4Qowg,CreativePaddy
UCZljVgXQ-84Le9HwfMj90mw,http://www.youtube.com/channel/UCZljVgXQ-84Le9HwfMj90mw,pey the musician
UCZm3dECbQU33IWG5MQ-NAdw,http://www.youtube.com/channel/UCZm3dECbQU33IWG5MQ-NAdw,ギズモード・ジャパン
UCZnTTlJFl3dNLvLHVHeH2iA,http://www.youtube.com/channel/UCZnTTlJFl3dNLvLHVHeH2iA,A Day In History
UCZnuYai7oBMqQ2LOEAqEZJw,http://www.youtube.com/channel/UCZnuYai7oBMqQ2LOEAqEZJw,ex_channel
UCZnyjwIscipcU0AiSWGA3dQ,http://www.youtube.com/channel/UCZnyjwIscipcU0AiSWGA3dQ,Matan Show Clips
UCZprw7Bxzfh2IysXNnl1S3g,http://www.youtube.com/channel/UCZprw7Bxzfh2IysXNnl1S3g,Emiru
UCZpvLeZDtm8mmmvwgBrNVyg,http://www.youtube.com/channel/UCZpvLeZDtm8mmmvwgBrNVyg,KLR Productions
UCZqJKUTmgB-cffFSzL3ENJA,http://www.youtube.com/channel/UCZqJKUTmgB-cffFSzL3ENJA,Brofessor Stein
UCZquI9yU4jBgDH9DH4U_Uvw,http://www.youtube.com/channel/UCZquI9yU4jBgDH9DH4U_Uvw,Neurosama 
UCZr1Ex-LfExGMnvRJV61pVg,http://www.youtube.com/channel/UCZr1Ex-LfExGMnvRJV61pVg,subarbiea0
UCZrJ7DOdNx46DTs46rne4wQ,http://www.youtube.com/channel/UCZrJ7DOdNx46DTs46rne4wQ,Psychozoic Era 
UCZsXhXloF3NtRNUVuoGiWvA,http://www.youtube.com/channel/UCZsXhXloF3NtRNUVuoGiWvA,Bush
UCZuTQD27qNfVo6Eq_VzGPpg,http://www.youtube.com/channel/UCZuTQD27qNfVo6Eq_VzGPpg,KILLTUBE official
UCZudOihheaFyb1RwuFDAZAQ,http://www.youtube.com/channel/UCZudOihheaFyb1RwuFDAZAQ,Zacharoth
UCZvlShWyyr0YWxsLYb-X4yw,http://www.youtube.com/channel/UCZvlShWyyr0YWxsLYb-X4yw,HeroTech
UCZw4WkJhfoovdJ1eYwa7qyA,http://www.youtube.com/channel/UCZw4WkJhfoovdJ1eYwa7qyA,oboeshoesgames
UCZwP1iUQiAKYQp5w-9mJb_w,http://www.youtube.com/channel/UCZwP1iUQiAKYQp5w-9mJb_w,Nexus [GD]
UCZwvvi-p1cISOYeV-LoPseQ,http://www.youtube.com/channel/UCZwvvi-p1cISOYeV-LoPseQ,쿠미쿠미쿠미
UCZxaBVA68d8LRb64Qw2ha5g,http://www.youtube.com/channel/UCZxaBVA68d8LRb64Qw2ha5g,Maya
UCZxiJtxhZGyszdDVJAl0Ceg,http://www.youtube.com/channel/UCZxiJtxhZGyszdDVJAl0Ceg,Chessete
UCZz1vlP2XaeKnEP3L5hmcVA,http://www.youtube.com/channel/UCZz1vlP2XaeKnEP3L5hmcVA,EpicNate
UCZzR7tqZKAXWT8uOi-RHuVA,http://www.youtube.com/channel/UCZzR7tqZKAXWT8uOi-RHuVA,FootofaFerret
UCZzV1zRj0oLYNv-GBSilJZw,http://www.youtube.com/channel/UCZzV1zRj0oLYNv-GBSilJZw,Pete Matheson
UCZzfw1NZ40-RLtRPVSNUHOw,http://www.youtube.com/channel/UCZzfw1NZ40-RLtRPVSNUHOw,A-dn
UCZzvDDvaYti8Dd8bLEiSoyQ,http://www.youtube.com/channel/UCZzvDDvaYti8Dd8bLEiSoyQ,Beast Animations
UC_0-T7JDRmznFSE-QO-JqMw,http://www.youtube.com/channel/UC_0-T7JDRmznFSE-QO-JqMw,Broken Quill Creative
UC_0E5v10PHjXEf8Hvj85wpA,http://www.youtube.com/channel/UC_0E5v10PHjXEf8Hvj85wpA,czk a
UC_0e1271DHhRyiDIuX6B6aQ,http://www.youtube.com/channel/UC_0e1271DHhRyiDIuX6B6aQ,ThatGuyGlen
UC_0osV_nf2b0sIbm4Wiw4RQ,http://www.youtube.com/channel/UC_0osV_nf2b0sIbm4Wiw4RQ,IRLrosie
UC_17vC75UDfHgTJjX5Ravgw,http://www.youtube.com/channel/UC_17vC75UDfHgTJjX5Ravgw,Jumbo
UC_1M3fnIPBBQzGpp-hf5tLA,http://www.youtube.com/channel/UC_1M3fnIPBBQzGpp-hf5tLA,Chr7st
UC_1a7kjYz43wjLMxqfkG24A,http://www.youtube.com/channel/UC_1a7kjYz43wjLMxqfkG24A,PixelPerfectRuns
UC_2_OXERqC37jWHUEeqyCWQ,http://www.youtube.com/channel/UC_2_OXERqC37jWHUEeqyCWQ,Noteworthy
UC_2a3KSrSDEqas1t2F-L0BA,http://www.youtube.com/channel/UC_2a3KSrSDEqas1t2F-L0BA,POGnator
UC_336hDuwz0Ac7QOjffdk1w,http://www.youtube.com/channel/UC_336hDuwz0Ac7QOjffdk1w,Saiko Stationery
UC_3LN2xxmK9CMYFh3WrxRVQ,http://www.youtube.com/channel/UC_3LN2xxmK9CMYFh3WrxRVQ,Lofi Girl - Piano
UC_3rZIKC-FvhYwM76LGDp7Q,http://www.youtube.com/channel/UC_3rZIKC-FvhYwM76LGDp7Q,RageTrain
UC_4UpNfqXVCjCliY9ZFy4yw,http://www.youtube.com/channel/UC_4UpNfqXVCjCliY9ZFy4yw,honeypython
UC_7K5gOJJ3urQR53ltIck8w,http://www.youtube.com/channel/UC_7K5gOJJ3urQR53ltIck8w,Don'tSubscribe
UC_7aK9PpYTqt08ERh1MewlQ,http://www.youtube.com/channel/UC_7aK9PpYTqt08ERh1MewlQ,3D Printing Nerd
UC_7hw-4lKXEtsy1Pq2_y8ag,http://www.youtube.com/channel/UC_7hw-4lKXEtsy1Pq2_y8ag,MEOWNIST
UC_8NknAFiyhOUaZqHR3lq3Q,http://www.youtube.com/channel/UC_8NknAFiyhOUaZqHR3lq3Q,Quackity
UC_916zXkHew_kwh_pZv8B4w,http://www.youtube.com/channel/UC_916zXkHew_kwh_pZv8B4w,Universal Records Philippines
UC_9EXcw4PlVlaklxx12cDqA,http://www.youtube.com/channel/UC_9EXcw4PlVlaklxx12cDqA,K'eyush The Stunt Dog
UC_AlHtENoijePR53jkRCUxQ,http://www.youtube.com/channel/UC_AlHtENoijePR53jkRCUxQ,Kivi
UC_BaxRhNREI_V0DVXjXDALA,http://www.youtube.com/channel/UC_BaxRhNREI_V0DVXjXDALA,Porsche
UC_CHBV_8Q2lkIl37UWGES2g,http://www.youtube.com/channel/UC_CHBV_8Q2lkIl37UWGES2g,BlueBoyPhin
UC_DmOS_FBvO4H27U7X0OtRg,http://www.youtube.com/channel/UC_DmOS_FBvO4H27U7X0OtRg,Fearless & Far
UC_EQENNdRksI08RK3oqyaTA,http://www.youtube.com/channel/UC_EQENNdRksI08RK3oqyaTA,Rosie
UC_EaRR6fxxcUUdiwMbBXhbQ,http://www.youtube.com/channel/UC_EaRR6fxxcUUdiwMbBXhbQ,Novakboi
UC_F8DoJf9MZogEOU51TpTbQ,http://www.youtube.com/channel/UC_F8DoJf9MZogEOU51TpTbQ,Clash Royale
UC_G1gXu_a6OISilr0VVOhkw,http://www.youtube.com/channel/UC_G1gXu_a6OISilr0VVOhkw,NIKKI LAND
UC_GDu2QH3kp6vJlgEYyqjUA,http://www.youtube.com/channel/UC_GDu2QH3kp6vJlgEYyqjUA,Kolanii
UC_GQ4mac4oN3wl1UdbFuTEA,http://www.youtube.com/channel/UC_GQ4mac4oN3wl1UdbFuTEA,ibxtoycat
UC_H0PyCNZrMckRP12HNRfmQ,http://www.youtube.com/channel/UC_H0PyCNZrMckRP12HNRfmQ,it_aint_me2
UC_I2tZMUZTs6z6przhH32hA,http://www.youtube.com/channel/UC_I2tZMUZTs6z6przhH32hA,Real Mechanic Stuff
UC_IRYSp4auq7hKLvziWVH6w,http://www.youtube.com/channel/UC_IRYSp4auq7hKLvziWVH6w,Pixar
UC_ItCy-BTDCULPpDPlieUKA,http://www.youtube.com/channel/UC_ItCy-BTDCULPpDPlieUKA,GamingWithJen
UC_JaXz4PUYao6OfVTdFrP2Q,http://www.youtube.com/channel/UC_JaXz4PUYao6OfVTdFrP2Q,Character Media
UC_JcKCAM8pa6_bnrDPwPpGg,http://www.youtube.com/channel/UC_JcKCAM8pa6_bnrDPwPpGg,Wolfeei
UC_JjwFI3qrN6G--EcYt0l_w,http://www.youtube.com/channel/UC_JjwFI3qrN6G--EcYt0l_w,Gigachad69
UC_L1H8_un0JzTlCFRPsEqUg,http://www.youtube.com/channel/UC_L1H8_un0JzTlCFRPsEqUg,Gravity Assist
UC_Lnb8ZHqqgLbp-7hltuT9w,http://www.youtube.com/channel/UC_Lnb8ZHqqgLbp-7hltuT9w,CNA Insider
UC_N5dMKtDb7JOh5wYbJOfCw,http://www.youtube.com/channel/UC_N5dMKtDb7JOh5wYbJOfCw,Venom's Lair
UC_NiUiZ8mrd8AB22UpD0Wzg,http://www.youtube.com/channel/UC_NiUiZ8mrd8AB22UpD0Wzg,ShaiiValley
UC_O55oQwoce2WaplNbPy9aw,http://www.youtube.com/channel/UC_O55oQwoce2WaplNbPy9aw,partytime
UC_OJTDcGDRifp5xtWztHD9Q,http://www.youtube.com/channel/UC_OJTDcGDRifp5xtWztHD9Q,Hero Central
UC_OtnV-9QZmBj6oWBelMoZw,http://www.youtube.com/channel/UC_OtnV-9QZmBj6oWBelMoZw,insaneintherainmusic
UC_Purp0WxS0D4HFgU-ztaxA,http://www.youtube.com/channel/UC_Purp0WxS0D4HFgU-ztaxA,MrHusana909
UC_QG8miwKHFNuWY9VpkrI8w,http://www.youtube.com/channel/UC_QG8miwKHFNuWY9VpkrI8w,Cateen かてぃん
UC_S45UpAYVuc0fYEcHN9BVQ,http://www.youtube.com/channel/UC_S45UpAYVuc0fYEcHN9BVQ,Boy Boy
UC_TUZNvqTptEm3Qd4yVsH6w,http://www.youtube.com/channel/UC_TUZNvqTptEm3Qd4yVsH6w,Gasman
UC_UE7maDDe8OqqC8-TtXaKg,http://www.youtube.com/channel/UC_UE7maDDe8OqqC8-TtXaKg,Reckless Ben
UC_UIiJFFst8C-XVxCk-Yq9g,http://www.youtube.com/channel/UC_UIiJFFst8C-XVxCk-Yq9g,Time To Smile
UC_UnVDztkvE1hw064XFTNSQ,http://www.youtube.com/channel/UC_UnVDztkvE1hw064XFTNSQ,BENOFTHEWEEK
UC_V3tHuUa0lsP19bO5-RK4A,http://www.youtube.com/channel/UC_V3tHuUa0lsP19bO5-RK4A,Shirahaha
UC_Vl1oLTGjWYJLmbTpaqorQ,http://www.youtube.com/channel/UC_Vl1oLTGjWYJLmbTpaqorQ,Spill
UC_WXkNIJ2ncLIsAk_ltbvjA,http://www.youtube.com/channel/UC_WXkNIJ2ncLIsAk_ltbvjA,SpitBrix
UC_X3VexB-zomcP0E2i7NUjQ,http://www.youtube.com/channel/UC_X3VexB-zomcP0E2i7NUjQ,JunkTramp
UC_XaIjLffxy7dIheyKnErWg,http://www.youtube.com/channel/UC_XaIjLffxy7dIheyKnErWg,PITR
UC_ZguPA4uCaQ8Q3Q8IK-HfQ,http://www.youtube.com/channel/UC_ZguPA4uCaQ8Q3Q8IK-HfQ,5up
UC__cfns7bJcZzyOUcqkXgSg,http://www.youtube.com/channel/UC__cfns7bJcZzyOUcqkXgSg,ElevenThree
UC_a1uMGFzAr19O0UqJdyM3g,http://www.youtube.com/channel/UC_a1uMGFzAr19O0UqJdyM3g,Astra
UC_a5X7r1a8fUavC85-UUisA,http://www.youtube.com/channel/UC_a5X7r1a8fUavC85-UUisA,Jackson Academy
UC_a60CTE7bsb0CiQUcClO1w,http://www.youtube.com/channel/UC_a60CTE7bsb0CiQUcClO1w,Edward Rigby
UC_aEa8K-EOJ3D6gOs7HcyNg,http://www.youtube.com/channel/UC_aEa8K-EOJ3D6gOs7HcyNg,NoCopyrightSounds
UC_aW5fwp71uRqWSHAV2aV0w,http://www.youtube.com/channel/UC_aW5fwp71uRqWSHAV2aV0w,Neuro21烤肉组[Neuro-sama 中译切片]
UC_az5AT3hhYyTBDAnbr31PA,http://www.youtube.com/channel/UC_az5AT3hhYyTBDAnbr31PA,FrozenSolid
UC_c0znePKv5xKYys8od0PrA,http://www.youtube.com/channel/UC_c0znePKv5xKYys8od0PrA,EllDeeCee
UC_c1RlYgxuUorHCpCRM2AOw,http://www.youtube.com/channel/UC_c1RlYgxuUorHCpCRM2AOw,Leo
UC_c2bV3G7aOEZjIxKieuu1Q,http://www.youtube.com/channel/UC_c2bV3G7aOEZjIxKieuu1Q,genyakags
UC_dKhzTvN4qY42wwZQlfJeA,http://www.youtube.com/channel/UC_dKhzTvN4qY42wwZQlfJeA,Simoon68
UC_dtdvA_vhauj5UWzzcU3fg,http://www.youtube.com/channel/UC_dtdvA_vhauj5UWzzcU3fg,Lowest Logan
UC_eJHXEdlQPk8mQ_9EajLIQ,http://www.youtube.com/channel/UC_eJHXEdlQPk8mQ_9EajLIQ,Puggietaur
UC_fQqoFglr5EkA1FyL-MDsg,http://www.youtube.com/channel/UC_fQqoFglr5EkA1FyL-MDsg,OHKO
UC_f_-OsPQGuM-SObRHWOgKQ,http://www.youtube.com/channel/UC_f_-OsPQGuM-SObRHWOgKQ,Pamomi
UC_fz6hpiGmVXyDB4uJog9oQ,http://www.youtube.com/channel/UC_fz6hpiGmVXyDB4uJog9oQ,ENOKI
UC_g9mSftoFMmS1aJcN2WAmQ,http://www.youtube.com/channel/UC_g9mSftoFMmS1aJcN2WAmQ,ColinandConnor
UC_gm46rMH0pwUyl49QPT4mg,http://www.youtube.com/channel/UC_gm46rMH0pwUyl49QPT4mg,Samhain
UC_iUeUzozCHEReJ-shKcCYA,http://www.youtube.com/channel/UC_iUeUzozCHEReJ-shKcCYA,Internet Anarchist
UC_k6e2PPDUnxEdMJC9Q044g,http://www.youtube.com/channel/UC_k6e2PPDUnxEdMJC9Q044g,Adam W
UC_k82NIddfZzOGWabJX-hlw,http://www.youtube.com/channel/UC_k82NIddfZzOGWabJX-hlw,Jachael123
UC_kH5ltlZdtFAY2qV_lp2xA,http://www.youtube.com/channel/UC_kH5ltlZdtFAY2qV_lp2xA,Vince Vintage
UC_keObs2_MvR-D_8qpUQZUQ,http://www.youtube.com/channel/UC_keObs2_MvR-D_8qpUQZUQ,Lessons in 30s
UC_knm6IpzLN13LVML5VVWOQ,http://www.youtube.com/channel/UC_knm6IpzLN13LVML5VVWOQ,Imaburntdorito
UC_lUpneuEUzHV4IhD2JwZNQ,http://www.youtube.com/channel/UC_lUpneuEUzHV4IhD2JwZNQ,Eran Amir
UC_mO2FpTv0rXPnr3CxjhzaA,http://www.youtube.com/channel/UC_mO2FpTv0rXPnr3CxjhzaA,n3rdiness
UC_mmaVYaFmlfdxuKb6U69Yw,http://www.youtube.com/channel/UC_mmaVYaFmlfdxuKb6U69Yw,Speeed
UC_mneEC0wc29EGGmIsN_xLA,http://www.youtube.com/channel/UC_mneEC0wc29EGGmIsN_xLA,Aunty Donna
UC_nnPV1zXEqIP42HOiVdg1A,http://www.youtube.com/channel/UC_nnPV1zXEqIP42HOiVdg1A,Facterino Commenterino
UC_o-MQkQsp0TzqIu1BbyjNw,http://www.youtube.com/channel/UC_o-MQkQsp0TzqIu1BbyjNw,Predator Poachers
UC_pT_Iz6XjuM-eMTlXghdfw,http://www.youtube.com/channel/UC_pT_Iz6XjuM-eMTlXghdfw,Max the Meat Guy
UC_p_9arduPuxM8DHTGIuSOg,http://www.youtube.com/channel/UC_p_9arduPuxM8DHTGIuSOg,Jonas Tyroller
UC_r8gFeezEBZVnazvbv75pQ,http://www.youtube.com/channel/UC_r8gFeezEBZVnazvbv75pQ,hotcyder
UC_riSCWJqblKGvYwVGJRqVA,http://www.youtube.com/channel/UC_riSCWJqblKGvYwVGJRqVA,Cakester
UC_rtjG99ysCKnNItLY83aCw,http://www.youtube.com/channel/UC_rtjG99ysCKnNItLY83aCw,onlyFacts
UC_sFNM0z0MWm9A6WlKPuMMg,http://www.youtube.com/channel/UC_sFNM0z0MWm9A6WlKPuMMg,Nerissa Ravencroft Ch. hololive
UC_sHe3M2R5d_EWnv6Euaqlw,http://www.youtube.com/channel/UC_sHe3M2R5d_EWnv6Euaqlw,KristoferYee
UC_sIS1JGuL3TQ9iDXMRGbyg,http://www.youtube.com/channel/UC_sIS1JGuL3TQ9iDXMRGbyg,TheRedEngineer
UC_slDWTPHflhuZqbGc8u4yA,http://www.youtube.com/channel/UC_slDWTPHflhuZqbGc8u4yA,RAINBOLT
UC_tCuH9uVrUP-BqN4lSRwyg,http://www.youtube.com/channel/UC_tCuH9uVrUP-BqN4lSRwyg,Slmccl
UC_wJGmcWEZwe_WwFdsokRDg,http://www.youtube.com/channel/UC_wJGmcWEZwe_WwFdsokRDg,Skynix Art
UC_wSuaxwUYsJOBZDWwHIQZg,http://www.youtube.com/channel/UC_wSuaxwUYsJOBZDWwHIQZg,QuarterJade
UC_waiYhD6A9in98H65tGGPA,http://www.youtube.com/channel/UC_waiYhD6A9in98H65tGGPA,Ur Chinese Unc
UC_xd1UutPiFKKIKPNhOTulw,http://www.youtube.com/channel/UC_xd1UutPiFKKIKPNhOTulw,Seaside
UC_xjeSSf5lsHB6Bz7nrBbhg,http://www.youtube.com/channel/UC_xjeSSf5lsHB6Bz7nrBbhg,Michael Heat+
UC_ydHnJmnFxGHgPa3KT0yUg,http://www.youtube.com/channel/UC_ydHnJmnFxGHgPa3KT0yUg,steinful
UC_yvOILg_DW3crJBUaBJw3A,http://www.youtube.com/channel/UC_yvOILg_DW3crJBUaBJw3A,MoneyMadeJaay
UC_z3MLAlQiX540Ye5fhi8mg,http://www.youtube.com/channel/UC_z3MLAlQiX540Ye5fhi8mg,Sherry Birkin
UC_ze35Kh6rX95YotXHqE0gw,http://www.youtube.com/channel/UC_ze35Kh6rX95YotXHqE0gw,60 Second Lego
UCa-27-N6b1hcxl2XdurE5TA,http://www.youtube.com/channel/UCa-27-N6b1hcxl2XdurE5TA,oh nori
UCa-ffDVBKOzliTM7SL6ObJQ,http://www.youtube.com/channel/UCa-ffDVBKOzliTM7SL6ObJQ,ShiningWizard
UCa1TJlv21wKLrd4rJxZTF1g,http://www.youtube.com/channel/UCa1TJlv21wKLrd4rJxZTF1g,The Hoof GP Clips
UCa1ZC1BqoigXQuJg4avHtyA,http://www.youtube.com/channel/UCa1ZC1BqoigXQuJg4avHtyA,Walt Berg
UCa1aQLzqodKcl8BtOslDNnA,http://www.youtube.com/channel/UCa1aQLzqodKcl8BtOslDNnA,JustKerp
UCa1kTJ125UtXEcDsbtueK5w,http://www.youtube.com/channel/UCa1kTJ125UtXEcDsbtueK5w,Sideways Zero
UCa2bIkZitgzKokWDH7dnA8A,http://www.youtube.com/channel/UCa2bIkZitgzKokWDH7dnA8A,Harvest
UCa3fL4SK-hoGP6riPX9uyCQ,http://www.youtube.com/channel/UCa3fL4SK-hoGP6riPX9uyCQ,Joshuwasha
UCa3t89CuxPJFX2vvgagRUYw,http://www.youtube.com/channel/UCa3t89CuxPJFX2vvgagRUYw,Sam Reid
UCa4Fy6CxWY3IZfFRo4GtNAw,http://www.youtube.com/channel/UCa4Fy6CxWY3IZfFRo4GtNAw,IDLEGLANCE
UCa4I_j0G2xQNhvj_UMQahmQ,http://www.youtube.com/channel/UCa4I_j0G2xQNhvj_UMQahmQ,Nintendo Unity
UCa5kSLT_P8jBlAwkr4cQg_A,http://www.youtube.com/channel/UCa5kSLT_P8jBlAwkr4cQg_A,Just a Channel
UCa6vGFO9ty8v5KZJXQxdhaw,http://www.youtube.com/channel/UCa6vGFO9ty8v5KZJXQxdhaw,Jimmy Kimmel Live
UCa8W2_uf81Ew6gYuw0VPSeA,http://www.youtube.com/channel/UCa8W2_uf81Ew6gYuw0VPSeA,Juxtopposed
UCa8_kK4jpv_3BCufea97Tvw,http://www.youtube.com/channel/UCa8_kK4jpv_3BCufea97Tvw,Bea Halderman
UCa90xqK2odw1KV5wHU9WRhg,http://www.youtube.com/channel/UCa90xqK2odw1KV5wHU9WRhg,The Office
UCa94pyq0HNK8qAFUBJiVAeA,http://www.youtube.com/channel/UCa94pyq0HNK8qAFUBJiVAeA,DanTDM Live
UCaBJszyabIC4mMzKGXwQ8Wg,http://www.youtube.com/channel/UCaBJszyabIC4mMzKGXwQ8Wg,Cheeky Chimp
UCaCH6BbF7yG33hQHZFw065A,http://www.youtube.com/channel/UCaCH6BbF7yG33hQHZFw065A,Derek Lieu
UCaE-jcm3_hTiWDkZIElfy1w,http://www.youtube.com/channel/UCaE-jcm3_hTiWDkZIElfy1w,Maple Kaede
UCaE8wcoknscuxnmYzhP3TYg,http://www.youtube.com/channel/UCaE8wcoknscuxnmYzhP3TYg,GetMadz Lite
UCaFUrR3oSxOl5Y9y6tvLTEg,http://www.youtube.com/channel/UCaFUrR3oSxOl5Y9y6tvLTEg,WillNE
UCaFn4DD0-iKZokI5Y6vJ3cA,http://www.youtube.com/channel/UCaFn4DD0-iKZokI5Y6vJ3cA,Wheels Factory
UCaGCAtjoDFOrEhlCvKF5gOw,http://www.youtube.com/channel/UCaGCAtjoDFOrEhlCvKF5gOw,The Small Artists Initiative
UCaGOgwGKnDVOKY0DrFsBAiA,http://www.youtube.com/channel/UCaGOgwGKnDVOKY0DrFsBAiA,ScareTheater
UCaH6_iSr9NOQ2nmQmTuJM_w,http://www.youtube.com/channel/UCaH6_iSr9NOQ2nmQmTuJM_w,TohoCluster
UCaHT88aobpcvRFEuy4v5Clg,http://www.youtube.com/channel/UCaHT88aobpcvRFEuy4v5Clg,Lessons in Meme Culture
UCaI2vI2mE7P-tEj-vKVRVow,http://www.youtube.com/channel/UCaI2vI2mE7P-tEj-vKVRVow,GugleBugle
UCaIvLheLzdL7VJbqLPAB8mA,http://www.youtube.com/channel/UCaIvLheLzdL7VJbqLPAB8mA,Nate Viniconis
UCaJ84U5xsjX9KT1mIF3B22w,http://www.youtube.com/channel/UCaJ84U5xsjX9KT1mIF3B22w,Rev says desu
UCaJ_WqhMIeShaYIEYBzyiSw,http://www.youtube.com/channel/UCaJ_WqhMIeShaYIEYBzyiSw,Play With Keyboard
UCaKMEcL02_Vprnm9F6smFCQ,http://www.youtube.com/channel/UCaKMEcL02_Vprnm9F6smFCQ,Tommy Edison Shorts
UCaKjtSZXjFLX-vynS5pRuYQ,http://www.youtube.com/channel/UCaKjtSZXjFLX-vynS5pRuYQ,tuv
UCaLsv7BZosqy-zPJ5LX3TCQ,http://www.youtube.com/channel/UCaLsv7BZosqy-zPJ5LX3TCQ,Dra2oon
UCaNdkoZTFlG8fwkwXjgwsPA,http://www.youtube.com/channel/UCaNdkoZTFlG8fwkwXjgwsPA,NexusBliss
UCaNrkDX-LtFkp-6a9a_l94A,http://www.youtube.com/channel/UCaNrkDX-LtFkp-6a9a_l94A,RetroAhoy
UCaPGKhms7rUVjpBceeJUdUQ,http://www.youtube.com/channel/UCaPGKhms7rUVjpBceeJUdUQ,Diamondbolt
UCaPu3LJBU5w_ghFUMeko-nA,http://www.youtube.com/channel/UCaPu3LJBU5w_ghFUMeko-nA,Sean Andrew
UCaQlDsOePnSoEX6BMCJHlvA,http://www.youtube.com/channel/UCaQlDsOePnSoEX6BMCJHlvA,thatchy
UCaRxv7rOKkhHQ8CuGH3k2Qw,http://www.youtube.com/channel/UCaRxv7rOKkhHQ8CuGH3k2Qw,ratlobber
UCaSF0d06nxqCfeuxge5TWxw,http://www.youtube.com/channel/UCaSF0d06nxqCfeuxge5TWxw,Dan Churchill
UCaSfy2sBAEgRK5xuw0azBIg,http://www.youtube.com/channel/UCaSfy2sBAEgRK5xuw0azBIg,Zal
UCaStb5j20TyNwjAILzl2P4A,http://www.youtube.com/channel/UCaStb5j20TyNwjAILzl2P4A,Ultimatrix
UCaTP5E1zZhpQLIRpK2-jvYA,http://www.youtube.com/channel/UCaTP5E1zZhpQLIRpK2-jvYA,Will Wilson
UCaUkBGW7mhW8ChLTDj2SuzQ,http://www.youtube.com/channel/UCaUkBGW7mhW8ChLTDj2SuzQ,EpicBits
UCaVcz0-NAVCd11xaAR8B6Eg,http://www.youtube.com/channel/UCaVcz0-NAVCd11xaAR8B6Eg,Diamondy
UCaWivG6OCoPeKZ2aP3D6ffQ,http://www.youtube.com/channel/UCaWivG6OCoPeKZ2aP3D6ffQ,Team Technoblade
UCaXKudqtVNM8pFvSx-ObYxQ,http://www.youtube.com/channel/UCaXKudqtVNM8pFvSx-ObYxQ,Joe Jenkins
UCaXXO7KbB-JTYqg2f4uj6tw,http://www.youtube.com/channel/UCaXXO7KbB-JTYqg2f4uj6tw,The Cutting Edge
UCaXh9z3or5QbM0HPGen2Quw,http://www.youtube.com/channel/UCaXh9z3or5QbM0HPGen2Quw,TodePond
UCaYNVIORCDQ30YKHlCbFkCQ,http://www.youtube.com/channel/UCaYNVIORCDQ30YKHlCbFkCQ,supershigi
UCaYem6aSX0Glm32PKpUP2ug,http://www.youtube.com/channel/UCaYem6aSX0Glm32PKpUP2ug,Arki
UCaZ2jG4qd1vY-Tkwiq9FBlw,http://www.youtube.com/channel/UCaZ2jG4qd1vY-Tkwiq9FBlw,Rich Black Guy
UCaZYbzmS3a8fqIQXucVHs7w,http://www.youtube.com/channel/UCaZYbzmS3a8fqIQXucVHs7w,Jerick5555
UCaZsG-rbaoDv_EtIV_3F5Qg,http://www.youtube.com/channel/UCaZsG-rbaoDv_EtIV_3F5Qg,ShelbyYoung
UCa_SOEXD5pGMaLpj9dILMBQ,http://www.youtube.com/channel/UCa_SOEXD5pGMaLpj9dILMBQ,Benny Productions
UCa_UMppcMsHIzb5LDx1u9zQ,http://www.youtube.com/channel/UCa_UMppcMsHIzb5LDx1u9zQ,TheFatRat
UCa_aLyHBN8zuisUpHDjmBbw,http://www.youtube.com/channel/UCa_aLyHBN8zuisUpHDjmBbw,elliotisacoolguy
UCaapDTDkpym2hPt0h8P7LuA,http://www.youtube.com/channel/UCaapDTDkpym2hPt0h8P7LuA,Miles | Expired Film Club
UCac6m8K3OGHUT4itHwpCAmw,http://www.youtube.com/channel/UCac6m8K3OGHUT4itHwpCAmw,Lost in Time
UCacgeB3GHyAF5kFs5aJ9onw,http://www.youtube.com/channel/UCacgeB3GHyAF5kFs5aJ9onw,Comedifying
UCae19y0mtnd5hQQSaLLphqQ,http://www.youtube.com/channel/UCae19y0mtnd5hQQSaLLphqQ,Daire McAnallen
UCaf3LpjsYfaikHeakubY2mg,http://www.youtube.com/channel/UCaf3LpjsYfaikHeakubY2mg,More Rednu
UCafVSE0vundIbXfkhU8v3Fw,http://www.youtube.com/channel/UCafVSE0vundIbXfkhU8v3Fw,ZonxScratch
UCafY3XJjpaltGLVrc7gdcgw,http://www.youtube.com/channel/UCafY3XJjpaltGLVrc7gdcgw,alicomedy
UCafnlRk_xONQF912djV77fA,http://www.youtube.com/channel/UCafnlRk_xONQF912djV77fA,Placemaking Report
UCag-F60ch1AnBSNxeApVhHg,http://www.youtube.com/channel/UCag-F60ch1AnBSNxeApVhHg,BamBaeYoh
UCah8NTcZ1Ct5ElESx5cQRlQ,http://www.youtube.com/channel/UCah8NTcZ1Ct5ElESx5cQRlQ,McVee
UCahRghBkidF24RvCXLL4ezA,http://www.youtube.com/channel/UCahRghBkidF24RvCXLL4ezA,Kotte Animation
UCahXE_RSy_kqHhBlJ0NZJ1g,http://www.youtube.com/channel/UCahXE_RSy_kqHhBlJ0NZJ1g,AngryParkRanger
UCahXrZJa5Fh8h0GGzmAUfdA,http://www.youtube.com/channel/UCahXrZJa5Fh8h0GGzmAUfdA,Marmalade butcher
UCai1zHJ9mzWbJTAOg9qb05Q,http://www.youtube.com/channel/UCai1zHJ9mzWbJTAOg9qb05Q,Pyv
UCaiWAIYeDHkkRP1P-_THP3A,http://www.youtube.com/channel/UCaiWAIYeDHkkRP1P-_THP3A,Tactic Zombies
UCaiyYe8KqwyEsE128DwWKwQ,http://www.youtube.com/channel/UCaiyYe8KqwyEsE128DwWKwQ,Kraul Express 
UCaj2UInXSd_VwjAwDAO_Eyg,http://www.youtube.com/channel/UCaj2UInXSd_VwjAwDAO_Eyg,Dan Halliday
UCajXeitgFL-rb5-gXI-aG8Q,http://www.youtube.com/channel/UCajXeitgFL-rb5-gXI-aG8Q,Great Big Story
UCakK45iga0I_Uaw-ccvPL6Q,http://www.youtube.com/channel/UCakK45iga0I_Uaw-ccvPL6Q,Pepenos
UCalEP8wr8EjdPzDlf59WUUg,http://www.youtube.com/channel/UCalEP8wr8EjdPzDlf59WUUg,CheezyChez
UCalnc7d4B1cvaghCPFnKJIg,http://www.youtube.com/channel/UCalnc7d4B1cvaghCPFnKJIg,PineGuin
UCalwAvOSFIMSO8KZrBG0MsA,http://www.youtube.com/channel/UCalwAvOSFIMSO8KZrBG0MsA,Ben Kim
UCam3IAA-nyfxRL8_wDQ35VA,http://www.youtube.com/channel/UCam3IAA-nyfxRL8_wDQ35VA,MIMI
UCamLstJyCa-t5gfZegxsFMw,http://www.youtube.com/channel/UCamLstJyCa-t5gfZegxsFMw,Colin and Samir
UCamjnFmK1_lsTWJGWzkC8ew,http://www.youtube.com/channel/UCamjnFmK1_lsTWJGWzkC8ew,Dapz
UCamz5yyKs4naf290b9uCo6Q,http://www.youtube.com/channel/UCamz5yyKs4naf290b9uCo6Q,Grant Hypercuber
UCan2orv4NfutUSJaPYNwCWg,http://www.youtube.com/channel/UCan2orv4NfutUSJaPYNwCWg,Worcester Terrariums
UCao-Tgi5gsstd6O86hZGGTg,http://www.youtube.com/channel/UCao-Tgi5gsstd6O86hZGGTg,kezcade VODs
UCaoph1eUmgEkZ38pBOuowxQ,http://www.youtube.com/channel/UCaoph1eUmgEkZ38pBOuowxQ,CityEd.
UCaoqVlqPTH78_xjTjTOMcmQ,http://www.youtube.com/channel/UCaoqVlqPTH78_xjTjTOMcmQ,Miziziziz
UCap-vYqLIuT8FyFX0p6H-lA,http://www.youtube.com/channel/UCap-vYqLIuT8FyFX0p6H-lA,PixelTheDoge
UCapPaBqUcoBtFDxDDpMaP5A,http://www.youtube.com/channel/UCapPaBqUcoBtFDxDDpMaP5A,Backwood
UCaq2N6CicFNvsbPN4V-MwqA,http://www.youtube.com/channel/UCaq2N6CicFNvsbPN4V-MwqA,Callum Upton
UCar158o86GqyQI2Mtt1t8pw,http://www.youtube.com/channel/UCar158o86GqyQI2Mtt1t8pw,wiiggshsh
UCar9L4rNGRKfUJDROAWVpFg,http://www.youtube.com/channel/UCar9L4rNGRKfUJDROAWVpFg,Aizen Rhyme Schemes
UCarEovlrD9QY-fy-Z6apIDQ,http://www.youtube.com/channel/UCarEovlrD9QY-fy-Z6apIDQ,Hasan Minhaj
UCarIbzjLK-yB9i3CxwsZc3Q,http://www.youtube.com/channel/UCarIbzjLK-yB9i3CxwsZc3Q,Plastic Thomas Orchestra
UCas7ppODe4OPe4itjqFF9og,http://www.youtube.com/channel/UCas7ppODe4OPe4itjqFF9og,Jopes
UCasG9kJWi1eVxM0QkyqKVJQ,http://www.youtube.com/channel/UCasG9kJWi1eVxM0QkyqKVJQ,Hand Tool Rescue
UCasiPoqp9_PK-6Hmr9sXuQg,http://www.youtube.com/channel/UCasiPoqp9_PK-6Hmr9sXuQg,Johnny Viti
UCatt7TBjfBkiJWx8khav_Gg,http://www.youtube.com/channel/UCatt7TBjfBkiJWx8khav_Gg,Piers Morgan Uncensored
UCau1TMi7Ius7GnkScSnPquw,http://www.youtube.com/channel/UCau1TMi7Ius7GnkScSnPquw,TheAzureRavyn
UCauUrzZqKASUvkN5I2HQjMQ,http://www.youtube.com/channel/UCauUrzZqKASUvkN5I2HQjMQ,Brad Nolan
UCau_n8AK1uk3Ys5bEnRAoqg,http://www.youtube.com/channel/UCau_n8AK1uk3Ys5bEnRAoqg,JustDustin
UCaugI7lFpgUd6uB-DPMheKA,http://www.youtube.com/channel/UCaugI7lFpgUd6uB-DPMheKA,KyotoRobato
UCausCRKXO7VTqMag_UKHsAw,http://www.youtube.com/channel/UCausCRKXO7VTqMag_UKHsAw,VideoCollectables
UCavvo_FXKmQ324RS7WZ7BXg,http://www.youtube.com/channel/UCavvo_FXKmQ324RS7WZ7BXg,Denis Brem
UCawEP-InoKYKutsgq_vqIXA,http://www.youtube.com/channel/UCawEP-InoKYKutsgq_vqIXA,Squared Media
UCawsI_mlmPA7Cfld-qZhBQA,http://www.youtube.com/channel/UCawsI_mlmPA7Cfld-qZhBQA,griffpatch
UCaxcBWED_UhcjhoG7nUeUoA,http://www.youtube.com/channel/UCaxcBWED_UhcjhoG7nUeUoA,Lilith Walther
UCayjG0TS9IvWgWOiJSjukTw,http://www.youtube.com/channel/UCayjG0TS9IvWgWOiJSjukTw,Rishi Draws
UCb-crO2ATrJsm253151B4Vg,http://www.youtube.com/channel/UCb-crO2ATrJsm253151B4Vg,*namirin
UCb-ekPowbBlQhyt7ZXPiu5Q,http://www.youtube.com/channel/UCb-ekPowbBlQhyt7ZXPiu5Q,ぽにきゃん-Anime PONY CANYON
UCb0-X7G4bsL4JXFnwnJlFKw,http://www.youtube.com/channel/UCb0-X7G4bsL4JXFnwnJlFKw,Blooms
UCb0MyY46T9ZYOzDHkYnIoXg,http://www.youtube.com/channel/UCb0MyY46T9ZYOzDHkYnIoXg,Plainly Difficult
UCb0pV_tGc7Wt3Hf9yGhvX_w,http://www.youtube.com/channel/UCb0pV_tGc7Wt3Hf9yGhvX_w,Hoopyr
UCb0xfM3HGOsqPYNAocXXNAQ,http://www.youtube.com/channel/UCb0xfM3HGOsqPYNAocXXNAQ,truTV
UCb17Mx7ifRukZQAwiWuwX2A,http://www.youtube.com/channel/UCb17Mx7ifRukZQAwiWuwX2A,Crowbar Collective
UCb1NiFZ2jeZUqd6KqtbURuQ,http://www.youtube.com/channel/UCb1NiFZ2jeZUqd6KqtbURuQ,itsBROWNIE
UCb2XyfhqioxBd9BlADBZUGQ,http://www.youtube.com/channel/UCb2XyfhqioxBd9BlADBZUGQ,The TV Regent
UCb31gOY6OD8ES0zP8M0GhAw,http://www.youtube.com/channel/UCb31gOY6OD8ES0zP8M0GhAw,Max Fosh
UCb3BpqSdu443q_cBzd6xnmw,http://www.youtube.com/channel/UCb3BpqSdu443q_cBzd6xnmw,Super Studios
UCb3hMK6dF14NrqPETb7s_eA,http://www.youtube.com/channel/UCb3hMK6dF14NrqPETb7s_eA,Oliver Greer
UCb3qAMd6nI1fVYAQ_hclw2w,http://www.youtube.com/channel/UCb3qAMd6nI1fVYAQ_hclw2w,Video Game Restoration
UCb3qRjH2D0RxoajlaS3WR2A,http://www.youtube.com/channel/UCb3qRjH2D0RxoajlaS3WR2A,Julien Magic
UCb4GRC2hfjGY19Yq8KMB46Q,http://www.youtube.com/channel/UCb4GRC2hfjGY19Yq8KMB46Q,Evident
UCb53hRtz2oOUHNBtlv_ij5Q,http://www.youtube.com/channel/UCb53hRtz2oOUHNBtlv_ij5Q,How It's Slop
UCb5BJg1PJvzQ6kYk7eguzCQ,http://www.youtube.com/channel/UCb5BJg1PJvzQ6kYk7eguzCQ,MegalodonVT
UCb6hCXK3sezRKXOJRBEqX-A,http://www.youtube.com/channel/UCb6hCXK3sezRKXOJRBEqX-A,Free Tech
UCb7KTEtdtS4xi404giDn7Qg,http://www.youtube.com/channel/UCb7KTEtdtS4xi404giDn7Qg,The JEC Gaming
UCb8baAWAqBssbULIhhwTRtA,http://www.youtube.com/channel/UCb8baAWAqBssbULIhhwTRtA,leeuh
UCb8vrqP8Z7Oz9ZTYvUtjUHQ,http://www.youtube.com/channel/UCb8vrqP8Z7Oz9ZTYvUtjUHQ,Daniel LaBelle
UCb9A6uotqUiuVCvVp4GMqOg,http://www.youtube.com/channel/UCb9A6uotqUiuVCvVp4GMqOg,Justin Flom
UCb9ME2w6Y_4jChUVlWdltVg,http://www.youtube.com/channel/UCb9ME2w6Y_4jChUVlWdltVg,GKIDS Films
UCbAHuHgj0RjadzpDzZ0OWVA,http://www.youtube.com/channel/UCbAHuHgj0RjadzpDzZ0OWVA,Aussie Vocal Coach
UCbAOw00ldX5Gnb47e9SYqZg,http://www.youtube.com/channel/UCbAOw00ldX5Gnb47e9SYqZg,Lemoncak3
UCbAgquCgpfGSG1oMp_KGnJg,http://www.youtube.com/channel/UCbAgquCgpfGSG1oMp_KGnJg,Glad2be1000
UCbBtwdCrDoiohM9lCuqt4NA,http://www.youtube.com/channel/UCbBtwdCrDoiohM9lCuqt4NA,Curtomatic
UCbC-HfvbQgbM-S5IQXjYCug,http://www.youtube.com/channel/UCbC-HfvbQgbM-S5IQXjYCug,kixie
UCbCq5Y0WPGimG2jNXhoQxGw,http://www.youtube.com/channel/UCbCq5Y0WPGimG2jNXhoQxGw,Atomic Frontier
UCbD4USIyNGKCdL3cWah1GGg,http://www.youtube.com/channel/UCbD4USIyNGKCdL3cWah1GGg,1010 WINS
UCbDSo4C1f1SnKsAzHOpTdUA,http://www.youtube.com/channel/UCbDSo4C1f1SnKsAzHOpTdUA,Talent Rewind
UCbFRhA08sDjtk-2w5rGZ7Jg,http://www.youtube.com/channel/UCbFRhA08sDjtk-2w5rGZ7Jg,Hela Mid
UCbFnGyIcAhDrj-90OzvI7kw,http://www.youtube.com/channel/UCbFnGyIcAhDrj-90OzvI7kw,Oh My Disney
UCbGlZjZ2eWcrajiSM4ohJMg,http://www.youtube.com/channel/UCbGlZjZ2eWcrajiSM4ohJMg,1000 Upload Project
UCbHom9wFNErvMGIGLxu2vtg,http://www.youtube.com/channel/UCbHom9wFNErvMGIGLxu2vtg,Bill Nye
UCbI-X9F07inmxYvQKDBOU7Q,http://www.youtube.com/channel/UCbI-X9F07inmxYvQKDBOU7Q,Push Square
UCbJX_uKN3a9OseFfIdgp-LA,http://www.youtube.com/channel/UCbJX_uKN3a9OseFfIdgp-LA,Void Productions
UCbJqerJ4zeGP5jtoY4RZ9gg,http://www.youtube.com/channel/UCbJqerJ4zeGP5jtoY4RZ9gg,PLAYaudio - Smooth Jazz and more
UCbK94KNsStVoiJhDy3bRUlA,http://www.youtube.com/channel/UCbK94KNsStVoiJhDy3bRUlA,Aylex Thunder
UCbKWv2x9t6u8yZoB3KcPtnw,http://www.youtube.com/channel/UCbKWv2x9t6u8yZoB3KcPtnw,Alan Becker
UCbKgAmmBfRK768Ay4pSqzeg,http://www.youtube.com/channel/UCbKgAmmBfRK768Ay4pSqzeg,PositivePressure
UCbLodBs8QZo5DAoiXXvi_iQ,http://www.youtube.com/channel/UCbLodBs8QZo5DAoiXXvi_iQ,Bran's Tutorials 
UCbLq9tsbo8peV22VxbDAfXA,http://www.youtube.com/channel/UCbLq9tsbo8peV22VxbDAfXA,GSMArena Official
UCbLtZRMKykinSGry4JUhZSA,http://www.youtube.com/channel/UCbLtZRMKykinSGry4JUhZSA,Gabriel Freire
UCbMxmFgDbSFkM9TMztRPqkw,http://www.youtube.com/channel/UCbMxmFgDbSFkM9TMztRPqkw,ProfePlaysMinecraft
UCbNvfx3rYYxEopnRGxfu53Q,http://www.youtube.com/channel/UCbNvfx3rYYxEopnRGxfu53Q,Joseph's Machines
UCbPHjuJYNjRxp3mkLYwUZ6Q,http://www.youtube.com/channel/UCbPHjuJYNjRxp3mkLYwUZ6Q,Discover With Ruhi Cenet
UCbQDljbWAlDVcOhA3u5HWhg,http://www.youtube.com/channel/UCbQDljbWAlDVcOhA3u5HWhg,bent
UCbQIHySegAR0GlGak3_104w,http://www.youtube.com/channel/UCbQIHySegAR0GlGak3_104w,みかんMikan
UCbRP3c757lWg9M-U7TyEkXA,http://www.youtube.com/channel/UCbRP3c757lWg9M-U7TyEkXA,Theo - t3․gg
UCbRTeFmRQd8sR4Fss91mF5A,http://www.youtube.com/channel/UCbRTeFmRQd8sR4Fss91mF5A,Viddy's Vids
UCbR_XbcdFJFhH0gluR3jYaw,http://www.youtube.com/channel/UCbR_XbcdFJFhH0gluR3jYaw,z_yber
UCbRemlskt_MBdmefEruKIcw,http://www.youtube.com/channel/UCbRemlskt_MBdmefEruKIcw,Joe Forgets
UCbSJBl6taFR4XitySc0MRWQ,http://www.youtube.com/channel/UCbSJBl6taFR4XitySc0MRWQ,Sohpi
UCbT3KpHLeOUzTSB706vZ41g,http://www.youtube.com/channel/UCbT3KpHLeOUzTSB706vZ41g,GPUSpecs
UCbTKxZa77gscEmcjnZThUaQ,http://www.youtube.com/channel/UCbTKxZa77gscEmcjnZThUaQ,Clouser
UCbTuURgT22ATs0w5ii6mCyw,http://www.youtube.com/channel/UCbTuURgT22ATs0w5ii6mCyw,The Drunk Men's Choir
UCbUHGz_K9jhvbQjfXdJUwxA,http://www.youtube.com/channel/UCbUHGz_K9jhvbQjfXdJUwxA,Lena Raine
UCbULPenlEESjHUuZ2VIW9iA,http://www.youtube.com/channel/UCbULPenlEESjHUuZ2VIW9iA,Team Cherry
UCbUwR0r6R7hXCx205DCg2Ww,http://www.youtube.com/channel/UCbUwR0r6R7hXCx205DCg2Ww,Lessons in Internet Culture
UCbVDsBsfp4CJYdd6syqlnxg,http://www.youtube.com/channel/UCbVDsBsfp4CJYdd6syqlnxg,idostuff with python
UCbVcb9puAsOhXBT2_XPFf-A,http://www.youtube.com/channel/UCbVcb9puAsOhXBT2_XPFf-A,the_miracle_aligner
UCbVpzbGC-2OUyQsnTHadbqQ,http://www.youtube.com/channel/UCbVpzbGC-2OUyQsnTHadbqQ,The Larping Tombstone
UCbVqVym_oMYKdHRUN2fd8dQ,http://www.youtube.com/channel/UCbVqVym_oMYKdHRUN2fd8dQ,TeaKay
UCbWZP5Fuvq1WzD1u-yTwyIw,http://www.youtube.com/channel/UCbWZP5Fuvq1WzD1u-yTwyIw,Sneaky Sushii
UCbWcXB0PoqOsAvAdfzWMf0w,http://www.youtube.com/channel/UCbWcXB0PoqOsAvAdfzWMf0w,Fredrik Knudsen
UCbXr32WUfiwxztQuQwdPelA,http://www.youtube.com/channel/UCbXr32WUfiwxztQuQwdPelA,Bunaye
UCbYPpZbX7aLDoQvBtF98geg,http://www.youtube.com/channel/UCbYPpZbX7aLDoQvBtF98geg,Mr BN King
UCbZDEx-VdzasD4HzXuD0M4Q,http://www.youtube.com/channel/UCbZDEx-VdzasD4HzXuD0M4Q,Engineered Labs
UCb_MAhL8Thb3HJ_wPkH3gcw,http://www.youtube.com/channel/UCb_MAhL8Thb3HJ_wPkH3gcw,Phil Edwards
UCbaGn5VkOVlcRgIWAHcrJKA,http://www.youtube.com/channel/UCbaGn5VkOVlcRgIWAHcrJKA,Cut
UCbbsW7_Esx8QZ8PgJ13pGxw,http://www.youtube.com/channel/UCbbsW7_Esx8QZ8PgJ13pGxw,We're In Hell
UCbbuWMGspgCX2ziWcaMQzmg,http://www.youtube.com/channel/UCbbuWMGspgCX2ziWcaMQzmg,Wizards with Guns Highlights
UCbc4qx9byuiPemFAaVXo7cA,http://www.youtube.com/channel/UCbc4qx9byuiPemFAaVXo7cA,Peter Grasshoff
UCbccqTwEh-JBjrxAoPAECKQ,http://www.youtube.com/channel/UCbccqTwEh-JBjrxAoPAECKQ,Z dotss
UCbczsMZXABNe7o1oUrMAxVw,http://www.youtube.com/channel/UCbczsMZXABNe7o1oUrMAxVw,Hyper Potions
UCbdQjm1J3gIJ2E_2Yq6nxlQ,http://www.youtube.com/channel/UCbdQjm1J3gIJ2E_2Yq6nxlQ,TP-Link Systems Inc.
UCbdRomWG_tBp8mAjD9KLgPw,http://www.youtube.com/channel/UCbdRomWG_tBp8mAjD9KLgPw,Elijah Lemard
UCbdcpQ5uPPymv7Ea0nnFfOw,http://www.youtube.com/channel/UCbdcpQ5uPPymv7Ea0nnFfOw,Magnus Carlsen
UCbdrFUQLQ7Y86A1gQK9ucaQ,http://www.youtube.com/channel/UCbdrFUQLQ7Y86A1gQK9ucaQ,Crazytrain2015
UCbdrrXPF632mOT-dcqkRmow,http://www.youtube.com/channel/UCbdrrXPF632mOT-dcqkRmow,girl2374
UCbe4uwVthVsNhd7TF-mjj4A,http://www.youtube.com/channel/UCbe4uwVthVsNhd7TF-mjj4A,Borkus Time
UCbeyfcexbuO7NalTJn9akTw,http://www.youtube.com/channel/UCbeyfcexbuO7NalTJn9akTw,Hermeticlock
UCbfYPyITQ-7l4upoX8nvctg,http://www.youtube.com/channel/UCbfYPyITQ-7l4upoX8nvctg,Two Minute Papers
UCbfZu3aEzvSVjOnZnQr6r2Q,http://www.youtube.com/channel/UCbfZu3aEzvSVjOnZnQr6r2Q,Explorist
UCbfnltwInDD5wCWGjWg1evw,http://www.youtube.com/channel/UCbfnltwInDD5wCWGjWg1evw,SouthernSoloBelle
UCbguawtJlHjxXzdAskubQVg,http://www.youtube.com/channel/UCbguawtJlHjxXzdAskubQVg,William Osman 2
UCbgv-51V519w9IXYyHzJDcA,http://www.youtube.com/channel/UCbgv-51V519w9IXYyHzJDcA,Waikuteru
UCbhOlYGMTIZbTzVyf3-2p1A,http://www.youtube.com/channel/UCbhOlYGMTIZbTzVyf3-2p1A,KilgoreLive
UCbhmY2udzCmnyPjxR6K6jMw,http://www.youtube.com/channel/UCbhmY2udzCmnyPjxR6K6jMw,Doc_Raphael
UCbiS1AHHG2Z_qvIiW2iQDEA,http://www.youtube.com/channel/UCbiS1AHHG2Z_qvIiW2iQDEA,xerenite
UCbj4_w-zVzJUmM782hFugGg,http://www.youtube.com/channel/UCbj4_w-zVzJUmM782hFugGg,Cr1TiKaL Charisma
UCbkS1HHx_oeQwxL7M9XLVUA,http://www.youtube.com/channel/UCbkS1HHx_oeQwxL7M9XLVUA,movies explained
UCbkwaBRQEbRC8pa-Zq2pyUQ,http://www.youtube.com/channel/UCbkwaBRQEbRC8pa-Zq2pyUQ,TGWaffles (Thomas)
UCblfuW_4rakIf2h6aqANefA,http://www.youtube.com/channel/UCblfuW_4rakIf2h6aqANefA,Red Bull
UCbmnxWToOSSmi2D3Jw_oxiQ,http://www.youtube.com/channel/UCbmnxWToOSSmi2D3Jw_oxiQ,LeanandCuisine
UCboSiXlElSYjHosHd2moJGg,http://www.youtube.com/channel/UCboSiXlElSYjHosHd2moJGg,Adamsheey
UCbochVIwBCzJb9I2lLGXGjQ,http://www.youtube.com/channel/UCbochVIwBCzJb9I2lLGXGjQ,Rhett & Link
UCbpXSXC98lcc4xdWbL7YRMw,http://www.youtube.com/channel/UCbpXSXC98lcc4xdWbL7YRMw,Buddster
UCbpx9oabkoXeh1oy31W3QCA,http://www.youtube.com/channel/UCbpx9oabkoXeh1oy31W3QCA,EpicTime
UCbrB3r8zzxjWmF6Ed2-tmbQ,http://www.youtube.com/channel/UCbrB3r8zzxjWmF6Ed2-tmbQ,Qaysadilla
UCbrlmjb5Y1r7neTuALBWW1g,http://www.youtube.com/channel/UCbrlmjb5Y1r7neTuALBWW1g,𝐓𝐞𝐱𝐭 𝐦𝐞 𝐨𝐧 𝐭𝐞𝐥𝐞𝐠𝐫𝐚𝐦 @𝐎𝐟𝐟𝐢𝐜𝐢𝐚𝐥𝐀𝐊𝐇𝐈𝐓𝐕
UCbtCatW6oMyvT285YDMLjKg,http://www.youtube.com/channel/UCbtCatW6oMyvT285YDMLjKg,Senpapi Gabe
UCbtEd1MuY6gd2RpdWqkzXFw,http://www.youtube.com/channel/UCbtEd1MuY6gd2RpdWqkzXFw,Morley Kert
UCbtQ8hBb05kByaQAbwb7RcA,http://www.youtube.com/channel/UCbtQ8hBb05kByaQAbwb7RcA,Chef Roy
UCbtwi4wK1YXd9AyV_4UcE6g,http://www.youtube.com/channel/UCbtwi4wK1YXd9AyV_4UcE6g,Adrian's Digital Basement ][
UCbu2SsF-Or3Rsn3NxqODImw,http://www.youtube.com/channel/UCbu2SsF-Or3Rsn3NxqODImw,GameSpot
UCbu2qTa75eyjwCKOugX8F6A,http://www.youtube.com/channel/UCbu2qTa75eyjwCKOugX8F6A,turd boi420
UCbuofjdcVPs8-d4hnwn3z5Q,http://www.youtube.com/channel/UCbuofjdcVPs8-d4hnwn3z5Q,TheManDeeDubs
UCbvjXcT9ojfSrA8QrOKeY_w,http://www.youtube.com/channel/UCbvjXcT9ojfSrA8QrOKeY_w,Stryxo
UCbvvt1cHeiZTJHIwRv8mGjw,http://www.youtube.com/channel/UCbvvt1cHeiZTJHIwRv8mGjw,Panic
UCbvwGzSKXa31P6yDRyoNJnA,http://www.youtube.com/channel/UCbvwGzSKXa31P6yDRyoNJnA,FancyOrb
UCbxQcz9k0NRRuy0ukgQTDQQ,http://www.youtube.com/channel/UCbxQcz9k0NRRuy0ukgQTDQQ,AustinMcConnell
UCbxTQfDg9zL7fDLK3DVz5sg,http://www.youtube.com/channel/UCbxTQfDg9zL7fDLK3DVz5sg,AdrenalineWings
UCbxjDfYwfF8RjYBp5htJ38Q,http://www.youtube.com/channel/UCbxjDfYwfF8RjYBp5htJ38Q,Warner Bros. UK & Ireland
UCbzU6IzPgim-0Yqa9Gfxthg,http://www.youtube.com/channel/UCbzU6IzPgim-0Yqa9Gfxthg,YamiChan
UCbzwjUn7uOT2bp7xr1XLV6g,http://www.youtube.com/channel/UCbzwjUn7uOT2bp7xr1XLV6g,NineTakes
UCbzxaFHws0n2zbg574hdWtg,http://www.youtube.com/channel/UCbzxaFHws0n2zbg574hdWtg,LuGo
UCc-WbFxYCQUdFkgEuJF19zw,http://www.youtube.com/channel/UCc-WbFxYCQUdFkgEuJF19zw,Zach and Michelle
UCc-Yj3lMj3s_n1tqcGIzQ6g,http://www.youtube.com/channel/UCc-Yj3lMj3s_n1tqcGIzQ6g,Dr Karan
UCc0JfmCb4RG3DV7bIO4ma0w,http://www.youtube.com/channel/UCc0JfmCb4RG3DV7bIO4ma0w,b
UCc0YbtMkRdhcqwhu3Oad-lw,http://www.youtube.com/channel/UCc0YbtMkRdhcqwhu3Oad-lw,Breaking Bad & Better Call Saul
UCc2DqW4cAKj2VSIzIPvU8IA,http://www.youtube.com/channel/UCc2DqW4cAKj2VSIzIPvU8IA,お口の恋人 ロッテ 【LOTTE】 公式チャンネル
UCc2MFmkMC_tHND7TDHrRDkg,http://www.youtube.com/channel/UCc2MFmkMC_tHND7TDHrRDkg,Moochi
UCc2lUKVOTXKlQR7Fm7h1JfQ,http://www.youtube.com/channel/UCc2lUKVOTXKlQR7Fm7h1JfQ,TITANS of CNC MACHINING
UCc2sywtRGPbwZvozFkqdyKw,http://www.youtube.com/channel/UCc2sywtRGPbwZvozFkqdyKw,Corey Saucier
UCc35WvHmQjLE8NN4Y_ITmUQ,http://www.youtube.com/channel/UCc35WvHmQjLE8NN4Y_ITmUQ,Trevor Wallace
UCc4G_GBmkUVK8k-dpFYl_6Q,http://www.youtube.com/channel/UCc4G_GBmkUVK8k-dpFYl_6Q,ClippaChuu
UCc4sOlYxxoXNba2CYCRQJGw,http://www.youtube.com/channel/UCc4sOlYxxoXNba2CYCRQJGw,Jacobs Vocal Academy
UCc5EGEEbHAYHedfarNpylGw,http://www.youtube.com/channel/UCc5EGEEbHAYHedfarNpylGw,Corato Laga
UCc5afI6TobiZjRke2sYBDPA,http://www.youtube.com/channel/UCc5afI6TobiZjRke2sYBDPA,Lofi Girl - Synthwave
UCc6L2C09Gs6euMoUyqiz02Q,http://www.youtube.com/channel/UCc6L2C09Gs6euMoUyqiz02Q,Craighill
UCc7Ygo3HC1zWJOrtNiwuT3w,http://www.youtube.com/channel/UCc7Ygo3HC1zWJOrtNiwuT3w,Gamer Grandma
UCc7efO2AtDwfCJHy18uSPUg,http://www.youtube.com/channel/UCc7efO2AtDwfCJHy18uSPUg,Karen Gillan
UCc9CJVSnJx5WTq8E9T4bIoA,http://www.youtube.com/channel/UCc9CJVSnJx5WTq8E9T4bIoA,Kroi
UCcA2aJFGGbSHVuqVp23rJlw,http://www.youtube.com/channel/UCcA2aJFGGbSHVuqVp23rJlw,Money Chuck
UCcBbC4qg-M2KSDPTEfQ-l0w,http://www.youtube.com/channel/UCcBbC4qg-M2KSDPTEfQ-l0w,Casually
UCcCAfYQuOpUp3dtMoHuY-og,http://www.youtube.com/channel/UCcCAfYQuOpUp3dtMoHuY-og,Seriamon3
UCcCO_oL-CONJJLHnPAhy_Pg,http://www.youtube.com/channel/UCcCO_oL-CONJJLHnPAhy_Pg,Hummus Man
UCcDQenwAOcjJFyrJvjlrVVw,http://www.youtube.com/channel/UCcDQenwAOcjJFyrJvjlrVVw,JSLegendDev
UCcDerLCH02jGigVyuQGasyw,http://www.youtube.com/channel/UCcDerLCH02jGigVyuQGasyw,Bistendo
UCcDzewAE13qJXHbCmTPAT6A,http://www.youtube.com/channel/UCcDzewAE13qJXHbCmTPAT6A,Luke Korns
UCcEG3V33KZkelRfFtNua9BA,http://www.youtube.com/channel/UCcEG3V33KZkelRfFtNua9BA,Video Game Orchestra
UCcEPmwpXKrKzZahqjwpIAsQ,http://www.youtube.com/channel/UCcEPmwpXKrKzZahqjwpIAsQ,WonderWhy
UCcF9N2MP9DGVI9Rk12h4VXQ,http://www.youtube.com/channel/UCcF9N2MP9DGVI9Rk12h4VXQ,Second Unit
UCcGn_Cyb-0-jI1xI_nrq7iA,http://www.youtube.com/channel/UCcGn_Cyb-0-jI1xI_nrq7iA,Paddy
UCcH5AxxZffVWuCGJEHrtJXg,http://www.youtube.com/channel/UCcH5AxxZffVWuCGJEHrtJXg,AdventureMase
UCcHYe-Qw7qUN5gFWMdj9nNw,http://www.youtube.com/channel/UCcHYe-Qw7qUN5gFWMdj9nNw,The Official Channel
UCcHYmDcbHmGIebwGYgLQDOw,http://www.youtube.com/channel/UCcHYmDcbHmGIebwGYgLQDOw,BTMC
UCcI0Ej77aBkRCQ0O4Yf-Mxw,http://www.youtube.com/channel/UCcI0Ej77aBkRCQ0O4Yf-Mxw,FlipaClip
UCcIe-_Hqzb3mAZyKEy1amDw,http://www.youtube.com/channel/UCcIe-_Hqzb3mAZyKEy1amDw,A+Start
UCcJ06aLIUUQwbb0OiAXuqhA,http://www.youtube.com/channel/UCcJ06aLIUUQwbb0OiAXuqhA,Tempo Lab Games 🎵
UCcJ8vhLvTpnxUqK6sa4hYxA,http://www.youtube.com/channel/UCcJ8vhLvTpnxUqK6sa4hYxA,TA Music
UCcJLl0Ha4Yk75aNDU6XjrXg,http://www.youtube.com/channel/UCcJLl0Ha4Yk75aNDU6XjrXg,Empi
UCcKSEzhtEkzfCT8_DzyMfpg,http://www.youtube.com/channel/UCcKSEzhtEkzfCT8_DzyMfpg,KiraTV
UCcLYOTz3ct6_lk9iLToxxAw,http://www.youtube.com/channel/UCcLYOTz3ct6_lk9iLToxxAw,Mat Armstrong
UCcM-EIxza5g1S0dpnoO_ePA,http://www.youtube.com/channel/UCcM-EIxza5g1S0dpnoO_ePA,Reigarw Comparisons
UCcNPbOeFo-qM0wpis8Lwdig,http://www.youtube.com/channel/UCcNPbOeFo-qM0wpis8Lwdig,spatnz
UCcOkA2Xmk1valTOWSyKyp4g,http://www.youtube.com/channel/UCcOkA2Xmk1valTOWSyKyp4g,Doctor Who
UCcPDPVNSkQdDVtQfYwOzbbA,http://www.youtube.com/channel/UCcPDPVNSkQdDVtQfYwOzbbA,Camping Comrade
UCcR4cyQyAF-guvk7Wm5Lbqg,http://www.youtube.com/channel/UCcR4cyQyAF-guvk7Wm5Lbqg,Caters Clips
UCcTE9SNH1Xxcb7Lqa2V_u2w,http://www.youtube.com/channel/UCcTE9SNH1Xxcb7Lqa2V_u2w,Bongs237
UCcTa20zpKM6CkcvocFXVe6A,http://www.youtube.com/channel/UCcTa20zpKM6CkcvocFXVe6A,Dan Allen Gaming
UCcV2Rp-HfzdxdBWBiOHMrVg,http://www.youtube.com/channel/UCcV2Rp-HfzdxdBWBiOHMrVg,iVoltex
UCcV5IPLzyra4hMOG1p_gQCw,http://www.youtube.com/channel/UCcV5IPLzyra4hMOG1p_gQCw,CraftyFoxe
UCcVClhnvO2PaYoiJstwphpg,http://www.youtube.com/channel/UCcVClhnvO2PaYoiJstwphpg,dyc3
UCcVcYegCSjMcqcdMhBury9w,http://www.youtube.com/channel/UCcVcYegCSjMcqcdMhBury9w,Jordan Simons
UCcXNk6ks8KwxsENRbYh2ajQ,http://www.youtube.com/channel/UCcXNk6ks8KwxsENRbYh2ajQ,David McBride
UCcXUhZB4t3g8EGdYiqwS4Aw,http://www.youtube.com/channel/UCcXUhZB4t3g8EGdYiqwS4Aw,sandiction
UCcY63_wKv8Gyowo5mZRcn6Q,http://www.youtube.com/channel/UCcY63_wKv8Gyowo5mZRcn6Q,Anderistic
UCcZ6UM4u0u9DbAycPOUeJnQ,http://www.youtube.com/channel/UCcZ6UM4u0u9DbAycPOUeJnQ,Jonny Trego
UCcZ959PMwCmSG1mP1gMmDBw,http://www.youtube.com/channel/UCcZ959PMwCmSG1mP1gMmDBw,Mish Koz
UCc_ycus0q7DSd85ZkmEY5ig,http://www.youtube.com/channel/UCc_ycus0q7DSd85ZkmEY5ig,Waveform Clips
UCca2961Ton2js_f9IDXK9Wg,http://www.youtube.com/channel/UCca2961Ton2js_f9IDXK9Wg,Trilogy Media
UCcadPDyFskP5IccHbc_u36w,http://www.youtube.com/channel/UCcadPDyFskP5IccHbc_u36w,overfloat
UCcaqDKIaqXNh0x0Sanj_yDA,http://www.youtube.com/channel/UCcaqDKIaqXNh0x0Sanj_yDA,T3rr0r
UCcbkmIj4D9cx2MasNzvYBww,http://www.youtube.com/channel/UCcbkmIj4D9cx2MasNzvYBww,Patter
UCccGqDoSx3PGxWd9kaWlS3w,http://www.youtube.com/channel/UCccGqDoSx3PGxWd9kaWlS3w,_seraph
UCccnyrT2NeVDzypO64Dif-A,http://www.youtube.com/channel/UCccnyrT2NeVDzypO64Dif-A,Cilvanis
UCccvVFW2IVXrIEVV8Hi1i-w,http://www.youtube.com/channel/UCccvVFW2IVXrIEVV8Hi1i-w,Sonitdac
UCcd0tBtip8YzdTCUw3OVv_Q,http://www.youtube.com/channel/UCcd0tBtip8YzdTCUw3OVv_Q,Elton John
UCceMa2Y9t_t9jizOK-FVhgw,http://www.youtube.com/channel/UCceMa2Y9t_t9jizOK-FVhgw,TDP
UCcefcZRL2oaA_uBNeo5UOWg,http://www.youtube.com/channel/UCcefcZRL2oaA_uBNeo5UOWg,Y Combinator
UCcf1viW8rmp54JulpSy78RQ,http://www.youtube.com/channel/UCcf1viW8rmp54JulpSy78RQ,Dantrachtenberg
UCcf2Mr1qNoX51XXDUd3Rquw,http://www.youtube.com/channel/UCcf2Mr1qNoX51XXDUd3Rquw,ByteSeb
UCcgX62rZX4uaDwka7JgM3iQ,http://www.youtube.com/channel/UCcgX62rZX4uaDwka7JgM3iQ,Everything Glossed Over
UCcgbFjaVSvOnrEfNd74OiXA,http://www.youtube.com/channel/UCcgbFjaVSvOnrEfNd74OiXA,Funny Uber Rides Shorts
UCchBatdUMZoMfJ3rIzgV84g,http://www.youtube.com/channel/UCchBatdUMZoMfJ3rIzgV84g,Viva La Dirt League
UCciQy6UNr--bmRxidI6zsbA,http://www.youtube.com/channel/UCciQy6UNr--bmRxidI6zsbA,uhTrance
UCciv_Majcumdor7Jjp9Dllg,http://www.youtube.com/channel/UCciv_Majcumdor7Jjp9Dllg,Juddsun
UCcjY5LxfhGMe1kGneqfClbw,http://www.youtube.com/channel/UCcjY5LxfhGMe1kGneqfClbw,Sloimay
UCcjoLhqu3nyOFmdqF17LeBQ,http://www.youtube.com/channel/UCcjoLhqu3nyOFmdqF17LeBQ,BBC deepwatch
UCcjx6m03fZwtRBFn1Cf7kKQ,http://www.youtube.com/channel/UCcjx6m03fZwtRBFn1Cf7kKQ,Zac Alsop
UCclOZJA28KAWtqa5bFT2h4w,http://www.youtube.com/channel/UCclOZJA28KAWtqa5bFT2h4w,LordRedCube
UCcmEL8JoDBE25gvCFkrqhcw,http://www.youtube.com/channel/UCcmEL8JoDBE25gvCFkrqhcw,TheVolgun
UCcmF24_f4PDnDWuF2P7rDaA,http://www.youtube.com/channel/UCcmF24_f4PDnDWuF2P7rDaA,Oculus Prime
UCcmxOGYGF51T1XsqQLewGtQ,http://www.youtube.com/channel/UCcmxOGYGF51T1XsqQLewGtQ,Trash Taste
UCcnInCmc2IlwHj_-DRyhAjQ,http://www.youtube.com/channel/UCcnInCmc2IlwHj_-DRyhAjQ,Run N Game Entertainment
UCcnci5vbpLJ-rh_V9yXwawg,http://www.youtube.com/channel/UCcnci5vbpLJ-rh_V9yXwawg,martincitopants
UCcntF6BbZmUkTFdrJx8ZJWQ,http://www.youtube.com/channel/UCcntF6BbZmUkTFdrJx8ZJWQ,Moontajska Productions
UCcnz8P3lYBkUirbAG3gjh7w,http://www.youtube.com/channel/UCcnz8P3lYBkUirbAG3gjh7w,Kieram Litchfield
UCco6zvpsyuEptJfYz1iMG5w,http://www.youtube.com/channel/UCco6zvpsyuEptJfYz1iMG5w,Chris Hendricks
UCcomz-ziyTxPtS1F4D9wY3g,http://www.youtube.com/channel/UCcomz-ziyTxPtS1F4D9wY3g,Reav
UCcpD5iHLoOV60UMXVUXXeyA,http://www.youtube.com/channel/UCcpD5iHLoOV60UMXVUXXeyA,QdAndy
UCcpP-1_lZA5I0TiB8I0uSEA,http://www.youtube.com/channel/UCcpP-1_lZA5I0TiB8I0uSEA,Greylin
UCcsQRvya1O8V8bbfY2sh3jw,http://www.youtube.com/channel/UCcsQRvya1O8V8bbfY2sh3jw,Movie Tank
UCcsn2LgcRUms8iPmImpbFuQ,http://www.youtube.com/channel/UCcsn2LgcRUms8iPmImpbFuQ,Onyi
UCct9aR7HC79Cv2g-9oDOTLw,http://www.youtube.com/channel/UCct9aR7HC79Cv2g-9oDOTLw,ReligionForBreakfast
UCcuGUoDJOoEmD6ACMaGeb4g,http://www.youtube.com/channel/UCcuGUoDJOoEmD6ACMaGeb4g,Danerade
UCcud9msMXGG45gmU1j8t6pA,http://www.youtube.com/channel/UCcud9msMXGG45gmU1j8t6pA,Financial Deception
UCcv4HCEU8K8tGE5bmXpvj8w,http://www.youtube.com/channel/UCcv4HCEU8K8tGE5bmXpvj8w,Vargas Stories
UCcvczmsieHPRsrpc3v7GUmg,http://www.youtube.com/channel/UCcvczmsieHPRsrpc3v7GUmg,Casual Scholar
UCcvfHa-GHSOHFAjU0-Ie57A,http://www.youtube.com/channel/UCcvfHa-GHSOHFAjU0-Ie57A,Adam Something
UCcvmKIZv6kFSvc1godc3p6w,http://www.youtube.com/channel/UCcvmKIZv6kFSvc1godc3p6w,thetechbadger
UCcwLrGucX9htCIqZI9bApcw,http://www.youtube.com/channel/UCcwLrGucX9htCIqZI9bApcw,AKVedit
UCcxDJLuGrwWHFavS7xIzwtw,http://www.youtube.com/channel/UCcxDJLuGrwWHFavS7xIzwtw,Jaxx
UCcy247fIl7UzgvJ0J2I9stg,http://www.youtube.com/channel/UCcy247fIl7UzgvJ0J2I9stg,あの日の放課後
UCcyDNOZ7imG38LSXXDknjpg,http://www.youtube.com/channel/UCcyDNOZ7imG38LSXXDknjpg,Edbound
UCcyq283he07B7_KUX07mmtA,http://www.youtube.com/channel/UCcyq283he07B7_KUX07mmtA,Business Insider
UCcyugzWwuODHVGb99wolHZQ,http://www.youtube.com/channel/UCcyugzWwuODHVGb99wolHZQ,Content Free Time
UCczAxLCL79gHXKYaEc9k-ZQ,http://www.youtube.com/channel/UCczAxLCL79gHXKYaEc9k-ZQ,IMPERIAL
UCczVVQyJ5YzVG06VZWktRWQ,http://www.youtube.com/channel/UCczVVQyJ5YzVG06VZWktRWQ,비유
UCczbAAu7YKscvqjSTup1czg,http://www.youtube.com/channel/UCczbAAu7YKscvqjSTup1czg,Hao
UCczrknZRrp6lLEAktzI_Tpw,http://www.youtube.com/channel/UCczrknZRrp6lLEAktzI_Tpw,Micah Tilton
UCd0XRcCxVJdRrr8msPSDZAg,http://www.youtube.com/channel/UCd0XRcCxVJdRrr8msPSDZAg,Stormfall33
UCd15dSPPT-EhTXekA7_UNAQ,http://www.youtube.com/channel/UCd15dSPPT-EhTXekA7_UNAQ,JackSucksAtGeography
UCd2Kxb7n4cRJoXNeNO2tlQA,http://www.youtube.com/channel/UCd2Kxb7n4cRJoXNeNO2tlQA,Jeremy Carrasco
UCd2U2lOG9BE3Alh_KJ4lKLA,http://www.youtube.com/channel/UCd2U2lOG9BE3Alh_KJ4lKLA,Georgia Jim
UCd3Uy1Seh49HyeI3p-XFgkQ,http://www.youtube.com/channel/UCd3Uy1Seh49HyeI3p-XFgkQ,Channel 5 Clips
UCd3aWvyGFbNjsJV0S7G-tgw,http://www.youtube.com/channel/UCd3aWvyGFbNjsJV0S7G-tgw,Avdan
UCd4MeJQEcwMe2QSfoEJzXGA,http://www.youtube.com/channel/UCd4MeJQEcwMe2QSfoEJzXGA,The Creative Brief
UCd4i3xsGVorBLN5YrKmbCJw,http://www.youtube.com/channel/UCd4i3xsGVorBLN5YrKmbCJw,StreamerUniversity
UCd4t3EEUy0LUOM4MTdjpNHA,http://www.youtube.com/channel/UCd4t3EEUy0LUOM4MTdjpNHA,The Style Theorists
UCd534c_ehOvrLVL2v7Nl61w,http://www.youtube.com/channel/UCd534c_ehOvrLVL2v7Nl61w,Muselk
UCd5L99aPEyGcQZPkDSr_1Xw,http://www.youtube.com/channel/UCd5L99aPEyGcQZPkDSr_1Xw,Data Search
UCd6QNC1fVY1Za7ndWoQljOg,http://www.youtube.com/channel/UCd6QNC1fVY1Za7ndWoQljOg,erlmix
UCd6SBSfsp16Nj02YJLSonAg,http://www.youtube.com/channel/UCd6SBSfsp16Nj02YJLSonAg,diehardGG
UCd6TiscFnY9yQI96Zar8UoQ,http://www.youtube.com/channel/UCd6TiscFnY9yQI96Zar8UoQ,Linternet User
UCd6vEDS3SOhWbXZrxbrf_bw,http://www.youtube.com/channel/UCd6vEDS3SOhWbXZrxbrf_bw,SAMTIME
UCd71KmJZ8mxKGCUDkdNqoWw,http://www.youtube.com/channel/UCd71KmJZ8mxKGCUDkdNqoWw,DID SCHLATT WIN?
UCd7AuGqhXpOf-m5YBH4HM7w,http://www.youtube.com/channel/UCd7AuGqhXpOf-m5YBH4HM7w,StarlingEDM
UCd9EumaVNLYPZSaOGjRfEpA,http://www.youtube.com/channel/UCd9EumaVNLYPZSaOGjRfEpA,Dani Dip
UCd9TUql8V7J-Xy1RNgA7MlQ,http://www.youtube.com/channel/UCd9TUql8V7J-Xy1RNgA7MlQ,zanny
UCdARsjvE_Oh6rUCkqMD067w,http://www.youtube.com/channel/UCdARsjvE_Oh6rUCkqMD067w,PST Music
UCdAV5So6ftxYlzcyiklvjzA,http://www.youtube.com/channel/UCdAV5So6ftxYlzcyiklvjzA,The Huntington
UCdAdcNyKD-OXAVjexM4RJ7w,http://www.youtube.com/channel/UCdAdcNyKD-OXAVjexM4RJ7w,Joey Josselson
UCdAkY2-4DGhhvgnds1nD4Uw,http://www.youtube.com/channel/UCdAkY2-4DGhhvgnds1nD4Uw,Replay Revive
UCdBK94H6oZT2Q7l0-b0xmMg,http://www.youtube.com/channel/UCdBK94H6oZT2Q7l0-b0xmMg,ShortCircuit
UCdBXOyqr8cDshsp7kcKDAkg,http://www.youtube.com/channel/UCdBXOyqr8cDshsp7kcKDAkg,Big A
UCdC0An4ZPNr_YiFiYoVbwaw,http://www.youtube.com/channel/UCdC0An4ZPNr_YiFiYoVbwaw,Daily Dose Of Internet
UCdDpQ461uxNA3odAnpuigAg,http://www.youtube.com/channel/UCdDpQ461uxNA3odAnpuigAg,Ami Yamato
UCdEAQeoy-q5dZHSGaVNsuHA,http://www.youtube.com/channel/UCdEAQeoy-q5dZHSGaVNsuHA,A.Krishna
UCdEXa5rF3RWXl-Y2wUMQ4Qg,http://www.youtube.com/channel/UCdEXa5rF3RWXl-Y2wUMQ4Qg,Adam Huber
UCdFW06Tj3bHkdTF83WboRQQ,http://www.youtube.com/channel/UCdFW06Tj3bHkdTF83WboRQQ,ApMarr 
UCdGDR-JcPpUt2rxr3KUODsQ,http://www.youtube.com/channel/UCdGDR-JcPpUt2rxr3KUODsQ,nkin
UCdIQW5tfpES5Ll0kTMibDIA,http://www.youtube.com/channel/UCdIQW5tfpES5Ll0kTMibDIA,Lextorias
UCdImtrRS4UewEbPdnF8R4qw,http://www.youtube.com/channel/UCdImtrRS4UewEbPdnF8R4qw,ChippyGaming
UCdJFXdnUdXPb5-lxmpI3pBA,http://www.youtube.com/channel/UCdJFXdnUdXPb5-lxmpI3pBA,Jonny Shire
UCdJVDqHkSh-PWpecPgw1yeg,http://www.youtube.com/channel/UCdJVDqHkSh-PWpecPgw1yeg,josie kay 
UCdKLd9f_8ZyDSKxMm16oRww,http://www.youtube.com/channel/UCdKLd9f_8ZyDSKxMm16oRww,Subscriber Wars
UCdKhiu-iArDYkg8eMazceQQ,http://www.youtube.com/channel/UCdKhiu-iArDYkg8eMazceQQ,Dalynx09
UCdMP13FN6fDA4lydn5L5z0A,http://www.youtube.com/channel/UCdMP13FN6fDA4lydn5L5z0A,Portal Mech
UCdN4aXTrHAtfgbVG9HjBmxQ,http://www.youtube.com/channel/UCdN4aXTrHAtfgbVG9HjBmxQ,Key & Peele
UCdNSCQOvY6CNtMEB_Gan_IQ,http://www.youtube.com/channel/UCdNSCQOvY6CNtMEB_Gan_IQ,Suggestive Gaming
UCdPQ41M5d0jkwurLN3rREvg,http://www.youtube.com/channel/UCdPQ41M5d0jkwurLN3rREvg,RIAM Exams
UCdPcHZBvT6HN6BKwfLIsmew,http://www.youtube.com/channel/UCdPcHZBvT6HN6BKwfLIsmew,Bricksane
UCdQmufCn2qUDCXL-dZstmNw,http://www.youtube.com/channel/UCdQmufCn2qUDCXL-dZstmNw,
UCdQrf8et-x9FqZpNBtI-LiQ,http://www.youtube.com/channel/UCdQrf8et-x9FqZpNBtI-LiQ,SweetStreams
UCdQxk_pxwtCzeP_Im76EHIg,http://www.youtube.com/channel/UCdQxk_pxwtCzeP_Im76EHIg,Farzam
UCdR6lysL7e6kS9UF7BFrewg,http://www.youtube.com/channel/UCdR6lysL7e6kS9UF7BFrewg,Brookie cookie in a cook bookie 
UCdROBklME9BXuF7sVa9lQkA,http://www.youtube.com/channel/UCdROBklME9BXuF7sVa9lQkA,imane
UCdR_AsuI1Bq4eUFj08St4tw,http://www.youtube.com/channel/UCdR_AsuI1Bq4eUFj08St4tw,Rye
UCdRsL0QV96hMlWZOtd5_fOg,http://www.youtube.com/channel/UCdRsL0QV96hMlWZOtd5_fOg,ZOMG
UCdRyssiZjh9UXDJ9euobwqA,http://www.youtube.com/channel/UCdRyssiZjh9UXDJ9euobwqA,RedGorillaGaming
UCdSpWm6SLFp1JQVowSlcNwQ,http://www.youtube.com/channel/UCdSpWm6SLFp1JQVowSlcNwQ,Max Adams
UCdTl9trYm8Enh9e7lqLkN0Q,http://www.youtube.com/channel/UCdTl9trYm8Enh9e7lqLkN0Q,Doc Rounds
UCdUEY_vDMZMYvdLGVvZ8w9Q,http://www.youtube.com/channel/UCdUEY_vDMZMYvdLGVvZ8w9Q,Kitesurfingstardom
UCdUl_bahs2CptEdW0us2TRA,http://www.youtube.com/channel/UCdUl_bahs2CptEdW0us2TRA,Mappelz
UCdVO_WUYVHVuQ8JnJWJHzkQ,http://www.youtube.com/channel/UCdVO_WUYVHVuQ8JnJWJHzkQ,tripflag
UCdXUwmzmhitTRqtPLazyetg,http://www.youtube.com/channel/UCdXUwmzmhitTRqtPLazyetg,Goodgis
UCdY8PM_tIaU4Bc0C_f4nPCA,http://www.youtube.com/channel/UCdY8PM_tIaU4Bc0C_f4nPCA,Kyle Gabler
UCdYP2ICon9NdHGKNLdDl1dw,http://www.youtube.com/channel/UCdYP2ICon9NdHGKNLdDl1dw,Smash Bracket
UCdZP_6QvuYiHi4yLufgZUNg,http://www.youtube.com/channel/UCdZP_6QvuYiHi4yLufgZUNg,PLACITECH
UCdas7CfKZwq10Zgv-VixELA,http://www.youtube.com/channel/UCdas7CfKZwq10Zgv-VixELA,Huggy
UCdb1ieLO-DLtLpZycONsq2w,http://www.youtube.com/channel/UCdb1ieLO-DLtLpZycONsq2w,FiLER
UCdb7c18YHTS4hQiWrMTZBRw,http://www.youtube.com/channel/UCdb7c18YHTS4hQiWrMTZBRw,Eric Christian von Fricken
UCdbEN9fdArVwSvm0S9zrlFg,http://www.youtube.com/channel/UCdbEN9fdArVwSvm0S9zrlFg,Kester Spach
UCdbJP74-u0OH9uI6Qt3-p4g,http://www.youtube.com/channel/UCdbJP74-u0OH9uI6Qt3-p4g,x4r1n
UCdbetV_5wxUnBTdb_d51qoA,http://www.youtube.com/channel/UCdbetV_5wxUnBTdb_d51qoA,Synthet
UCdcUmdOxMrhRjKMw-BX19AA,http://www.youtube.com/channel/UCdcUmdOxMrhRjKMw-BX19AA,Niko Omilana
UCdcZASOcenhZDsD3MCZreMw,http://www.youtube.com/channel/UCdcZASOcenhZDsD3MCZreMw,Yui Tachibana Ch. (VTuber)
UCdc_JyNaB5VJ0gdWUtWfGDg,http://www.youtube.com/channel/UCdc_JyNaB5VJ0gdWUtWfGDg,PyroLIVE
UCddiUEpeqJcYeBxX1IVBKvQ,http://www.youtube.com/channel/UCddiUEpeqJcYeBxX1IVBKvQ,The Verge
UCde_xnXu2lPBmRgAp_nq29A,http://www.youtube.com/channel/UCde_xnXu2lPBmRgAp_nq29A,comfi beats
UCdfdwAaszBA9iRv3B35Ar4A,http://www.youtube.com/channel/UCdfdwAaszBA9iRv3B35Ar4A,Vibe Shuffle
UCdgUN8rX3SEb9L7FDub3I6A,http://www.youtube.com/channel/UCdgUN8rX3SEb9L7FDub3I6A,Design Theory
UCdgt6vO0KEWCpfE8gKr7cnA,http://www.youtube.com/channel/UCdgt6vO0KEWCpfE8gKr7cnA,Exquisite Echidna
UCdhX5fN6lzvLAZ5pUzpZzRg,http://www.youtube.com/channel/UCdhX5fN6lzvLAZ5pUzpZzRg,Saykator
UCdhhWDl_oWuiAKu3z1M3Rhg,http://www.youtube.com/channel/UCdhhWDl_oWuiAKu3z1M3Rhg,ToyDualer
UCdiG2avPk8cTRVBHJW8olDg,http://www.youtube.com/channel/UCdiG2avPk8cTRVBHJW8olDg,pathnode
UCdjJvFFySimYvxhp7YQ3GCQ,http://www.youtube.com/channel/UCdjJvFFySimYvxhp7YQ3GCQ,꧁Ice Angel꧂
UCdjsf5DaCw0OwAuSe1lgWFw,http://www.youtube.com/channel/UCdjsf5DaCw0OwAuSe1lgWFw,Paprika Gaming
UCdkkQvJoB0kGgYHCYwSkdww,http://www.youtube.com/channel/UCdkkQvJoB0kGgYHCYwSkdww,Louie Zong
UCdktGrgQlqxPsvHo6cHF0Ng,http://www.youtube.com/channel/UCdktGrgQlqxPsvHo6cHF0Ng,Cooksie
UCdl3ece6ZfQwsiLbMnh2bCw,http://www.youtube.com/channel/UCdl3ece6ZfQwsiLbMnh2bCw,AstroKobi
UCdlXwhuPLu0oEdtdMfYomXA,http://www.youtube.com/channel/UCdlXwhuPLu0oEdtdMfYomXA,Corporate Tom
UCdloDHPrh5VsqlD4vWGnC4Q,http://www.youtube.com/channel/UCdloDHPrh5VsqlD4vWGnC4Q,The Piano
UCdn86UYrf54lXfVli9CB6Aw,http://www.youtube.com/channel/UCdn86UYrf54lXfVli9CB6Aw,Barack Obama
UCdnteqJUEFetgKgWItToLHg,http://www.youtube.com/channel/UCdnteqJUEFetgKgWItToLHg,adef
UCdnyFnxvvLrPnV6DOXlcWdg,http://www.youtube.com/channel/UCdnyFnxvvLrPnV6DOXlcWdg,Stream TV
UCdoPCztTOW7BJUPk2h5ttXA,http://www.youtube.com/channel/UCdoPCztTOW7BJUPk2h5ttXA,Call Me Kevin
UCdp4_l1vPmpN-gDbUwhaRUQ,http://www.youtube.com/channel/UCdp4_l1vPmpN-gDbUwhaRUQ,Branch Education
UCdpN_SlX2Ulz19C7BbBbM7w,http://www.youtube.com/channel/UCdpN_SlX2Ulz19C7BbBbM7w,Stream Cafe
UCdpmraxPbYptdIGIwtzV94A,http://www.youtube.com/channel/UCdpmraxPbYptdIGIwtzV94A,marveldorks
UCdqEs5A8vmq38Yp7Fz-Hz5A,http://www.youtube.com/channel/UCdqEs5A8vmq38Yp7Fz-Hz5A,Gaming On Caffeine
UCdtPGtqfX4Tj2bTIhxNH8tA,http://www.youtube.com/channel/UCdtPGtqfX4Tj2bTIhxNH8tA,Gu1maz
UCdtkRG9NQBBwtzhd1ljUA0A,http://www.youtube.com/channel/UCdtkRG9NQBBwtzhd1ljUA0A,ELEVENZ
UCdvzZIrOQGf6AMamYavhQNw,http://www.youtube.com/channel/UCdvzZIrOQGf6AMamYavhQNw,Freddy Schramm
UCdwVN-J8KCQM_Zjix8GdhCQ,http://www.youtube.com/channel/UCdwVN-J8KCQM_Zjix8GdhCQ,Detrovv
UCdwedUdGdpTymL5H17fc6dw,http://www.youtube.com/channel/UCdwedUdGdpTymL5H17fc6dw,Scyth3
UCdwths-Q8lcuF7wJwVWsC9g,http://www.youtube.com/channel/UCdwths-Q8lcuF7wJwVWsC9g,Rabbit Hole
UCdxHYaBY0EHG7brKyg-JwMw,http://www.youtube.com/channel/UCdxHYaBY0EHG7brKyg-JwMw,K
UCdxTCCRnQgfi2vr2fZupYIQ,http://www.youtube.com/channel/UCdxTCCRnQgfi2vr2fZupYIQ,Carl Bugeja
UCdx_nLXfelo97MpUD-4d7WA,http://www.youtube.com/channel/UCdx_nLXfelo97MpUD-4d7WA,Sean Bolis Vlogs
UCdxkG6sLQOToAy7pVWYrqoA,http://www.youtube.com/channel/UCdxkG6sLQOToAy7pVWYrqoA,Arctic Gaming
UCdyIZcJ-NpS_gXRcH9-7LeQ,http://www.youtube.com/channel/UCdyIZcJ-NpS_gXRcH9-7LeQ,CelebsReact
UCdyMFblTjr-C2N-T5TGftQQ,http://www.youtube.com/channel/UCdyMFblTjr-C2N-T5TGftQQ,Nathan Doan Comedy
UCdzWUj73tVt8kzQi8KSrLYg,http://www.youtube.com/channel/UCdzWUj73tVt8kzQi8KSrLYg,Vaseline Noodles
UCe-D25HGry4F26HRNiWOQYA,http://www.youtube.com/channel/UCe-D25HGry4F26HRNiWOQYA,Nimsy
UCe06TH9r4jVhiHNpaDklUNg,http://www.youtube.com/channel/UCe06TH9r4jVhiHNpaDklUNg,bocaJ930 SHORT
UCe2Z885iUhikgNYgpHa_A_A,http://www.youtube.com/channel/UCe2Z885iUhikgNYgpHa_A_A,Mythic Legion
UCe2ccSCufVX3YRQByMX9AfA,http://www.youtube.com/channel/UCe2ccSCufVX3YRQByMX9AfA,everything random
UCe5M831TebjiaSuQZkfp7LA,http://www.youtube.com/channel/UCe5M831TebjiaSuQZkfp7LA,Oats Jenkins
UCe64J6qUnpCjqL_yv-NvVuA,http://www.youtube.com/channel/UCe64J6qUnpCjqL_yv-NvVuA,P1XFX
UCe6Kb_fN2ZEC0bMdDye7ZQg,http://www.youtube.com/channel/UCe6Kb_fN2ZEC0bMdDye7ZQg,Sakura Stardust
UCe7lLO4sckuEkKpnP_5WZXw,http://www.youtube.com/channel/UCe7lLO4sckuEkKpnP_5WZXw,Free Jack D
UCe82o8G7z0bFXI2U092nteA,http://www.youtube.com/channel/UCe82o8G7z0bFXI2U092nteA,Will Stetson
UCe8Jx3nbqr-aZqNIBXfasGQ,http://www.youtube.com/channel/UCe8Jx3nbqr-aZqNIBXfasGQ,The Winglet
UCe99rWETP-MludmmCqUuBRw,http://www.youtube.com/channel/UCe99rWETP-MludmmCqUuBRw,TVアニメ【推しの子】公式チャンネル
UCeAb4sEWMnySC0f0bDRu91Q,http://www.youtube.com/channel/UCeAb4sEWMnySC0f0bDRu91Q,Akiko
UCeAgRH-t9a70zF3LvMjl1qQ,http://www.youtube.com/channel/UCeAgRH-t9a70zF3LvMjl1qQ,step stone
UCeB7u4PW0eHu2gL-LY143xg,http://www.youtube.com/channel/UCeB7u4PW0eHu2gL-LY143xg,The Weekly Thing
UCeBTWJ-_5t_eRuzfqK3qveg,http://www.youtube.com/channel/UCeBTWJ-_5t_eRuzfqK3qveg,Neuro's Cookie Jar
UCeBWh-0p7vgBeD6HOHBpfwQ,http://www.youtube.com/channel/UCeBWh-0p7vgBeD6HOHBpfwQ,Top 10 Talent
UCeCEq4Sz1nNK4wn3Z4Ozk2w,http://www.youtube.com/channel/UCeCEq4Sz1nNK4wn3Z4Ozk2w,Beefy Smash Doods
UCeC_faDcDFeo8qiJiYWcR2Q,http://www.youtube.com/channel/UCeC_faDcDFeo8qiJiYWcR2Q,Addie Bowley
UCeCfrca9s9gGaq4OEIiYz7w,http://www.youtube.com/channel/UCeCfrca9s9gGaq4OEIiYz7w,SVG
UCeClaf2K2MdQIfMgHbC15ag,http://www.youtube.com/channel/UCeClaf2K2MdQIfMgHbC15ag,로딩
UCeE3lj6pLX_gCd0Yvns517Q,http://www.youtube.com/channel/UCeE3lj6pLX_gCd0Yvns517Q,Ozzy Man Reviews
UCeEAPJ6nDdFIg0FAEGY1dMg,http://www.youtube.com/channel/UCeEAPJ6nDdFIg0FAEGY1dMg,laugh out loud flix
UCeEf90AEmmxaQs5BUkHqR3Q,http://www.youtube.com/channel/UCeEf90AEmmxaQs5BUkHqR3Q,mitxela
UCeFBqA9YeRygEnHkqvbzApA,http://www.youtube.com/channel/UCeFBqA9YeRygEnHkqvbzApA,DoctorDothraki
UCeG9LU0yYRq5iIY5QEDs1yQ,http://www.youtube.com/channel/UCeG9LU0yYRq5iIY5QEDs1yQ,Gladiator GTS
UCeGQoHGnqmv71vGIqarX7cA,http://www.youtube.com/channel/UCeGQoHGnqmv71vGIqarX7cA,JakeDontDraw
UCeHT-8JNjHz8p5U1vmrm8rg,http://www.youtube.com/channel/UCeHT-8JNjHz8p5U1vmrm8rg,slow start
UCeJMAuTYHDykzLUoU1ub8hQ,http://www.youtube.com/channel/UCeJMAuTYHDykzLUoU1ub8hQ,Syrup
UCeJMFlg7O783tVf8z36NsAQ,http://www.youtube.com/channel/UCeJMFlg7O783tVf8z36NsAQ,JimmyGameDev
UCeJrRK_Pt1m23l5zgSytVUA,http://www.youtube.com/channel/UCeJrRK_Pt1m23l5zgSytVUA,duplee
UCeK5JRDYRFQrOpGGTNlUa3w,http://www.youtube.com/channel/UCeK5JRDYRFQrOpGGTNlUa3w,zhangir
UCeKLuqGciqZZ5RFYk5CbqXg,http://www.youtube.com/channel/UCeKLuqGciqZZ5RFYk5CbqXg,jacknjellify
UCeOFPMK-i-eo-JdeNWHeCYQ,http://www.youtube.com/channel/UCeOFPMK-i-eo-JdeNWHeCYQ,JESSEOGN
UCeOaOLfGxPaVLf56lj_5HtQ,http://www.youtube.com/channel/UCeOaOLfGxPaVLf56lj_5HtQ,Simon Zhang
UCeP4Yv3s4RvS0-6d9OInRMw,http://www.youtube.com/channel/UCeP4Yv3s4RvS0-6d9OInRMw,Real Civil Engineer
UCeQW27n9FmeYcMJrUjusnHg,http://www.youtube.com/channel/UCeQW27n9FmeYcMJrUjusnHg,Server.pro
UCeQYJOcAbveChht8_JoHq2A,http://www.youtube.com/channel/UCeQYJOcAbveChht8_JoHq2A,Nocturne
UCeQn1b8eImScQFRO0IY21rw,http://www.youtube.com/channel/UCeQn1b8eImScQFRO0IY21rw,Tommy Wiseau
UCeQwCalZK1scamopwHt9UWw,http://www.youtube.com/channel/UCeQwCalZK1scamopwHt9UWw,람다람 RAMDARAM
UCeRjIpQ9koLZxfRnPa1z6Sg,http://www.youtube.com/channel/UCeRjIpQ9koLZxfRnPa1z6Sg,Pancho
UCeRtaM76P8zRlk6O8bLo4jQ,http://www.youtube.com/channel/UCeRtaM76P8zRlk6O8bLo4jQ,Primitive Survival
UCeSRjhfeeqIgr--AcP9qhyg,http://www.youtube.com/channel/UCeSRjhfeeqIgr--AcP9qhyg,Guinness World Records
UCeUm-66PvMfRXW_aXOrLc4Q,http://www.youtube.com/channel/UCeUm-66PvMfRXW_aXOrLc4Q,Genzeys
UCeVbI4wPfJwn8AEyqcqcXbQ,http://www.youtube.com/channel/UCeVbI4wPfJwn8AEyqcqcXbQ,DaynoArt
UCeVss0SWJ1maEyWqmeYMd3A,http://www.youtube.com/channel/UCeVss0SWJ1maEyWqmeYMd3A,DantheLittleMan1
UCeVyx-wTfkez0EoZMMP5PxA,http://www.youtube.com/channel/UCeVyx-wTfkez0EoZMMP5PxA,Connorbrow
UCeWhUFdwgII652Jj68-QXsw,http://www.youtube.com/channel/UCeWhUFdwgII652Jj68-QXsw,MrPsina
UCeY0bbntWzzVIaj2z3QigXg,http://www.youtube.com/channel/UCeY0bbntWzzVIaj2z3QigXg,NBC News
UCeYda7MUy54yNYJya8txkJA,http://www.youtube.com/channel/UCeYda7MUy54yNYJya8txkJA,Museum of Science
UCeYvzUfpNSGnzasUjNKIA_w,http://www.youtube.com/channel/UCeYvzUfpNSGnzasUjNKIA_w,Mike Clum
UCeYxyRUUsQiI0rt9HOfD91A,http://www.youtube.com/channel/UCeYxyRUUsQiI0rt9HOfD91A,KUBITOKKJ - Topic
UCeZLO2VgbZHeDcongKzzfOw,http://www.youtube.com/channel/UCeZLO2VgbZHeDcongKzzfOw,8-bit Music Theory
UCeZ_GliTTOBahnjcnnRihAA,http://www.youtube.com/channel/UCeZ_GliTTOBahnjcnnRihAA,seanzoz
UCeZe82WbZ7VL9meqWli6qxg,http://www.youtube.com/channel/UCeZe82WbZ7VL9meqWli6qxg,Ellie_Minibot
UCe_Fx4EZAgKjDz0aQ_Y7hSA,http://www.youtube.com/channel/UCe_Fx4EZAgKjDz0aQ_Y7hSA,Got Talent Global
UCe_KsSqdrwi8uEHUXoDkF-g,http://www.youtube.com/channel/UCe_KsSqdrwi8uEHUXoDkF-g,Gatton
UCe__YZeLb0S_2YHf3t39STQ,http://www.youtube.com/channel/UCe__YZeLb0S_2YHf3t39STQ,WWTBAMclassics
UCebhACJT2AiA5KwVgStFj0w,http://www.youtube.com/channel/UCebhACJT2AiA5KwVgStFj0w,Wiggle Pig
UCebqwr0zypt71hhFW9XcRDg,http://www.youtube.com/channel/UCebqwr0zypt71hhFW9XcRDg,A Toyota Vehicle
UCecixrfmevB0n4kenHTthNg,http://www.youtube.com/channel/UCecixrfmevB0n4kenHTthNg,aku
UCedVYoeprJX3KEUnU2Amaxw,http://www.youtube.com/channel/UCedVYoeprJX3KEUnU2Amaxw,Hydroxyl
UCeeFfhMcJa1kjtfZAGskOCA,http://www.youtube.com/channel/UCeeFfhMcJa1kjtfZAGskOCA,TechLinked
UCeeHYKSxJPk0Hv2v-LLTdmg,http://www.youtube.com/channel/UCeeHYKSxJPk0Hv2v-LLTdmg,Oscar Owen Magic
UCefAbzsWZE4uXU-mqQMrr4Q,http://www.youtube.com/channel/UCefAbzsWZE4uXU-mqQMrr4Q,The Retro Future
UCegSM4eTvXqXylcPQ2SDezw,http://www.youtube.com/channel/UCegSM4eTvXqXylcPQ2SDezw,CDCB2
UCehBVAPy-bxmnbNARF-_tvA,http://www.youtube.com/channel/UCehBVAPy-bxmnbNARF-_tvA,More Perfect Union
UCeiV3e6Zhppi-oOSfiZo_nA,http://www.youtube.com/channel/UCeiV3e6Zhppi-oOSfiZo_nA,Challacade
UCeiYXex_fwgYDonaTcSIk6w,http://www.youtube.com/channel/UCeiYXex_fwgYDonaTcSIk6w,MinuteEarth
UCej5qxqPTP8hYpbnCqgQ3DQ,http://www.youtube.com/channel/UCej5qxqPTP8hYpbnCqgQ3DQ,georg240p
UCejhNEUedzO7bbk9Loakx0A,http://www.youtube.com/channel/UCejhNEUedzO7bbk9Loakx0A,Jaiden Clips - (JonNario)
UCek1252HDes6MGVBiPqTxZw,http://www.youtube.com/channel/UCek1252HDes6MGVBiPqTxZw,Killer Carp
UCek3v5gGjTi7GPEt4N2i29A,http://www.youtube.com/channel/UCek3v5gGjTi7GPEt4N2i29A,Hannah Grae
UCekCXReLkfmc6l6n474IHvg,http://www.youtube.com/channel/UCekCXReLkfmc6l6n474IHvg,コロッケ砕砕
UCekGtgcUS0mLT9OUIYS-7AQ,http://www.youtube.com/channel/UCekGtgcUS0mLT9OUIYS-7AQ,BodyGuard44
UCekYgu4qTiqVtLcxgBbhjnw,http://www.youtube.com/channel/UCekYgu4qTiqVtLcxgBbhjnw,Vought International
UCekZuG--oF4SI6v3nw0n8Sg,http://www.youtube.com/channel/UCekZuG--oF4SI6v3nw0n8Sg,DizzleDeezle
UCekxpV9klWHVdRg6CIWOblQ,http://www.youtube.com/channel/UCekxpV9klWHVdRg6CIWOblQ,Xavon
UCemWekfKUharVxYCxOJHbiQ,http://www.youtube.com/channel/UCemWekfKUharVxYCxOJHbiQ,Dzeeff
UCeoA2D8cqTH39Ms0XJUxn6A,http://www.youtube.com/channel/UCeoA2D8cqTH39Ms0XJUxn6A,不高兴的sai
UCeoUOrfH0femG0gAnBZe1MA,http://www.youtube.com/channel/UCeoUOrfH0femG0gAnBZe1MA,RedJet99
UCepqniSCWmPyTXqsMYMDriQ,http://www.youtube.com/channel/UCepqniSCWmPyTXqsMYMDriQ,KingPotassium
UCerEIdrEW-IqwvlH8lTQUJQ,http://www.youtube.com/channel/UCerEIdrEW-IqwvlH8lTQUJQ,Tech Tangents
UCerUsNKAMMrUne5GHNvpeQQ,http://www.youtube.com/channel/UCerUsNKAMMrUne5GHNvpeQQ,なんでも服にする人
UCeuSjTubicYhzetg56oVeyA,http://www.youtube.com/channel/UCeuSjTubicYhzetg56oVeyA,zoi
UCeuaJ_07ukQvQSuku2a2gyQ,http://www.youtube.com/channel/UCeuaJ_07ukQvQSuku2a2gyQ,Stray
UCeuqTclPonrhOflE9bc2Jjw,http://www.youtube.com/channel/UCeuqTclPonrhOflE9bc2Jjw,AGC ANDY
UCevPX0DXUiKmgH8o19NrE5w,http://www.youtube.com/channel/UCevPX0DXUiKmgH8o19NrE5w,株式会社インフィニット
UCevooVV0xnDZXZMvTw_dyVA,http://www.youtube.com/channel/UCevooVV0xnDZXZMvTw_dyVA,laVashik Productions
UCewMTclBJZPaNEfbf-qYMGA,http://www.youtube.com/channel/UCewMTclBJZPaNEfbf-qYMGA,JackSucksAtLife
UCewRd9_Bl7p27h_G9skE5mw,http://www.youtube.com/channel/UCewRd9_Bl7p27h_G9skE5mw,Wolfie
UCewg2tYzQLkyKv-6FSbJtfg,http://www.youtube.com/channel/UCewg2tYzQLkyKv-6FSbJtfg,MinuteMinis
UCexzh-53f8kVdIEOONKY8Uw,http://www.youtube.com/channel/UCexzh-53f8kVdIEOONKY8Uw,Toby&Candy Family
UCeyyk9yemyyjHNvzuDMSC9w,http://www.youtube.com/channel/UCeyyk9yemyyjHNvzuDMSC9w,eggwick
UCezI8brj0m6vOsP7pfCcBaw,http://www.youtube.com/channel/UCezI8brj0m6vOsP7pfCcBaw,TheGremlinJack
UCezOhPRojzE_Du7XQodCKxQ,http://www.youtube.com/channel/UCezOhPRojzE_Du7XQodCKxQ,Ziroth
UCf-iMxgocwryYh_KA4poIew,http://www.youtube.com/channel/UCf-iMxgocwryYh_KA4poIew,Xander
UCf-vV5woXPFpkvZKwooWoyw,http://www.youtube.com/channel/UCf-vV5woXPFpkvZKwooWoyw,WirtualTV
UCf-z09Umbl8I21CwMpTLoyQ,http://www.youtube.com/channel/UCf-z09Umbl8I21CwMpTLoyQ,Jacob R
UCf04bnvV0TJ3hztc8F811WQ,http://www.youtube.com/channel/UCf04bnvV0TJ3hztc8F811WQ,ppchan
UCf1CzoOT_7suxrlKw9tKlxA,http://www.youtube.com/channel/UCf1CzoOT_7suxrlKw9tKlxA,yoon
UCf1veJMNdEpAzU_smBkkguA,http://www.youtube.com/channel/UCf1veJMNdEpAzU_smBkkguA,tantthetank
UCf25SjwCczY5rp4q2VTIZpg,http://www.youtube.com/channel/UCf25SjwCczY5rp4q2VTIZpg,FakeTerms
UCf2PB4w6M3co9GxQKTOvQMA,http://www.youtube.com/channel/UCf2PB4w6M3co9GxQKTOvQMA,Studio MDHR
UCf3PDb_Ty9XO49sELeJ_XIQ,http://www.youtube.com/channel/UCf3PDb_Ty9XO49sELeJ_XIQ,sketchek
UCf3SpupfoGnXEpgaGRGPbqg,http://www.youtube.com/channel/UCf3SpupfoGnXEpgaGRGPbqg,Josh Horowitz
UCf3kwhq3S43ipiUYwfGV_bw,http://www.youtube.com/channel/UCf3kwhq3S43ipiUYwfGV_bw,Jon Dretto
UCf4KqUuSf4mSfr7vnCdz4Zw,http://www.youtube.com/channel/UCf4KqUuSf4mSfr7vnCdz4Zw,Glimz
UCf4yMFg5czSU5cuerkmYc6g,http://www.youtube.com/channel/UCf4yMFg5czSU5cuerkmYc6g,CS2 CENTRAL
UCf5CjDJvsFvtVIhkfmKAwAA,http://www.youtube.com/channel/UCf5CjDJvsFvtVIhkfmKAwAA,Amazon MGM Studios
UCf5POn4NNKIIGmXOu6qhbsQ,http://www.youtube.com/channel/UCf5POn4NNKIIGmXOu6qhbsQ,Inside A Mind
UCf5TJfOAgUFm-5afjnpBZBw,http://www.youtube.com/channel/UCf5TJfOAgUFm-5afjnpBZBw,lasse jonas lund
UCf5aFE2H-7LT-wfJgHSt_Ww,http://www.youtube.com/channel/UCf5aFE2H-7LT-wfJgHSt_Ww,Kira Kira
UCf6J9yokPS0ys456jvjLBGQ,http://www.youtube.com/channel/UCf6J9yokPS0ys456jvjLBGQ,Honest Game Trailers
UCf7TmPORa7Kq9SLabiAtWww,http://www.youtube.com/channel/UCf7TmPORa7Kq9SLabiAtWww,poly
UCf7k_CRPu1ufFYXBCPHEt4g,http://www.youtube.com/channel/UCf7k_CRPu1ufFYXBCPHEt4g,1 Minute Talk Show
UCf8c5sicLVaB0QE36sGNhrw,http://www.youtube.com/channel/UCf8c5sicLVaB0QE36sGNhrw,Ywuria
UCf91klD5wumE_-VdNWU2yJA,http://www.youtube.com/channel/UCf91klD5wumE_-VdNWU2yJA,James-Money
UCf9gtIJOT9In-grASWtxd0w,http://www.youtube.com/channel/UCf9gtIJOT9In-grASWtxd0w,Kevin SooExtra!
UCfAOh2t5DpxVrgS9NQKjC7A,http://www.youtube.com/channel/UCfAOh2t5DpxVrgS9NQKjC7A,The Onion
UCfAdY5ge5f6vY5YpS5EAO9g,http://www.youtube.com/channel/UCfAdY5ge5f6vY5YpS5EAO9g,RISKshow
UCfAzkAvq2WixOxjW6fq1u9Q,http://www.youtube.com/channel/UCfAzkAvq2WixOxjW6fq1u9Q,Zeebles 🗝️
UCfB9IEEK0vis5-OImwOIUyQ,http://www.youtube.com/channel/UCfB9IEEK0vis5-OImwOIUyQ,InfernoPlus
UCfBLdldyxStkLfACw2Zqoaw,http://www.youtube.com/channel/UCfBLdldyxStkLfACw2Zqoaw,Matthew McCleskey
UCfBruSN4OH8VZ99mS2sgKrQ,http://www.youtube.com/channel/UCfBruSN4OH8VZ99mS2sgKrQ,LemonskyRyan
UCfC-Y4VOJsRTFnecNEl0oag,http://www.youtube.com/channel/UCfC-Y4VOJsRTFnecNEl0oag,Saru Nezumi Clips Ch.
UCfCQLMC4L4oB0sUlYZhaYjQ,http://www.youtube.com/channel/UCfCQLMC4L4oB0sUlYZhaYjQ,Inkslasher
UCfEJv4R3Ycb-hRc7m9oyeOQ,http://www.youtube.com/channel/UCfEJv4R3Ycb-hRc7m9oyeOQ,darknetcs
UCfEalJW91FE9BDH9xUVDvvg,http://www.youtube.com/channel/UCfEalJW91FE9BDH9xUVDvvg,Chrissy
UCfFErsYDO1DvNzj1yrzrrHw,http://www.youtube.com/channel/UCfFErsYDO1DvNzj1yrzrrHw,Movies Flicker
UCfFaNaedw-hAGv4nHGHh22w,http://www.youtube.com/channel/UCfFaNaedw-hAGv4nHGHh22w,accessiblefunky
UCfG1yi310iSJwfnX0rpxhDQ,http://www.youtube.com/channel/UCfG1yi310iSJwfnX0rpxhDQ,smiley
UCfG9r2sFt3YSwJMbD8hUurw,http://www.youtube.com/channel/UCfG9r2sFt3YSwJMbD8hUurw,Drakami
UCfGAa7X3gpPCNxwfG2di66A,http://www.youtube.com/channel/UCfGAa7X3gpPCNxwfG2di66A,Maryna Aksenov
UCfHmyqCntYHQ81ZukNu66rg,http://www.youtube.com/channel/UCfHmyqCntYHQ81ZukNu66rg,Razbuten
UCfITAHFPUbFwCbMYrhMJJCw,http://www.youtube.com/channel/UCfITAHFPUbFwCbMYrhMJJCw,Dankmus
UCfJxmjbygyA5KEdzzZv6Pbw,http://www.youtube.com/channel/UCfJxmjbygyA5KEdzzZv6Pbw,Wizards with Guns
UCfKA1OFAOHIpL-s4DCaA8iw,http://www.youtube.com/channel/UCfKA1OFAOHIpL-s4DCaA8iw,ゆーり🍎🐥〔25〕
UCfKfRYxh4ubxDcXZ0cWkymg,http://www.youtube.com/channel/UCfKfRYxh4ubxDcXZ0cWkymg,Hatchmadeit
UCfKs3muLSkJxMLM0A5nscwA,http://www.youtube.com/channel/UCfKs3muLSkJxMLM0A5nscwA,SirWrender
UCfM3zsQsOnfWNUppiycmBuw,http://www.youtube.com/channel/UCfM3zsQsOnfWNUppiycmBuw,EminemMusic
UCfM9bjGou9Jurf3ydSkTkYA,http://www.youtube.com/channel/UCfM9bjGou9Jurf3ydSkTkYA,Bisquit-2
UCfMJ2MchTSW2kWaT0kK94Yw,http://www.youtube.com/channel/UCfMJ2MchTSW2kWaT0kK94Yw,William Osman
UCfMaA6FC0aKYXEWubmOW5Vw,http://www.youtube.com/channel/UCfMaA6FC0aKYXEWubmOW5Vw,PyXLL - Write Excel Add-Ins with Python and Java
UCfNBTw1r0akiaUSPw6SenYQ,http://www.youtube.com/channel/UCfNBTw1r0akiaUSPw6SenYQ,Riyon
UCfOrKQtC1tDfGf_fFVb8pYw,http://www.youtube.com/channel/UCfOrKQtC1tDfGf_fFVb8pYw,TronicsFix
UCfQgsKhHjSyRLOp9mnffqVg,http://www.youtube.com/channel/UCfQgsKhHjSyRLOp9mnffqVg,Renaissance Periodization
UCfR-4yZACIMRs3wNf0hel6g,http://www.youtube.com/channel/UCfR-4yZACIMRs3wNf0hel6g,Bijuu Mike
UCfRHsIsuUiOcFYiYpr4bqfQ,http://www.youtube.com/channel/UCfRHsIsuUiOcFYiYpr4bqfQ,Phantasmag
UCfRyQr2_Ky9JTnQdIulNwow,http://www.youtube.com/channel/UCfRyQr2_Ky9JTnQdIulNwow,CyberStuffXR
UCfS215V2-r70Ou4xpvbbx2Q,http://www.youtube.com/channel/UCfS215V2-r70Ou4xpvbbx2Q,Khakilocket
UCfU-Lpqh5ECdLzuAl2XJQ8w,http://www.youtube.com/channel/UCfU-Lpqh5ECdLzuAl2XJQ8w,W3B1
UCfWNZIJkm268rLO_yeRlcww,http://www.youtube.com/channel/UCfWNZIJkm268rLO_yeRlcww,Business Basics
UCfW_qx8-81big5ley492wXA,http://www.youtube.com/channel/UCfW_qx8-81big5ley492wXA,Shadows Glitch -0-
UCfWaxOLo4sdCXS-X63TXCVA,http://www.youtube.com/channel/UCfWaxOLo4sdCXS-X63TXCVA,Arnaud Roca
UCfX0jj4bjproL4e8TBo0ivA,http://www.youtube.com/channel/UCfX0jj4bjproL4e8TBo0ivA,Renash30
UCfXIJckiinUkYIM-TSpIaFw,http://www.youtube.com/channel/UCfXIJckiinUkYIM-TSpIaFw,Tony Ann
UCfYEdvKQekP7RiemXC0o92w,http://www.youtube.com/channel/UCfYEdvKQekP7RiemXC0o92w,Kyle Beats
UCfZE3QN9ZJuvwvAg7A0aTEA,http://www.youtube.com/channel/UCfZE3QN9ZJuvwvAg7A0aTEA,Deep Humor
UCfZK8r7uCZAI-MtOkd7EAXg,http://www.youtube.com/channel/UCfZK8r7uCZAI-MtOkd7EAXg,chai t. leaves!
UCfZkSqF-xkrHfthqSK4mesA,http://www.youtube.com/channel/UCfZkSqF-xkrHfthqSK4mesA,Plouffe's Perspective
UCf_u5jxmnZhv3DaNswhPoVA,http://www.youtube.com/channel/UCf_u5jxmnZhv3DaNswhPoVA,Urbanist Ariel
UCfaJNgrumOdK3uQtw4gDxtA,http://www.youtube.com/channel/UCfaJNgrumOdK3uQtw4gDxtA,The Horizon
UCfbJ398uxl76g8p3lAq6EvQ,http://www.youtube.com/channel/UCfbJ398uxl76g8p3lAq6EvQ,beetlebat
UCfbnTUxUech4P1XgYUwYuKA,http://www.youtube.com/channel/UCfbnTUxUech4P1XgYUwYuKA,Cold Ones
UCfcxY_xh3V6engDMFhxlqZA,http://www.youtube.com/channel/UCfcxY_xh3V6engDMFhxlqZA,Big Tugg
UCfdLRU02ubhIpmDIh7j9kHA,http://www.youtube.com/channel/UCfdLRU02ubhIpmDIh7j9kHA,Z3Cubing
UCfdxzjyfyXUhJJUDnTwDHoA,http://www.youtube.com/channel/UCfdxzjyfyXUhJJUDnTwDHoA,dajohn carter
UCfeonoaE60LpuJLlBidc5IA,http://www.youtube.com/channel/UCfeonoaE60LpuJLlBidc5IA,Reid Captain
UCfeppgcy70ERp4gQrsYijsg,http://www.youtube.com/channel/UCfeppgcy70ERp4gQrsYijsg,Middle 8
UCffCZhWRKiNeirye8kyfC3Q,http://www.youtube.com/channel/UCffCZhWRKiNeirye8kyfC3Q,Historigraph
UCffm3hnsGIoLbXmKc_9JLMw,http://www.youtube.com/channel/UCffm3hnsGIoLbXmKc_9JLMw,Slugma Guts
UCfguohQ13Uez5UWqJbZA5Qg,http://www.youtube.com/channel/UCfguohQ13Uez5UWqJbZA5Qg,Cam Steady
UCfih7EK-kgSboIFpqMyk1cA,http://www.youtube.com/channel/UCfih7EK-kgSboIFpqMyk1cA,Kolj
UCfj3uFWa9QzZ_SgQdArsjYA,http://www.youtube.com/channel/UCfj3uFWa9QzZ_SgQdArsjYA,Jeremy_House236
UCfjKuTPOyN_qSTGcOYcoXeg,http://www.youtube.com/channel/UCfjKuTPOyN_qSTGcOYcoXeg,Benjamin Gorman
UCfjL5gRMi62CAdfYOfy91Ow,http://www.youtube.com/channel/UCfjL5gRMi62CAdfYOfy91Ow,kusam
UCfjswDVU0XHyBN7UFG0Mi5Q,http://www.youtube.com/channel/UCfjswDVU0XHyBN7UFG0Mi5Q,YanSculpts
UCfkpRl1dykCRyyspOB0hffQ,http://www.youtube.com/channel/UCfkpRl1dykCRyyspOB0hffQ,Better Sax
UCfl1loFRgmPmmZmAIcz822g,http://www.youtube.com/channel/UCfl1loFRgmPmmZmAIcz822g,Daggz
UCflPux62TDLc_SiRsLZYIGA,http://www.youtube.com/channel/UCflPux62TDLc_SiRsLZYIGA,Jesse Velosa
UCflpy-GNxlahbdRdN5CRUsA,http://www.youtube.com/channel/UCflpy-GNxlahbdRdN5CRUsA,LADbible Shorts
UCfoUjPiZhW1z3d5XLJ4fB4Q,http://www.youtube.com/channel/UCfoUjPiZhW1z3d5XLJ4fB4Q,Mossy
UCfolKsRdIpJxJ15eRdXdSeg,http://www.youtube.com/channel/UCfolKsRdIpJxJ15eRdXdSeg,CustomName
UCfpM3IBAXN-ifQp-uxb5giQ,http://www.youtube.com/channel/UCfpM3IBAXN-ifQp-uxb5giQ,Blacktail Studio Uncut
UCfphp1mnB7Br-OCr21Nd7mg,http://www.youtube.com/channel/UCfphp1mnB7Br-OCr21Nd7mg,Sit Back and Minecraft
UCfqI85emuzd4Aul_lWOzbfg,http://www.youtube.com/channel/UCfqI85emuzd4Aul_lWOzbfg,CobbleStun
UCfqa4f4FEbMur0C8YBr3V2g,http://www.youtube.com/channel/UCfqa4f4FEbMur0C8YBr3V2g,BLACKn Hm  🅥
UCfra6xSWtmzVH4vWguh4o0g,http://www.youtube.com/channel/UCfra6xSWtmzVH4vWguh4o0g,Charlie's Café
UCfsHdCYo3AgLS3YzriZMRuA,http://www.youtube.com/channel/UCfsHdCYo3AgLS3YzriZMRuA,Wheatley
UCfsLdzryl0Jj__8UhU8nNyg,http://www.youtube.com/channel/UCfsLdzryl0Jj__8UhU8nNyg,Project Capture: A Portal 2 Mod
UCfsV3FguvnnrOijTzcH6heA,http://www.youtube.com/channel/UCfsV3FguvnnrOijTzcH6heA,TrendCrave
UCftm4VNxngya7wjl_ZtLMPw,http://www.youtube.com/channel/UCftm4VNxngya7wjl_ZtLMPw,Pupsi
UCftwRNsjfRo08xYE31tkiyw,http://www.youtube.com/channel/UCftwRNsjfRo08xYE31tkiyw,WIRED
UCfuJFGU-2DyQNFmmI0OQbNg,http://www.youtube.com/channel/UCfuJFGU-2DyQNFmmI0OQbNg,Mason Barber
UCfv1B_6SYzvePjW-4p9YG9g,http://www.youtube.com/channel/UCfv1B_6SYzvePjW-4p9YG9g,Ragtime Rev
UCfvwpfkcMp4UNvBtYsjLdwg,http://www.youtube.com/channel/UCfvwpfkcMp4UNvBtYsjLdwg,Colonel Fanzipantzen
UCfw2hvuj40AChU7n-N-PRHA,http://www.youtube.com/channel/UCfw2hvuj40AChU7n-N-PRHA,Apple Explained
UCfwE_ODI1YTbdjkzuSi1Nag,http://www.youtube.com/channel/UCfwE_ODI1YTbdjkzuSi1Nag,TheQuartering
UCfxcSyekPTFY-WJ00CuNv_w,http://www.youtube.com/channel/UCfxcSyekPTFY-WJ00CuNv_w,Sam Reich
UCfyehHM_eo4g5JUyWmms2LA,http://www.youtube.com/channel/UCfyehHM_eo4g5JUyWmms2LA,Sorted Food
UCfz131bZDj6PL3YBbLqgSSg,http://www.youtube.com/channel/UCfz131bZDj6PL3YBbLqgSSg,LED
UCg-5I4KD3L2zBTTbFKid91w,http://www.youtube.com/channel/UCg-5I4KD3L2zBTTbFKid91w,Virtuals Translated
UCg-HvGLsfJ-7P_f9kUuWuiQ,http://www.youtube.com/channel/UCg-HvGLsfJ-7P_f9kUuWuiQ,Shubble
UCg02KL1G0nmH0QzFuLsVoRQ,http://www.youtube.com/channel/UCg02KL1G0nmH0QzFuLsVoRQ,Vtube Tengoku
UCg0FSqPeiGD_lIiPaaAehQg,http://www.youtube.com/channel/UCg0FSqPeiGD_lIiPaaAehQg,Valve
UCg0_9roN7QYzFNLjVSD5Z1Q,http://www.youtube.com/channel/UCg0_9roN7QYzFNLjVSD5Z1Q,Luke's Goldies
UCg0q8pbwhjCLzMVDUYVYUxw,http://www.youtube.com/channel/UCg0q8pbwhjCLzMVDUYVYUxw,The Mystorian
UCg1853WOaUZ6vnacabMCPzw,http://www.youtube.com/channel/UCg1853WOaUZ6vnacabMCPzw,Yukari
UCg1DBUGcrj4csJVOgQA83Kg,http://www.youtube.com/channel/UCg1DBUGcrj4csJVOgQA83Kg,NitenTeria
UCg4FVjBRgvpUwCZS6Yi_yhw,http://www.youtube.com/channel/UCg4FVjBRgvpUwCZS6Yi_yhw,Kro
UCg4Sw-Ro5oaLO37k62vnJuQ,http://www.youtube.com/channel/UCg4Sw-Ro5oaLO37k62vnJuQ,AmtrakGuy365
UCg4vDcovXPJTcTcYxQ9iCrw,http://www.youtube.com/channel/UCg4vDcovXPJTcTcYxQ9iCrw,wavywebsurf
UCg5tgIQRDp-cOB5-lrm0X8g,http://www.youtube.com/channel/UCg5tgIQRDp-cOB5-lrm0X8g,Tsaava
UCg6_NoBjr2iZUe3Y01jWPJw,http://www.youtube.com/channel/UCg6_NoBjr2iZUe3Y01jWPJw,Casually Hardcore
UCg7wt6ilJx-Ja0wPY5AdllA,http://www.youtube.com/channel/UCg7wt6ilJx-Ja0wPY5AdllA,Pangy Animations
UCg8R72OCfSoq3Df7E-0jPbw,http://www.youtube.com/channel/UCg8R72OCfSoq3Df7E-0jPbw,TheBassBucket
UCg8Xrc81Cf9OIl-a83cHa7Q,http://www.youtube.com/channel/UCg8Xrc81Cf9OIl-a83cHa7Q,sockrteez
UCg8xaLuLPSqDki04Ulo2ywg,http://www.youtube.com/channel/UCg8xaLuLPSqDki04Ulo2ywg,Louaista
UCg9_oOwF7oa9AQXtc2Uw-Lg,http://www.youtube.com/channel/UCg9_oOwF7oa9AQXtc2Uw-Lg,FEX band
UCgBN6eQyZPnsApiL1QW44Hg,http://www.youtube.com/channel/UCgBN6eQyZPnsApiL1QW44Hg,Christina Aguilera
UCgBg0aacyJnw4qUnb1FlfEQ,http://www.youtube.com/channel/UCgBg0aacyJnw4qUnb1FlfEQ,Institute of Human Anatomy
UCgCezP1ThHMANeuHtnf1Euw,http://www.youtube.com/channel/UCgCezP1ThHMANeuHtnf1Euw,Ardens
UCgF7nAJ85yIopVHSheUaYsw,http://www.youtube.com/channel/UCgF7nAJ85yIopVHSheUaYsw,猫魔しろあ / Nekoma Shiroa
UCgFP46yVT-GG4o1TgXn-04Q,http://www.youtube.com/channel/UCgFP46yVT-GG4o1TgXn-04Q,China Uncensored
UCgFvT6pUq9HLOvKBYERzXSQ,http://www.youtube.com/channel/UCgFvT6pUq9HLOvKBYERzXSQ,Davie504
UCgGyN4DSZ6mrcw0ARHikzYw,http://www.youtube.com/channel/UCgGyN4DSZ6mrcw0ARHikzYw,ProfessorBiggy
UCgHm3qONU9Q7fe4QmJB8m7g,http://www.youtube.com/channel/UCgHm3qONU9Q7fe4QmJB8m7g,Kamoka Pearl
UCgIIsBhcseFH1Kghmo0ULbA,http://www.youtube.com/channel/UCgIIsBhcseFH1Kghmo0ULbA,Wikipedia
UCgITW_70LNZFkNna7VsXbuQ,http://www.youtube.com/channel/UCgITW_70LNZFkNna7VsXbuQ,Peter Hollens
UCgJDF_YFOdS6a8zjDiz6MVQ,http://www.youtube.com/channel/UCgJDF_YFOdS6a8zjDiz6MVQ,"sun, sky, flowers"
UCgJt-_7cF3SC53p3_q20Hmg,http://www.youtube.com/channel/UCgJt-_7cF3SC53p3_q20Hmg,Rowan Fortier +
UCgKTJAN-IrVyX-jIJ5INEhA,http://www.youtube.com/channel/UCgKTJAN-IrVyX-jIJ5INEhA,Chris Hansen
UCgL45S6H1dddWjiQYLVWZEg,http://www.youtube.com/channel/UCgL45S6H1dddWjiQYLVWZEg,Mark Sommerville
UCgM38ZANL3rpWW9WdfIQjqQ,http://www.youtube.com/channel/UCgM38ZANL3rpWW9WdfIQjqQ,ruben's media archives
UCgNg3vwj3xt7QOrcIDaHdFg,http://www.youtube.com/channel/UCgNg3vwj3xt7QOrcIDaHdFg,PolyMatter
UCgP8nKEjh-6bfWfj_w4U83g,http://www.youtube.com/channel/UCgP8nKEjh-6bfWfj_w4U83g,DomiStyle
UCgPClNr5VSYC3syrDUIlzLw,http://www.youtube.com/channel/UCgPClNr5VSYC3syrDUIlzLw,Adult Swim
UCgQ7Amr6fvCJyVlCwEi1bLw,http://www.youtube.com/channel/UCgQ7Amr6fvCJyVlCwEi1bLw,Spectacles
UCgQIHazUQdXEwDlN3It4XLw,http://www.youtube.com/channel/UCgQIHazUQdXEwDlN3It4XLw,Eastshade Studios
UCgQKcIWi469VUwELLW1rGcg,http://www.youtube.com/channel/UCgQKcIWi469VUwELLW1rGcg,Hero of Sinnoh
UCgQZHyd64SKIYIspc4Rrhew,http://www.youtube.com/channel/UCgQZHyd64SKIYIspc4Rrhew,Blue Lobster
UCgRhvJsaM13emRax3rSbRKQ,http://www.youtube.com/channel/UCgRhvJsaM13emRax3rSbRKQ,Great Blue
UCgSReqF50_5s5zYceLutJnQ,http://www.youtube.com/channel/UCgSReqF50_5s5zYceLutJnQ,Vanegood
UCgSmBJD9imASmJRleycTCwQ,http://www.youtube.com/channel/UCgSmBJD9imASmJRleycTCwQ,Sir Read It
UCgStIqFrRlX59Lzhf217sqg,http://www.youtube.com/channel/UCgStIqFrRlX59Lzhf217sqg,TheProGamerJay
UCgTaH6nm8sby0hpb2DSKNhg,http://www.youtube.com/channel/UCgTaH6nm8sby0hpb2DSKNhg,Boffy
UCgTuCdBA3nVxjaQa7SvK91Q,http://www.youtube.com/channel/UCgTuCdBA3nVxjaQa7SvK91Q,</LQ>
UCgTwDEhlg2aDLm_8MpN07-w,http://www.youtube.com/channel/UCgTwDEhlg2aDLm_8MpN07-w,BITSide - Jerry
UCgV-hgprraRb071mumQFw2g,http://www.youtube.com/channel/UCgV-hgprraRb071mumQFw2g,THE MERKINS
UCgWRHwKpfFffxeb_qpVyn9Q,http://www.youtube.com/channel/UCgWRHwKpfFffxeb_qpVyn9Q,Movie Logic
UCgX9My377M927Cd5mDtKW4A,http://www.youtube.com/channel/UCgX9My377M927Cd5mDtKW4A,Synthou
UCgYrtv52AO-otSZpUjmdqbQ,http://www.youtube.com/channel/UCgYrtv52AO-otSZpUjmdqbQ,PremierTwo
UCgYz10I32uQn2kD4bfD6WMQ,http://www.youtube.com/channel/UCgYz10I32uQn2kD4bfD6WMQ,PinkSheep
UCga8WnegfmcEn8E8nA_mkGw,http://www.youtube.com/channel/UCga8WnegfmcEn8E8nA_mkGw,Jessie101
UCgaPRP68bbyHnfkPhWWBrNw,http://www.youtube.com/channel/UCgaPRP68bbyHnfkPhWWBrNw,PC Gamer
UCgadQVyXotSTIsk3nWXmnXw,http://www.youtube.com/channel/UCgadQVyXotSTIsk3nWXmnXw,ZedarSMP
UCgaeQx25JtJaDdrE22Ty0Tw,http://www.youtube.com/channel/UCgaeQx25JtJaDdrE22Ty0Tw,bingo__
UCgb-6uK5Ge_qgxXqZrU3IPg,http://www.youtube.com/channel/UCgb-6uK5Ge_qgxXqZrU3IPg,Shironeko Labs
UCgb5Cb71XvKXT5V1d2ORVmg,http://www.youtube.com/channel/UCgb5Cb71XvKXT5V1d2ORVmg,Tell It Animated
UCgbbUstD8dEa8K0wdUnTORg,http://www.youtube.com/channel/UCgbbUstD8dEa8K0wdUnTORg,The Knights Of The Picnic Table
UCgc4xqIMDoiP4KOTFS21TJA,http://www.youtube.com/channel/UCgc4xqIMDoiP4KOTFS21TJA,Mega64
UCgcALy35WGT4bgDp_F4AbKQ,http://www.youtube.com/channel/UCgcALy35WGT4bgDp_F4AbKQ,Diives
UCgeS8pm9lP1RCT9K_1OyTTA,http://www.youtube.com/channel/UCgeS8pm9lP1RCT9K_1OyTTA,LW Capybara
UCgfe2ooZD3VJPB6aJAnuQng,http://www.youtube.com/channel/UCgfe2ooZD3VJPB6aJAnuQng,bycloud
UCgg3cI0I47-vHOi5vqkoPww,http://www.youtube.com/channel/UCgg3cI0I47-vHOi5vqkoPww,WoodyLing
UCggHsHce2n3vvbJf_8YKrMA,http://www.youtube.com/channel/UCggHsHce2n3vvbJf_8YKrMA,Nerdforge
UCggNA4H83bsC3NAmqczZCGg,http://www.youtube.com/channel/UCggNA4H83bsC3NAmqczZCGg,Dunna Did It
UCghQxkPc1nuBGINekYcAegg,http://www.youtube.com/channel/UCghQxkPc1nuBGINekYcAegg,Casually Overcomplicated
UCghUFgW-JXE1FiZKKdcMpfw,http://www.youtube.com/channel/UCghUFgW-JXE1FiZKKdcMpfw,Windowsy
UCgi6FJCqXXPxzBO1k1AjCvQ,http://www.youtube.com/channel/UCgi6FJCqXXPxzBO1k1AjCvQ,mediolekirk
UCgiz5akRFYpqhxIImKoYR2Q,http://www.youtube.com/channel/UCgiz5akRFYpqhxIImKoYR2Q,Lubcubs
UCgjwQeyPyC3BTb0XrBLXIBw,http://www.youtube.com/channel/UCgjwQeyPyC3BTb0XrBLXIBw,Lea Rebibo
UCglYq701IltaH0Fk-z3UsSA,http://www.youtube.com/channel/UCglYq701IltaH0Fk-z3UsSA,Top5Central
UCgm5K42ZzULcqy3enBPip8g,http://www.youtube.com/channel/UCgm5K42ZzULcqy3enBPip8g,Jones Brothers
UCgmu30HaYVpa6aiKySHCz2w,http://www.youtube.com/channel/UCgmu30HaYVpa6aiKySHCz2w,Just1n
UCgnSuUx2jlBP9PvQP6fUzKA,http://www.youtube.com/channel/UCgnSuUx2jlBP9PvQP6fUzKA,TinyTurtle
UCgoS5lbUmXfbfvYX3yEFUYA,http://www.youtube.com/channel/UCgoS5lbUmXfbfvYX3yEFUYA,Spacious Boundary
UCgpGbh7d0X3-RBVYC4MQEEw,http://www.youtube.com/channel/UCgpGbh7d0X3-RBVYC4MQEEw,Isto Inc.
UCgpMZXjo2rbt5YtaorTw_EA,http://www.youtube.com/channel/UCgpMZXjo2rbt5YtaorTw_EA,Kito Senpai
UCgpRORu9JQFC_jtQeQ99hBA,http://www.youtube.com/channel/UCgpRORu9JQFC_jtQeQ99hBA,OTK
UCgqt1RE0k0MIr0LoyJRy2lg,http://www.youtube.com/channel/UCgqt1RE0k0MIr0LoyJRy2lg,Rational Animations
UCgsbIMqZU2J5CtCyk9HHgDQ,http://www.youtube.com/channel/UCgsbIMqZU2J5CtCyk9HHgDQ,Evelyn
UCgslusLT79cE4UpWYj4rgfQ,http://www.youtube.com/channel/UCgslusLT79cE4UpWYj4rgfQ,Alysa Liu
UCgsm4uYTMkRzDUq5YK216og,http://www.youtube.com/channel/UCgsm4uYTMkRzDUq5YK216og,MediocreMiltonTV
UCgtc4BwFJXyYzjGKph6gFtQ,http://www.youtube.com/channel/UCgtc4BwFJXyYzjGKph6gFtQ,Giwi
UCgurmV2nVq_1DUb2pvGOKmg,http://www.youtube.com/channel/UCgurmV2nVq_1DUb2pvGOKmg,The Jonathan Ross Show
UCgv4dPk_qZNAbUW9WkuLPSA,http://www.youtube.com/channel/UCgv4dPk_qZNAbUW9WkuLPSA,Atrioc
UCgyqtNWZmIxTx3b6OxTSALw,http://www.youtube.com/channel/UCgyqtNWZmIxTx3b6OxTSALw,Android Authority
UCgzcHr9YA9QfXE8qfRZXNJw,http://www.youtube.com/channel/UCgzcHr9YA9QfXE8qfRZXNJw,Polritz
UCgzg_f5HC6EnY-9q5Px1Q-g,http://www.youtube.com/channel/UCgzg_f5HC6EnY-9q5Px1Q-g,Code Bullets Day Off
UCgzxry-lgsNIxWHUoPdWASw,http://www.youtube.com/channel/UCgzxry-lgsNIxWHUoPdWASw,Noble Clips
UCh-RWN6Wv3PQxdCH590bORA,http://www.youtube.com/channel/UCh-RWN6Wv3PQxdCH590bORA,John 8095
UCh-W5cTLc5sXxleeLdDmEJQ,http://www.youtube.com/channel/UCh-W5cTLc5sXxleeLdDmEJQ,Parlo
UCh0aSHWiVAQFRQQmJQX6SPw,http://www.youtube.com/channel/UCh0aSHWiVAQFRQQmJQX6SPw,j0ker
UCh0nhnxAGwpnU5MwImHsdQQ,http://www.youtube.com/channel/UCh0nhnxAGwpnU5MwImHsdQQ,RoboKast
UCh0yvaJQCVDou4uUie6Hpfw,http://www.youtube.com/channel/UCh0yvaJQCVDou4uUie6Hpfw,Spikecation  🎵
UCh1dhMid37Rv-mmv0Bay8Sg,http://www.youtube.com/channel/UCh1dhMid37Rv-mmv0Bay8Sg,Roako
UCh1zLfuN6F_X4eoNKCsyICA,http://www.youtube.com/channel/UCh1zLfuN6F_X4eoNKCsyICA,Yosh
UCh39lN7FQ3vG3EtPyvBf91w,http://www.youtube.com/channel/UCh39lN7FQ3vG3EtPyvBf91w,Type Ashton
UCh3mvs_719DAoOIZUKv1Q0Q,http://www.youtube.com/channel/UCh3mvs_719DAoOIZUKv1Q0Q,Full Squad Versus
UCh51UEDmdvvKy0DiN0SpVZg,http://www.youtube.com/channel/UCh51UEDmdvvKy0DiN0SpVZg,Fazbear Entertainment
UCh6FjK2ocTnqkvR8MiPmFpg,http://www.youtube.com/channel/UCh6FjK2ocTnqkvR8MiPmFpg,Infurness
UCh6Y9RAtqJSC7AcoFKZK-9w,http://www.youtube.com/channel/UCh6Y9RAtqJSC7AcoFKZK-9w,Mac Otakara
UCh79BwzUm-2RTTuueE6HBvA,http://www.youtube.com/channel/UCh79BwzUm-2RTTuueE6HBvA,Jiga Tech
UCh7EqOZt7EvO2osuKbIlpGg,http://www.youtube.com/channel/UCh7EqOZt7EvO2osuKbIlpGg,Lachlan
UCh8F-YqslSYlnpJzdZS8HzQ,http://www.youtube.com/channel/UCh8F-YqslSYlnpJzdZS8HzQ,Rocket Riley
UCh9y1HSLVkZJdk0MYznBraw,http://www.youtube.com/channel/UCh9y1HSLVkZJdk0MYznBraw,Jon Batiste
UChAkl5pWKT4W9texxLvvmoQ,http://www.youtube.com/channel/UChAkl5pWKT4W9texxLvvmoQ,Esteem Education Co.
UChBEBjRhNJEDu79qI_sgunA,http://www.youtube.com/channel/UChBEBjRhNJEDu79qI_sgunA,Ollie Heath - Rhythm Master Club
UChBMx_1FkSfAWghX8kudjDA,http://www.youtube.com/channel/UChBMx_1FkSfAWghX8kudjDA,keygen
UChC1v_hygX6P7XwfWkeRWGg,http://www.youtube.com/channel/UChC1v_hygX6P7XwfWkeRWGg,kalex
UChCBHudFoBnsF0O1flPXqiQ,http://www.youtube.com/channel/UChCBHudFoBnsF0O1flPXqiQ,Nick Pro
UChCBZ4rDM9XQpTCsPLGirBw,http://www.youtube.com/channel/UChCBZ4rDM9XQpTCsPLGirBw,Double Take
UChC_apOWk6MSl03byUiVZRQ,http://www.youtube.com/channel/UChC_apOWk6MSl03byUiVZRQ,Thomas Mulligan
UChCpp_ZZLnELv5oM_h1aC_g,http://www.youtube.com/channel/UChCpp_ZZLnELv5oM_h1aC_g,GraTech
UChEJh7omBrQ7CNcY1bN2xPg,http://www.youtube.com/channel/UChEJh7omBrQ7CNcY1bN2xPg,ファントムシータ
UChFmE1R8i2unrefvok0YCoQ,http://www.youtube.com/channel/UChFmE1R8i2unrefvok0YCoQ,Clark
UChFs0d8syPIK6x8q4C6BrJw,http://www.youtube.com/channel/UChFs0d8syPIK6x8q4C6BrJw,Nutshell Animations
UChFur_NwVSbUozOcF_F2kMg,http://www.youtube.com/channel/UChFur_NwVSbUozOcF_F2kMg,Mumbo Jumbo
UChGAql7I4IIYuF2UT0-YV4A,http://www.youtube.com/channel/UChGAql7I4IIYuF2UT0-YV4A,LOLIK
UChHOLu-_nqDx7DzRn-JfFYA,http://www.youtube.com/channel/UChHOLu-_nqDx7DzRn-JfFYA,太陽☂
UChHeFuhIjV4nauIr4_xgo5w,http://www.youtube.com/channel/UChHeFuhIjV4nauIr4_xgo5w,Pixel Playground
UChHxJaKDqH4bOs0pX3hkKnA,http://www.youtube.com/channel/UChHxJaKDqH4bOs0pX3hkKnA,Basically Homeless
UChI0q9a-ZcbZh7dAu_-J-hg,http://www.youtube.com/channel/UChI0q9a-ZcbZh7dAu_-J-hg,Upper Echelon
UChIh-0hvTYlwhqsdRWmtc7g,http://www.youtube.com/channel/UChIh-0hvTYlwhqsdRWmtc7g,xzippyzachx
UChIi7TxaLLZQpFTvWgNsvcQ,http://www.youtube.com/channel/UChIi7TxaLLZQpFTvWgNsvcQ,Wolfyxon
UChIs72whgZI9w6d6FhwGGHA,http://www.youtube.com/channel/UChIs72whgZI9w6d6FhwGGHA,Gamers Nexus
UChJaWdsCXAUzugwHwBHyoYw,http://www.youtube.com/channel/UChJaWdsCXAUzugwHwBHyoYw,uglyburger0
UChJpzaeIbBTVMOc2BVLk28g,http://www.youtube.com/channel/UChJpzaeIbBTVMOc2BVLk28g,nocturnal
UChK55Uhi8UEHlPMYBy_jgig,http://www.youtube.com/channel/UChK55Uhi8UEHlPMYBy_jgig,Wyatt Eiden
UChK8RPMTL9XbBYtMeDG5CEg,http://www.youtube.com/channel/UChK8RPMTL9XbBYtMeDG5CEg,Lofi Studio
UChKBL57ppLEUfHZhm8m_5AA,http://www.youtube.com/channel/UChKBL57ppLEUfHZhm8m_5AA,Danny_Bluejay
UChL4WU9YLlxXXNSwlzM1-7g,http://www.youtube.com/channel/UChL4WU9YLlxXXNSwlzM1-7g,SuperHorrorBro
UChLLLOV4NZ2BDhyA87QcUNw,http://www.youtube.com/channel/UChLLLOV4NZ2BDhyA87QcUNw,Freddy
UChLNLQ6r-aGrIFWo_1A9tKQ,http://www.youtube.com/channel/UChLNLQ6r-aGrIFWo_1A9tKQ,JACKSEPICYOUTUBECHANNELFULLOFFUNTIMESANDFUNHIRICKXHASNOTHINGONMEIAMTHESUPERIORCHANNELIHAVEMORECHARACTERSTHANALLOFJACKSYOUTUBECHANNELSCOMBINEDHAHAHAHAIHAVEMORECHARACTERSTHANJACKSUCKSATLIFEJACKSUCKSATSTUFFJACKMASSEYWELSHJACKSUCKSATGEOGRAPHYJACKSUCKSATCLIPSSAMSMELLSOFAPRICOTSJACKSUCKSATPOPUPPIRATEETCETCIMAGINETHISONAPLAYBUTTONJESUSCHRISTBTWPLEASESUBSCRIBETHANKYOUVERYMUCHHIRICKXxXxXX
UChMNrrFyBwL0nXUxk9pTH2g,http://www.youtube.com/channel/UChMNrrFyBwL0nXUxk9pTH2g,LWazzy
UChMatf99E1t20Dzb4hLwUBg,http://www.youtube.com/channel/UChMatf99E1t20Dzb4hLwUBg,Gen Parton-Shin // 辛 源
UChNMDQstHsVQGMlBAWDyBEg,http://www.youtube.com/channel/UChNMDQstHsVQGMlBAWDyBEg,Thee BlackBadger
UChNlJkmVBBmGVepjatKXSlQ,http://www.youtube.com/channel/UChNlJkmVBBmGVepjatKXSlQ,The Hick Critic
UChO008QtUI-uNX8xnWUNtCQ,http://www.youtube.com/channel/UChO008QtUI-uNX8xnWUNtCQ,cashmere
UChOHHgcRicce1YHm5gg7zaA,http://www.youtube.com/channel/UChOHHgcRicce1YHm5gg7zaA,colletiquette
UChQcpLLo3HFQ65fJhhG_WjQ,http://www.youtube.com/channel/UChQcpLLo3HFQ65fJhhG_WjQ,Big Will
UChQxrbcXcXjdmtV77VncYng,http://www.youtube.com/channel/UChQxrbcXcXjdmtV77VncYng,Nightfair
UChRFo9vcnuwvcz0DWTEaBNw,http://www.youtube.com/channel/UChRFo9vcnuwvcz0DWTEaBNw,Vex
UChRlaISXbl2gECFAmDzxgzg,http://www.youtube.com/channel/UChRlaISXbl2gECFAmDzxgzg,Westen Champlin
UChRxI4p6X8u7vCaRmpHK-rw,http://www.youtube.com/channel/UChRxI4p6X8u7vCaRmpHK-rw,Riloe
UChTAlPVI0Sepsa-g4AxbiYw,http://www.youtube.com/channel/UChTAlPVI0Sepsa-g4AxbiYw,DrDerpGamer
UChUTPprCaDQ9chkzNlqWjXA,http://www.youtube.com/channel/UChUTPprCaDQ9chkzNlqWjXA,zyye
UChWFR2m7eE3EGVCiUX0h04w,http://www.youtube.com/channel/UChWFR2m7eE3EGVCiUX0h04w,LlamaSticks
UChWwrAxt_F5np36b6DRqmdA,http://www.youtube.com/channel/UChWwrAxt_F5np36b6DRqmdA,indii
UChXKjLEzAB1K7EZQey7Fm1Q,http://www.youtube.com/channel/UChXKjLEzAB1K7EZQey7Fm1Q,Pokimane
UChXTEJ6RX8g7Hx_maTwfO3Q,http://www.youtube.com/channel/UChXTEJ6RX8g7Hx_maTwfO3Q,Adam777Warlock
UChXy5CNOtQzvg7Ao054-0HQ,http://www.youtube.com/channel/UChXy5CNOtQzvg7Ao054-0HQ,Smoshed by Ickyrus
UChYU73igK5wQhWAXPh3X8PA,http://www.youtube.com/channel/UChYU73igK5wQhWAXPh3X8PA,PhoneBuff
UCh__YhmGdnvPh5fSdF8DJnQ,http://www.youtube.com/channel/UCh__YhmGdnvPh5fSdF8DJnQ,TOWERofDOOM
UChaLuAEvpdmfGHpVt3rn4xg,http://www.youtube.com/channel/UChaLuAEvpdmfGHpVt3rn4xg,Alex Ojeda
UCha_bnG24aToGxTjHEE4WUw,http://www.youtube.com/channel/UCha_bnG24aToGxTjHEE4WUw,Bijou
UChagpdlC1jfNTqQc1dQ95OQ,http://www.youtube.com/channel/UChagpdlC1jfNTqQc1dQ95OQ,Debunked
UChc-m3saf8K2oJHDSsnsj_A,http://www.youtube.com/channel/UChc-m3saf8K2oJHDSsnsj_A,Elvis The Alien
UChc2Qww4qMUPAbw5MKUZyyg,http://www.youtube.com/channel/UChc2Qww4qMUPAbw5MKUZyyg,LogieHogieBear
UChcmd07Qpsl9AG58GeLnldQ,http://www.youtube.com/channel/UChcmd07Qpsl9AG58GeLnldQ,The Second Narrator Music
UCheky_SBEExtbK_T0onuDwg,http://www.youtube.com/channel/UCheky_SBEExtbK_T0onuDwg,AnnenMayKantereit
UChfTcl5XfdTUCjkfuro982Q,http://www.youtube.com/channel/UChfTcl5XfdTUCjkfuro982Q,That's Amazing Shorts
UChgAZxOWR0S3Q376oAodGjQ,http://www.youtube.com/channel/UChgAZxOWR0S3Q376oAodGjQ,NHRL
UChgPVLjqugDQpRLWvC7zzig,http://www.youtube.com/channel/UChgPVLjqugDQpRLWvC7zzig,ironmouse
UChgS6mZiuE8H3tccNo726lg,http://www.youtube.com/channel/UChgS6mZiuE8H3tccNo726lg,Bagel Mode
UChgv6Mb5thKE5bqQYCI7uug,http://www.youtube.com/channel/UChgv6Mb5thKE5bqQYCI7uug,Wherewithal
UChh0rmwGvToBd3owvN2vRMg,http://www.youtube.com/channel/UChh0rmwGvToBd3owvN2vRMg,TBA Studios
UChh7PmI-aW8ndsTVyvhSx1A,http://www.youtube.com/channel/UChh7PmI-aW8ndsTVyvhSx1A,Swatness
UChhJ-DMIa7g1SAWuixHNw0Q,http://www.youtube.com/channel/UChhJ-DMIa7g1SAWuixHNw0Q,Saul4Democracy
UChjkXrndridSj8jPeFJo1EA,http://www.youtube.com/channel/UChjkXrndridSj8jPeFJo1EA,Triforce Quartet
UChkq88I4Vp49E2tQ5-P84rQ,http://www.youtube.com/channel/UChkq88I4Vp49E2tQ5-P84rQ,ATLUS GAME MUSIC
UChl76B7zqfMcNzfMi9vJruw,http://www.youtube.com/channel/UChl76B7zqfMcNzfMi9vJruw,Mizkif
UChlmOgrxoBbgP7uhWFR9T1g,http://www.youtube.com/channel/UChlmOgrxoBbgP7uhWFR9T1g,e slater
UChmZ6QbxgHlmX3ISIHxIpQQ,http://www.youtube.com/channel/UChmZ6QbxgHlmX3ISIHxIpQQ,Steam
UChmsdOs9aVhnob31_szHwwQ,http://www.youtube.com/channel/UChmsdOs9aVhnob31_szHwwQ,Racoonhex AMV
UCho1qC4pInfwcgEYO8ZsGSA,http://www.youtube.com/channel/UCho1qC4pInfwcgEYO8ZsGSA,NinjaCole
UCho2Jp7zlL6hbxtQmMvwBTw,http://www.youtube.com/channel/UCho2Jp7zlL6hbxtQmMvwBTw,NWK
UChocPolzC5MyyMJkGSxD8pA,http://www.youtube.com/channel/UChocPolzC5MyyMJkGSxD8pA,woot7
UCholW9FU8n9pCE_3OK6t2Lw,http://www.youtube.com/channel/UCholW9FU8n9pCE_3OK6t2Lw,Ash Dykes
UChpFWeF84jA5JeV3YyIo3pQ,http://www.youtube.com/channel/UChpFWeF84jA5JeV3YyIo3pQ,CRM Jewelers
UChpKl3waLmccNeYH9LGYjUQ,http://www.youtube.com/channel/UChpKl3waLmccNeYH9LGYjUQ,Laufey
UChr-eEmD5euBB6oTwsXmsSA,http://www.youtube.com/channel/UChr-eEmD5euBB6oTwsXmsSA,Undercover Cop!
UChr3cv6lJeTev514wpfOBxg,http://www.youtube.com/channel/UChr3cv6lJeTev514wpfOBxg,Stanch
UChrNUqtacvSoxnC8qWmgfWw,http://www.youtube.com/channel/UChrNUqtacvSoxnC8qWmgfWw,Film Slate
UChrYe70o7NmDioL02PRVWVg,http://www.youtube.com/channel/UChrYe70o7NmDioL02PRVWVg,MattKC
UChratm8_g--6XGqSAz7KF8g,http://www.youtube.com/channel/UChratm8_g--6XGqSAz7KF8g,Weegeepie
UChsZoK99zy8VI1yLEXoJHdg,http://www.youtube.com/channel/UChsZoK99zy8VI1yLEXoJHdg,Metro Media House
UChtndnRwradpTnFZZbb1DEA,http://www.youtube.com/channel/UChtndnRwradpTnFZZbb1DEA,Pichupedia
UChwTFs3rYtFi-6ujmKtv-9Q,http://www.youtube.com/channel/UChwTFs3rYtFi-6ujmKtv-9Q,USAFacts
UChwXvv2jCO2taS-nHUHsk9g,http://www.youtube.com/channel/UChwXvv2jCO2taS-nHUHsk9g,Blissconnect
UChx_amn94HwwDIbDR0BSJwg,http://www.youtube.com/channel/UChx_amn94HwwDIbDR0BSJwg,Grim Cat Piano
UChzRJQ-MbpcIxFT5YLW1R9w,http://www.youtube.com/channel/UChzRJQ-MbpcIxFT5YLW1R9w,Juniper Dev
UCi-xN4ZB6e-0JcXzvBEomlw,http://www.youtube.com/channel/UCi-xN4ZB6e-0JcXzvBEomlw,Gaming Sound FX
UCi0702OkDEHmFRKBwKyXPpA,http://www.youtube.com/channel/UCi0702OkDEHmFRKBwKyXPpA,EZ MIL
UCi0vc_owx4rWEkV05XNVp4Q,http://www.youtube.com/channel/UCi0vc_owx4rWEkV05XNVp4Q,PlayStation Haven
UCi25ui2o4rPCkC1eyPP1DAQ,http://www.youtube.com/channel/UCi25ui2o4rPCkC1eyPP1DAQ,Leonard Cohen
UCi37K5Nrz9HlgNLsFBfhE-Q,http://www.youtube.com/channel/UCi37K5Nrz9HlgNLsFBfhE-Q,Muaxh03
UCi3GT08RqryJMN8sf6a-Rmg,http://www.youtube.com/channel/UCi3GT08RqryJMN8sf6a-Rmg,Mors Mutual Insurance
UCi67ij8SNFsKwXfn5t860_A,http://www.youtube.com/channel/UCi67ij8SNFsKwXfn5t860_A,𝗚𝗿𝗮𝗽𝗵𝘆
UCi7GJNg51C3jgmYTUwqoUXA,http://www.youtube.com/channel/UCi7GJNg51C3jgmYTUwqoUXA,Team Coco
UCi7oR4Sl6ZACfpOOt1Dzb1w,http://www.youtube.com/channel/UCi7oR4Sl6ZACfpOOt1Dzb1w,1s And 0s
UCi7wDE2ZTiR5QYYrUY5WhtA,http://www.youtube.com/channel/UCi7wDE2ZTiR5QYYrUY5WhtA,CarterPCs
UCi8FOyFu25d27RRFTIG6uLA,http://www.youtube.com/channel/UCi8FOyFu25d27RRFTIG6uLA,Jihuu Translation.
UCi9_1Lc6FOXnWpmce3mggvQ,http://www.youtube.com/channel/UCi9_1Lc6FOXnWpmce3mggvQ,Buster Scher
UCiASpmaSOZNhKJayXsxjJGQ,http://www.youtube.com/channel/UCiASpmaSOZNhKJayXsxjJGQ,Graeme ONeil
UCiAej2SO1sEdjj5S2RnbIhg,http://www.youtube.com/channel/UCiAej2SO1sEdjj5S2RnbIhg,seankingston
UCiBf1XxFH4yvuY2jHqVSEUg,http://www.youtube.com/channel/UCiBf1XxFH4yvuY2jHqVSEUg,LaLaLaLinaland - Playing having fun & learning
UCiC38Llz5e3qR6EaQAGlWvw,http://www.youtube.com/channel/UCiC38Llz5e3qR6EaQAGlWvw,NerdNest
UCiCRsLTuwyW2OFZYRDfOEVw,http://www.youtube.com/channel/UCiCRsLTuwyW2OFZYRDfOEVw,Kenzuax Games
UCiDJtJKMICpb9B1qf7qjEOA,http://www.youtube.com/channel/UCiDJtJKMICpb9B1qf7qjEOA,Adam Savage’s Tested
UCiDSgDrH4Vzhm2nCFNWTHSQ,http://www.youtube.com/channel/UCiDSgDrH4Vzhm2nCFNWTHSQ,halt
UCiEgXaHaV0Anb9MqK9MLB8Q,http://www.youtube.com/channel/UCiEgXaHaV0Anb9MqK9MLB8Q,Mar Mar
UCiGFu5PErgAg07tUHTLd7Xw,http://www.youtube.com/channel/UCiGFu5PErgAg07tUHTLd7Xw,Daily Dose Of Neuro&Vedal
UCiGIJDGCH2xeUPgp33U1_Fw,http://www.youtube.com/channel/UCiGIJDGCH2xeUPgp33U1_Fw,Furripino Enjoyer 😈🍬
UCiGm_E4ZwYSHV3bcW1pnSeQ,http://www.youtube.com/channel/UCiGm_E4ZwYSHV3bcW1pnSeQ,Billie Eilish
UCiI_jyH_0yttWG-m5fBYGmA,http://www.youtube.com/channel/UCiI_jyH_0yttWG-m5fBYGmA,TheLaughPlanet
UCiIhoHKPMHm0tpga58IBQNQ,http://www.youtube.com/channel/UCiIhoHKPMHm0tpga58IBQNQ,Payette Forward
UCiKNvzMjBFowg5Sj6pevymA,http://www.youtube.com/channel/UCiKNvzMjBFowg5Sj6pevymA,META PCs
UCiKkOWVuGQC6ATHPiCdZjYg,http://www.youtube.com/channel/UCiKkOWVuGQC6ATHPiCdZjYg,SpeedySnakey
UCiKnBZ3rSAhMzOKO4i1q3_Q,http://www.youtube.com/channel/UCiKnBZ3rSAhMzOKO4i1q3_Q,아이비메
UCiLD9i3O8tY5d-LyQ1GxsTQ,http://www.youtube.com/channel/UCiLD9i3O8tY5d-LyQ1GxsTQ,Alex Evett
UCiLXzfmM3rI3fCfrg71ySow,http://www.youtube.com/channel/UCiLXzfmM3rI3fCfrg71ySow,Madd Carl
UCiMhD4jzUqG-IgPzUmmytRQ,http://www.youtube.com/channel/UCiMhD4jzUqG-IgPzUmmytRQ,Queen Official
UCiMnl111vcGuR9CY-8tjB6g,http://www.youtube.com/channel/UCiMnl111vcGuR9CY-8tjB6g,Suwawako
UCiMxz108IEFwYsiYIp1ZvLw,http://www.youtube.com/channel/UCiMxz108IEFwYsiYIp1ZvLw,PixelzwithaZ
UCiNQdU1SwyOLUmnB9EoOusQ,http://www.youtube.com/channel/UCiNQdU1SwyOLUmnB9EoOusQ,OTK VODs
UCiO0K2xt5irIN6x13FNzYTg,http://www.youtube.com/channel/UCiO0K2xt5irIN6x13FNzYTg,Data Slayer
UCiOHZxa0mokZ3NFw96ipxfg,http://www.youtube.com/channel/UCiOHZxa0mokZ3NFw96ipxfg,LegacyOfKaiser
UCiOP8an4Jxpm0ZpIaJucF-g,http://www.youtube.com/channel/UCiOP8an4Jxpm0ZpIaJucF-g,bewky
UCiPEspA6rt1kftDhBKqqepg,http://www.youtube.com/channel/UCiPEspA6rt1kftDhBKqqepg,zacj
UCiPOf0-EgZYSHVylbW10dXQ,http://www.youtube.com/channel/UCiPOf0-EgZYSHVylbW10dXQ,scars
UCiPadODxSL70GE9JbkDICfA,http://www.youtube.com/channel/UCiPadODxSL70GE9JbkDICfA,Heyybobert
UCiRBOF3tkuev9Fg83NlvLeA,http://www.youtube.com/channel/UCiRBOF3tkuev9Fg83NlvLeA,Z 67
UCiRbCCTqrl51LQD0XYcD0jQ,http://www.youtube.com/channel/UCiRbCCTqrl51LQD0XYcD0jQ,Carnell Nichols
UCiSRGUXzzspGcZbjScE0g0Q,http://www.youtube.com/channel/UCiSRGUXzzspGcZbjScE0g0Q,PigCart
UCiSV_hDtIePjdY3cqJZiE8Q,http://www.youtube.com/channel/UCiSV_hDtIePjdY3cqJZiE8Q,Nerdstalgic Gaming
UCiSVf-UpLC9rRjAT1qRTW0g,http://www.youtube.com/channel/UCiSVf-UpLC9rRjAT1qRTW0g,Forge Labs
UCiSVflez5qi1cLwh6rg5Kyw,http://www.youtube.com/channel/UCiSVflez5qi1cLwh6rg5Kyw,ZoomZike
UCiSx0uc5XdIYgcfIPKotc-g,http://www.youtube.com/channel/UCiSx0uc5XdIYgcfIPKotc-g,RIF Podcast
UCiTdBmbtnvl7jBz99hXXDHA,http://www.youtube.com/channel/UCiTdBmbtnvl7jBz99hXXDHA,Bill Making Stuff
UCiTfB-A55Vq2fB610vaWJVA,http://www.youtube.com/channel/UCiTfB-A55Vq2fB610vaWJVA,Justin Y.
UCiU9butcSNYN_41J_BMlWsg,http://www.youtube.com/channel/UCiU9butcSNYN_41J_BMlWsg,Ryuusei
UCiUnPc7oiZ4wve3aJxO3PKw,http://www.youtube.com/channel/UCiUnPc7oiZ4wve3aJxO3PKw,Luke Muscat
UCiUonTXKC61yL8QRheqlB_w,http://www.youtube.com/channel/UCiUonTXKC61yL8QRheqlB_w,SemiBoii
UCiVJZlfcmWMUiXv5oywnDhQ,http://www.youtube.com/channel/UCiVJZlfcmWMUiXv5oywnDhQ,Wifies
UCiVQLmPxXRqpu6dQ2IWw0lQ,http://www.youtube.com/channel/UCiVQLmPxXRqpu6dQ2IWw0lQ,Jack Mancuso
UCiWsgUNiND0za5YWQQ2akrw,http://www.youtube.com/channel/UCiWsgUNiND0za5YWQQ2akrw,Hololive Clips
UCiY1mK0zm5RUX_dfQVsrSOQ,http://www.youtube.com/channel/UCiY1mK0zm5RUX_dfQVsrSOQ,Root Media
UCiYBPEsHhNl3RzjNwS-gCcw,http://www.youtube.com/channel/UCiYBPEsHhNl3RzjNwS-gCcw,zaterey
UCiYfZ518shnzSWLC_WTdY3g,http://www.youtube.com/channel/UCiYfZ518shnzSWLC_WTdY3g,PostEchoCorp
UCiYpKsB66LZsk7s4yhxJqlQ,http://www.youtube.com/channel/UCiYpKsB66LZsk7s4yhxJqlQ,SimpleFlips
UCiZ2z8F8ilr6SC7lOaxAQ4g,http://www.youtube.com/channel/UCiZ2z8F8ilr6SC7lOaxAQ4g,camman18
UCiZKQvmrtQzecByWmMg7fnw,http://www.youtube.com/channel/UCiZKQvmrtQzecByWmMg7fnw,Master Builder Alec 
UCiZP3P0KuO8GVfKTWBv3Cgg,http://www.youtube.com/channel/UCiZP3P0KuO8GVfKTWBv3Cgg,TravQue
UCiZZYObHX2T4SvEpBLYou8Q,http://www.youtube.com/channel/UCiZZYObHX2T4SvEpBLYou8Q,J&K Lovett
UCiaus0-lYZ5GNPhaneLb1XQ,http://www.youtube.com/channel/UCiaus0-lYZ5GNPhaneLb1XQ,Drake Stafford
UCibsT4vXPpOdmzjiRKeE4Lw,http://www.youtube.com/channel/UCibsT4vXPpOdmzjiRKeE4Lw,Geosquare
UCicNK1sERzATAnk3RpRH1dw,http://www.youtube.com/channel/UCicNK1sERzATAnk3RpRH1dw,Red Cocoon
UCiceQ96aHdwwve2vpCSbbNQ,http://www.youtube.com/channel/UCiceQ96aHdwwve2vpCSbbNQ,Allen Tsai
UCiczXOhGpvoQGhOL16EZiTg,http://www.youtube.com/channel/UCiczXOhGpvoQGhOL16EZiTg,CNC Kitchen
UCid-YbL-SIr4BKvbu260Mww,http://www.youtube.com/channel/UCid-YbL-SIr4BKvbu260Mww,King Recaps
UCidRRSBOQN1TQshzTmu9OMA,http://www.youtube.com/channel/UCidRRSBOQN1TQshzTmu9OMA,Loaded Dice
UCiddC5gi9pFZTHSNNII_AaA,http://www.youtube.com/channel/UCiddC5gi9pFZTHSNNII_AaA,Brett The Lorax
UCieyVBk-_BcU0Piw2wXst2w,http://www.youtube.com/channel/UCieyVBk-_BcU0Piw2wXst2w,Legofanatics 
UCigygyPkHm07o-wQvkET7Og,http://www.youtube.com/channel/UCigygyPkHm07o-wQvkET7Og,George Collier
UCihXhXRz8tj91hBptuSsQ0g,http://www.youtube.com/channel/UCihXhXRz8tj91hBptuSsQ0g,rosedoodle
UCihoMItujwjKu7z5iijtEQQ,http://www.youtube.com/channel/UCihoMItujwjKu7z5iijtEQQ,GiBi's Spooky Shack
UCii9ezsUa_mBiSdw0PtSOaw,http://www.youtube.com/channel/UCii9ezsUa_mBiSdw0PtSOaw,Hoog
UCiifkYAs_bq1pt_zbNAzYGg,http://www.youtube.com/channel/UCiifkYAs_bq1pt_zbNAzYGg,DC
UCij8HS0HgH1CV09yvPq_7zw,http://www.youtube.com/channel/UCij8HS0HgH1CV09yvPq_7zw,Bain Games EU
UCijXcyAxY_Q-39aXk9d-wDg,http://www.youtube.com/channel/UCijXcyAxY_Q-39aXk9d-wDg,Akira
UCikpumVCosztN-ZUthleRug,http://www.youtube.com/channel/UCikpumVCosztN-ZUthleRug,Volksgeist
UCilZGngP9NJq1QJw3fEeyUQ,http://www.youtube.com/channel/UCilZGngP9NJq1QJw3fEeyUQ,smill
UCilueddC3TJfp6xNjQW1B4g,http://www.youtube.com/channel/UCilueddC3TJfp6xNjQW1B4g,whirow
UCim0JOU5CqZG3jKhU2c_yeg,http://www.youtube.com/channel/UCim0JOU5CqZG3jKhU2c_yeg,Tom Lum
UCim5goGxOPgUUSdYYoTE4ew,http://www.youtube.com/channel/UCim5goGxOPgUUSdYYoTE4ew,Rami Games
UCimOR5IKca6KfhT-SnBv_lg,http://www.youtube.com/channel/UCimOR5IKca6KfhT-SnBv_lg,The Dusty Lumber Co
UCimXfJSXtt0w3LLtMclOzHA,http://www.youtube.com/channel/UCimXfJSXtt0w3LLtMclOzHA,Zach Ramelan
UCioDA2L4fhtmth9vusyrTDw,http://www.youtube.com/channel/UCioDA2L4fhtmth9vusyrTDw,David Moralejo - Cozy Capybara Games
UCip2tI-Ru4Kuib-EwRLAfbg,http://www.youtube.com/channel/UCip2tI-Ru4Kuib-EwRLAfbg,fastvincent1
UCipYvDkcBw8Np3H8cmmxIzw,http://www.youtube.com/channel/UCipYvDkcBw8Np3H8cmmxIzw,Pop Strikers
UCipxm_U0D6OlI3LUD_LHsnw,http://www.youtube.com/channel/UCipxm_U0D6OlI3LUD_LHsnw,minaxa
UCirbHBnMQgaal5XWAx1UVIg,http://www.youtube.com/channel/UCirbHBnMQgaal5XWAx1UVIg,Professor Plague
UCirpdr999dsaIhjaMuQ0S8g,http://www.youtube.com/channel/UCirpdr999dsaIhjaMuQ0S8g,Sir W
UCisTfcAGBLE4XG1F_x4Z1oA,http://www.youtube.com/channel/UCisTfcAGBLE4XG1F_x4Z1oA,Trilzo
UCiseHIYkrhvawaU45RexiJA,http://www.youtube.com/channel/UCiseHIYkrhvawaU45RexiJA,rubby
UCiswvrfV1na-pVXQZoOi9EA,http://www.youtube.com/channel/UCiswvrfV1na-pVXQZoOi9EA,chasm
UCisy6taOAeLfyaCqcMQDfig,http://www.youtube.com/channel/UCisy6taOAeLfyaCqcMQDfig,Max Klymenko
UCitANbmulrKsP1VHKWxALNQ,http://www.youtube.com/channel/UCitANbmulrKsP1VHKWxALNQ,Animeke Channel





